id,chassis,chassis_name,variant,variant_type,tech,tonnage,speed_factor,cockpit_height,ct_omnipod,fixed_items,hp_hd,hp_ct,hp_lt,hp_rt,hp_la,hp_ra,hp_ll,hp_rl,quirks
1,hunchback,Hunchback,hbk-4g,Standard,IS,50,16.2,12.76,,,15,32,24,24,16,16,24,24,all_range_multiplier=0.15;armorresist_ct_additive=16;armorresist_lt_additive=16;armorresist_rt_additive=40;critchance_receiving_multiplier=-0.5;internalresist_rt_additive=12;isautocannon20_range_multiplier=0.15
2,hunchback,Hunchback,hbk-4p,Standard,IS,50,16.2,12.76,,,15,32,24,24,16,16,24,24,all_range_multiplier=0.1;armorresist_ct_additive=16;armorresist_lt_additive=16;armorresist_rt_additive=28;internalresist_rt_additive=12
3,jenner,Jenner,jr7-d,Standard,IS,35,16.2,8.81,,,15,22,16,16,12,12,16,16,armorresist_ct_additive=18;armorresist_ll_additive=10;armorresist_lt_additive=10;armorresist_rl_additive=10;armorresist_rt_additive=10;internalresist_ct_additive=11;mechtopspeed_multiplier=0.05
4,jenner,Jenner,jr7-f,Standard,IS,35,16.2,8.81,,,15,22,16,16,12,12,16,16,armorresist_ct_additive=18;armorresist_ll_additive=10;armorresist_lt_additive=10;armorresist_rl_additive=10;armorresist_rt_additive=10;internalresist_ct_additive=11
5,commando,Commando,com-2d,Standard,IS,25,16.2,8.67,,,15,16,12,12,8,8,12,12,armorresist_la_additive=10;armorresist_ll_additive=12;armorresist_ra_additive=14;armorresist_rl_additive=12;internalresist_ct_additive=10;internalresist_la_additive=10;internalresist_lt_additive=12;internalresist_ra_additive=10;internalresist_rt_additive=12
6,commando,Commando,com-3a,Standard,IS,25,16.2,8.67,,,15,16,12,12,8,8,12,12,armorresist_la_additive=14;armorresist_ll_additive=12;armorresist_ra_additive=14;armorresist_rl_additive=12;internalresist_ct_additive=10;internalresist_la_additive=10;internalresist_lt_additive=12;internalresist_ra_additive=10;internalresist_rt_additive=12
7,centurion,Centurion,cn9-a,Standard,IS,50,16.2,12.84,,,15,32,24,24,16,16,24,24,armorresist_ct_additive=22;armorresist_la_additive=24;armorresist_ll_additive=18;armorresist_lt_additive=18;armorresist_ra_additive=24;armorresist_rl_additive=18;armorresist_rt_additive=18;internalresist_la_additive=16;internalresist_ra_additive=16
8,centurion,Centurion,cn9-ah,Standard,IS,50,16.2,12.84,,,15,32,24,24,16,16,24,24,armorresist_ct_additive=22;armorresist_la_additive=24;armorresist_ll_additive=18;armorresist_lt_additive=18;armorresist_ra_additive=24;armorresist_rl_additive=18;armorresist_rt_additive=18;internalresist_la_additive=16;internalresist_ra_additive=16
9,hunchback,Hunchback,hbk-4h,Standard,IS,50,16.2,12.76,,,15,32,24,24,16,16,24,24,armorresist_ct_additive=16;armorresist_lt_additive=16;armorresist_rt_additive=40;ballistic_range_multiplier=0.2;critchance_receiving_multiplier=-0.5;internalresist_rt_additive=12
10,dragon,Dragon,drg-1n,Standard,IS,60,16.2,12.92,,,15,40,28,28,20,20,28,28,armorresist_ct_additive=20;armorresist_la_additive=14;armorresist_lt_additive=20;armorresist_ra_additive=30;armorresist_rt_additive=20;internalresist_ct_additive=15;internalresist_ll_additive=18;internalresist_rl_additive=18;mechtopspeed_multiplier=0.075
11,dragon,Dragon,drg-1c,Standard,IS,60,16.2,12.92,,,15,40,28,28,20,20,28,28,armorresist_ct_additive=20;armorresist_la_additive=14;armorresist_lt_additive=20;armorresist_ra_additive=30;armorresist_rt_additive=20;internalresist_ct_additive=15;internalresist_ll_additive=18;internalresist_rl_additive=18;mechtopspeed_multiplier=0.075
12,catapult,Catapult,cplt-c1,Standard,IS,65,16.2,9.58,,,15,42,30,30,20,20,30,30,all_range_multiplier=0.1;armorresist_la_additive=15;armorresist_ra_additive=15;internalresist_all_additive=7
13,catapult,Catapult,cplt-a1,Standard,IS,65,16.2,9.58,,,15,42,30,30,20,20,30,30,armorresist_la_additive=25;armorresist_ra_additive=25;internalresist_all_additive=7
14,awesome,Awesome,aws-8q,Standard,IS,80,16.2,12.34,,,15,50,34,34,26,26,34,34,critchance_receiving_multiplier=-0.4;energy_range_multiplier=0.1;heatdissipation_multiplier=0.1;internalresist_ct_additive=25;internalresist_lt_additive=18;internalresist_rt_additive=18
15,awesome,Awesome,aws-8r,Standard,IS,80,16.2,12.34,,,15,50,34,34,26,26,34,34,critchance_receiving_multiplier=-0.4;heatdissipation_multiplier=0.1;internalresist_ct_additive=25;internalresist_lt_additive=18;internalresist_rt_additive=18
16,atlas,Atlas,as7-d,Standard,IS,100,16.2,16.67,,,15,62,42,42,34,34,42,42,armorresist_ct_additive=36;armorresist_la_additive=10;armorresist_ll_additive=21;armorresist_lt_additive=30;armorresist_ra_additive=10;armorresist_rl_additive=21;armorresist_rt_additive=30;critchance_receiving_multiplier=-0.4
17,atlas,Atlas,as7-d-dc,Standard,IS,100,16.2,16.67,,,15,62,42,42,34,34,42,42,armorresist_ct_additive=36;armorresist_la_additive=10;armorresist_ll_additive=21;armorresist_lt_additive=30;armorresist_ra_additive=10;armorresist_rl_additive=21;armorresist_rt_additive=30;critchance_receiving_multiplier=-0.4
18,atlas,Atlas,as7-rs,Standard,IS,100,16.2,16.67,,,15,62,42,42,34,34,42,42,armorresist_ct_additive=36;armorresist_la_additive=17;armorresist_ll_additive=21;armorresist_lt_additive=30;armorresist_ra_additive=17;armorresist_rl_additive=21;armorresist_rt_additive=30;critchance_receiving_multiplier=-0.4;energy_range_multiplier=0.1
19,catapult,Catapult,cplt-k2,Standard,IS,65,16.2,9.58,,,15,42,30,30,20,20,30,30,all_range_multiplier=0.1;internalresist_all_additive=7
20,jenner,Jenner,jr7-k,Standard,IS,35,16.2,8.81,,,15,22,16,16,12,12,16,16,armorresist_ct_additive=18;armorresist_ll_additive=10;armorresist_lt_additive=10;armorresist_rl_additive=10;armorresist_rt_additive=10;energy_range_multiplier=0.1;internalresist_ct_additive=11
21,hunchback,Hunchback,hbk-4j,Standard,IS,50,16.2,12.76,,,15,32,24,24,16,16,24,24,armorresist_ct_additive=16;armorresist_lt_additive=16;armorresist_rt_additive=20;internalresist_rt_additive=12
22,hunchback,Hunchback,hbk-4sp,Standard,IS,50,16.2,12.76,,,15,32,24,24,16,16,24,24,armorresist_ct_additive=16;armorresist_lt_additive=16;armorresist_rt_additive=16;critchance_receiving_multiplier=-0.3;internalresist_ct_additive=28;internalresist_la_additive=22;internalresist_ll_additive=28;internalresist_lt_additive=25;internalresist_ra_additive=22;internalresist_rl_additive=28;internalresist_rt_additive=25
23,dragon,Dragon,drg-5n,Standard,IS,60,16.2,12.92,,,15,40,28,28,20,20,28,28,armorresist_ct_additive=20;armorresist_la_additive=14;armorresist_lt_additive=20;armorresist_ra_additive=30;armorresist_rt_additive=20;ballistic_range_multiplier=0.15;internalresist_ct_additive=15;internalresist_ll_additive=18;internalresist_rl_additive=18;mechtopspeed_multiplier=0.075
24,catapult,Catapult,cplt-c4,Standard,IS,65,16.2,9.58,,,15,42,30,30,20,20,30,30,all_range_multiplier=0.2;armorresist_la_additive=15;armorresist_ra_additive=15;internalresist_all_additive=7
25,atlas,Atlas,as7-k,Standard,IS,100,16.2,16.67,,,15,62,42,42,34,34,42,42,armorresist_ct_additive=36;armorresist_la_additive=17;armorresist_ll_additive=21;armorresist_lt_additive=30;armorresist_ra_additive=17;armorresist_rl_additive=21;armorresist_rt_additive=30;critchance_receiving_multiplier=-0.4;energy_range_multiplier=0.15
26,commando,Commando,com-1b,Standard,IS,25,16.2,8.67,,,15,16,12,12,8,8,12,12,all_range_multiplier=0.1;armorresist_la_additive=14;armorresist_ll_additive=12;armorresist_ra_additive=14;armorresist_rl_additive=12;internalresist_ct_additive=10;internalresist_la_additive=10;internalresist_lt_additive=12;internalresist_ra_additive=10;internalresist_rt_additive=12
27,commando,Commando,com-1d,Standard,IS,25,16.2,8.67,,,15,16,12,12,8,8,12,12,armorresist_ll_additive=15;armorresist_ra_additive=20;armorresist_rl_additive=15;energy_range_multiplier=0.1;heatdissipation_multiplier=0.05;internalresist_ct_additive=15;internalresist_la_additive=15;internalresist_lt_additive=15;internalresist_rt_additive=15
28,centurion,Centurion,cn9-al,Standard,IS,50,16.2,12.84,,,15,32,24,24,16,16,24,24,armorresist_ct_additive=22;armorresist_la_additive=24;armorresist_ll_additive=18;armorresist_lt_additive=18;armorresist_ra_additive=24;armorresist_rl_additive=18;armorresist_rt_additive=18;internalresist_la_additive=16;internalresist_ra_additive=16
29,centurion,Centurion,cn9-d,Standard,IS,50,16.2,12.84,,,15,32,24,24,16,16,24,24,armorresist_ct_additive=22;armorresist_la_additive=24;armorresist_ll_additive=18;armorresist_lt_additive=18;armorresist_ra_additive=24;armorresist_rl_additive=18;armorresist_rt_additive=18;critchance_receiving_multiplier=-0.4;internalresist_la_additive=16;internalresist_ra_additive=16
30,awesome,Awesome,aws-8t,Standard,IS,80,16.2,12.34,,,15,50,34,34,26,26,34,34,armorresist_ct_additive=27;armorresist_la_additive=15;armorresist_lt_additive=20;armorresist_ra_additive=15;armorresist_rt_additive=20;critchance_receiving_multiplier=-0.4;energy_range_multiplier=0.1;heatdissipation_multiplier=0.1;pulselaser_range_multiplier=0.15
31,awesome,Awesome,aws-8v,Standard,IS,80,16.2,12.34,,,15,50,34,34,26,26,34,34,armorresist_ct_additive=27;armorresist_la_additive=15;armorresist_lt_additive=20;armorresist_ra_additive=15;armorresist_rt_additive=20;critchance_receiving_multiplier=-0.4;heatdissipation_multiplier=0.1
32,awesome,Awesome,aws-9m,Standard,IS,80,16.2,12.34,,,15,50,34,34,26,26,34,34,armorresist_la_additive=15;armorresist_ra_additive=15;critchance_receiving_multiplier=-0.4;energy_range_multiplier=0.1;heatdissipation_multiplier=0.1;internalresist_ct_additive=25;internalresist_lt_additive=18;internalresist_rt_additive=18
33,raven,Raven,rvn-3l,Standard,IS,35,16.2,10.32,,,15,22,16,16,12,12,16,16,internalresist_ct_additive=6;internalresist_la_additive=12;internalresist_ll_additive=8;internalresist_lt_additive=12;internalresist_ra_additive=12;internalresist_rl_additive=8;internalresist_rt_additive=12;missile_range_multiplier=0.1;tag_range_multiplier=0.4
34,raven,Raven,rvn-2x,Standard,IS,35,16.2,10.32,,,15,22,16,16,12,12,16,16,all_range_multiplier=0.1;armorresist_la_additive=12;internalresist_ct_additive=6;internalresist_la_additive=12;internalresist_ll_additive=8;internalresist_lt_additive=12;internalresist_ra_additive=12;internalresist_rl_additive=8;internalresist_rt_additive=12;ismediumlaserfamily_range_multiplier=0.2;tag_range_multiplier=0.2
35,raven,Raven,rvn-4x,Standard,IS,35,16.2,10.32,,,15,22,16,16,12,12,16,16,all_range_multiplier=0.15;armorresist_la_additive=6;armorresist_ra_additive=6;internalresist_ct_additive=6;internalresist_la_additive=12;internalresist_ll_additive=8;internalresist_lt_additive=12;internalresist_ra_additive=12;internalresist_rl_additive=8;internalresist_rt_additive=12;tag_range_multiplier=0.2
36,cicada,Cicada,cda-3m,Standard,IS,40,16.2,10.87,,,15,24,20,20,12,12,20,20,all_range_multiplier=0.1;armorresist_ct_additive=9;armorresist_lt_additive=9;armorresist_rt_additive=9;internalresist_ct_additive=12;internalresist_ll_additive=15;internalresist_lt_additive=10;internalresist_rl_additive=15;internalresist_rt_additive=10
37,cicada,Cicada,cda-2a,Standard,IS,40,16.2,10.87,,,15,24,20,20,12,12,20,20,armorresist_ct_additive=9;armorresist_lt_additive=9;armorresist_rt_additive=9;energy_range_multiplier=0.1;internalresist_ct_additive=12;internalresist_la_additive=12;internalresist_ll_additive=10;internalresist_lt_additive=10;internalresist_ra_additive=12;internalresist_rl_additive=10;internalresist_rt_additive=10
38,cicada,Cicada,cda-2b,Standard,IS,40,16.2,10.87,,,15,24,20,20,12,12,20,20,armorresist_ct_additive=9;armorresist_la_additive=10;armorresist_lt_additive=9;armorresist_ra_additive=10;armorresist_rt_additive=9;internalresist_ct_additive=12;internalresist_la_additive=12;internalresist_ll_additive=10;internalresist_lt_additive=10;internalresist_ra_additive=12;internalresist_rl_additive=10;internalresist_rt_additive=10;mechtopspeed_multiplier=0.05
39,cicada,Cicada,cda-3c,Standard,IS,40,16.2,10.87,,,15,24,20,20,12,12,20,20,all_range_multiplier=0.1;armorresist_ct_additive=9;armorresist_lt_additive=9;armorresist_rt_additive=9;internalresist_ct_additive=12;internalresist_la_additive=12;internalresist_ll_additive=10;internalresist_lt_additive=10;internalresist_ra_additive=12;internalresist_rl_additive=10;internalresist_rt_additive=10
40,cataphract,Cataphract,ctf-3d,Standard,IS,70,16.2,12.53,,,15,44,30,30,22,22,30,30,armorresist_ct_additive=22;armorresist_la_additive=11;armorresist_ll_additive=15;armorresist_lt_additive=15;armorresist_ra_additive=11;armorresist_rl_additive=15;armorresist_rt_additive=25
41,cataphract,Cataphract,ctf-1x,Standard,IS,70,16.2,12.53,,,15,44,30,30,22,22,30,30,all_range_multiplier=0.05;armorresist_ct_additive=32;armorresist_la_additive=11;armorresist_ll_additive=15;armorresist_lt_additive=25;armorresist_ra_additive=11;armorresist_rl_additive=15;armorresist_rt_additive=25;isautocannon_range_multiplier=0.25;ismediumlaserfamily_range_multiplier=0.2
42,cataphract,Cataphract,ctf-2x,Standard,IS,70,16.2,12.53,,,15,44,30,30,22,22,30,30,armorresist_ct_additive=32;armorresist_la_additive=31;armorresist_ll_additive=15;armorresist_lt_additive=25;armorresist_ra_additive=11;armorresist_rl_additive=15;armorresist_rt_additive=25
43,cataphract,Cataphract,ctf-3l,Standard,IS,70,16.2,12.53,,,15,44,30,30,22,22,30,30,armorresist_ct_additive=32;armorresist_la_additive=11;armorresist_ll_additive=15;armorresist_lt_additive=25;armorresist_ra_additive=11;armorresist_rl_additive=15;armorresist_rt_additive=25;ballistic_range_multiplier=0.1;mechtopspeed_multiplier=0.125
44,cataphract,Cataphract,ctf-4x,Standard,IS,70,16.2,12.53,,,15,44,30,30,22,22,30,30,all_range_multiplier=0.25;armorresist_ct_additive=40;armorresist_la_additive=11;armorresist_ll_additive=15;armorresist_lt_additive=32;armorresist_ra_additive=11;armorresist_rl_additive=15;armorresist_rt_additive=32
45,centurion,Centurion,cn9-ylw,Hero,IS,50,16.2,12.84,,,15,32,24,24,16,16,24,24,all_range_multiplier=0.2;armorresist_ct_additive=22;armorresist_la_additive=24;armorresist_ll_additive=18;armorresist_lt_additive=18;armorresist_ra_additive=24;armorresist_rl_additive=18;armorresist_rt_additive=18;internalresist_la_additive=16;internalresist_ra_additive=16
46,stalker,Stalker,stk-5m,Standard,IS,85,16.2,13.83,,,15,54,36,36,28,28,36,36,armorresist_ct_additive=6;armorresist_ll_additive=10;armorresist_lt_additive=18;armorresist_rl_additive=10;armorresist_rt_additive=18;missile_range_multiplier=0.1
47,stalker,Stalker,stk-3f,Standard,IS,85,16.2,13.83,,,15,54,36,36,28,28,36,36,armorresist_ct_additive=6;armorresist_ll_additive=10;armorresist_lt_additive=18;armorresist_rl_additive=10;armorresist_rt_additive=18
48,stalker,Stalker,stk-3h,Standard,IS,85,16.2,13.83,,,15,54,36,36,28,28,36,36,armorresist_ct_additive=6;armorresist_ll_additive=10;armorresist_lt_additive=18;armorresist_rl_additive=10;armorresist_rt_additive=18;energy_range_multiplier=0.1
49,stalker,Stalker,stk-4n,Standard,IS,85,16.2,13.83,,,15,54,36,36,28,28,36,36,armorresist_ct_additive=6;armorresist_ll_additive=10;armorresist_lt_additive=18;armorresist_rl_additive=10;armorresist_rt_additive=18
50,stalker,Stalker,stk-5s,Standard,IS,85,16.2,13.83,,,15,54,36,36,28,28,36,36,armorresist_ct_additive=6;armorresist_ll_additive=10;armorresist_lt_additive=18;armorresist_rl_additive=10;armorresist_rt_additive=18;energy_range_multiplier=0.1
51,spider,Spider,sdr-5v,Standard,IS,30,16.2,9.64,,,15,20,14,14,10,10,14,14,armorresist_ct_additive=10;armorresist_la_additive=10;armorresist_ll_additive=10;armorresist_lt_additive=10;armorresist_ra_additive=10;armorresist_rl_additive=10;armorresist_rt_additive=10;energy_range_multiplier=0.1
52,spider,Spider,sdr-5d,Standard,IS,30,16.2,9.64,,,15,20,14,14,10,10,14,14,armorresist_ct_additive=10;armorresist_la_additive=10;armorresist_ll_additive=10;armorresist_lt_additive=10;armorresist_ra_additive=10;armorresist_rl_additive=10;armorresist_rt_additive=10;energy_range_multiplier=0.1;heatdissipation_multiplier=0.05
53,spider,Spider,sdr-5k,Standard,IS,30,16.2,9.64,,,15,20,14,14,10,10,14,14,armorresist_ct_additive=10;armorresist_la_additive=10;armorresist_ll_additive=10;armorresist_lt_additive=10;armorresist_ra_additive=10;armorresist_rl_additive=10;armorresist_rt_additive=10
54,cataphract,Cataphract,ctf-im,Hero,IS,70,16.2,12.53,,,15,44,30,30,22,22,30,30,armorresist_ct_additive=22;armorresist_la_additive=11;armorresist_ll_additive=15;armorresist_lt_additive=20;armorresist_ra_additive=11;armorresist_rl_additive=15;armorresist_rt_additive=25;ballistic_range_multiplier=0.15;energy_range_multiplier=0.05;mechtopspeed_multiplier=0.075
55,dragon,Dragon,drg-fang,Hero,IS,60,16.2,12.92,,,15,40,28,28,20,20,28,28,armorresist_ct_additive=20;armorresist_la_additive=14;armorresist_lt_additive=20;armorresist_ra_additive=30;armorresist_rt_additive=20;internalresist_ct_additive=15;internalresist_ll_additive=18;internalresist_rl_additive=18;mechtopspeed_multiplier=0.075
56,dragon,Dragon,drg-flame,Hero,IS,60,16.2,12.92,,,15,40,28,28,20,20,28,28,armorresist_ct_additive=20;armorresist_la_additive=14;armorresist_lt_additive=20;armorresist_ra_additive=30;armorresist_rt_additive=20;ballistic_range_multiplier=0.2;internalresist_ct_additive=15;internalresist_ll_additive=18;internalresist_rl_additive=18;mechtopspeed_multiplier=0.075
57,commando,Commando,com-tdk,Hero,IS,25,16.2,8.67,,,15,16,12,12,8,8,12,12,armorresist_la_additive=24;armorresist_ll_additive=12;armorresist_ra_additive=24;armorresist_rl_additive=12;energy_range_multiplier=0.15;internalresist_ct_additive=10;internalresist_lt_additive=12;internalresist_rt_additive=12
58,awesome,Awesome,aws-pb,Hero,IS,80,16.2,12.34,,,15,50,34,34,26,26,34,34,all_range_multiplier=0.1;armorresist_ct_additive=27;armorresist_la_additive=15;armorresist_lt_additive=20;armorresist_ra_additive=15;armorresist_rt_additive=20;critchance_receiving_multiplier=-0.7;heatdissipation_multiplier=0.1;mechtopspeed_multiplier=0.075
59,trebuchet,Trebuchet,tbt-7m,Standard,IS,50,16.2,14.17,,,15,32,24,24,16,16,24,24,armorresist_ct_additive=5;internalresist_ct_additive=10;internalresist_la_additive=16;internalresist_ll_additive=12;internalresist_lt_additive=12;internalresist_ra_additive=16;internalresist_rl_additive=12;internalresist_rt_additive=12
60,trebuchet,Trebuchet,tbt-3c,Standard,IS,50,16.2,14.17,,,15,32,24,24,16,16,24,24,armorresist_ct_additive=15;internalresist_ct_additive=10;internalresist_la_additive=16;internalresist_ll_additive=12;internalresist_lt_additive=12;internalresist_ra_additive=16;internalresist_rl_additive=12;internalresist_rt_additive=12;mechtopspeed_multiplier=0.1
61,trebuchet,Trebuchet,tbt-5j,Standard,IS,50,16.2,14.17,,,15,32,24,24,16,16,24,24,armorresist_ct_additive=15;internalresist_ct_additive=10;internalresist_la_additive=22;internalresist_ll_additive=12;internalresist_lt_additive=12;internalresist_ra_additive=22;internalresist_rl_additive=12;internalresist_rt_additive=12;isstdlaser_range_multiplier=0.2
62,trebuchet,Trebuchet,tbt-5n,Standard,IS,50,16.2,14.17,,,15,32,24,24,16,16,24,24,armorresist_ct_additive=15;internalresist_ct_additive=10;internalresist_la_additive=22;internalresist_ll_additive=12;internalresist_lt_additive=12;internalresist_ra_additive=22;internalresist_rl_additive=12;internalresist_rt_additive=12;islrm_range_multiplier=0.35
63,trebuchet,Trebuchet,tbt-7k,Standard,IS,50,16.2,14.17,,,15,32,24,24,16,16,24,24,armorresist_ct_additive=15;armorresist_lt_additive=14;armorresist_rt_additive=14;internalresist_ct_additive=10;internalresist_ll_additive=18;internalresist_lt_additive=14;internalresist_rl_additive=18;internalresist_rt_additive=14
64,cicada,Cicada,cda-x5,Hero,IS,40,16.2,10.87,,,15,24,20,20,12,12,20,20,armorresist_ct_additive=9;armorresist_lt_additive=9;armorresist_rt_additive=9;internalresist_ct_additive=12;internalresist_la_additive=12;internalresist_ll_additive=10;internalresist_lt_additive=10;internalresist_ra_additive=12;internalresist_rl_additive=10;internalresist_rt_additive=10;missile_range_multiplier=0.5
65,jagermech,JagerMech,jm6-dd,Standard,IS,65,16.2,11.53,,,15,42,30,30,20,20,30,30,all_range_multiplier=0.15;armorresist_la_additive=14;armorresist_ra_additive=14;internalresist_ct_additive=11;internalresist_ll_additive=15;internalresist_lt_additive=15;internalresist_rl_additive=15;internalresist_rt_additive=15
66,jagermech,JagerMech,jm6-a,Standard,IS,65,16.2,11.53,,,15,42,30,30,20,20,30,30,all_range_multiplier=0.3;armorresist_la_additive=14;armorresist_ra_additive=14;internalresist_ct_additive=11;internalresist_ll_additive=15;internalresist_lt_additive=15;internalresist_rl_additive=15;internalresist_rt_additive=15
67,jagermech,JagerMech,jm6-s,Standard,IS,65,16.2,11.53,,,15,42,30,30,20,20,30,30,all_range_multiplier=0.15;armorresist_la_additive=14;armorresist_ra_additive=14;internalresist_ct_additive=11;internalresist_ll_additive=15;internalresist_lt_additive=15;internalresist_rl_additive=15;internalresist_rt_additive=15
69,highlander,Highlander,hgn-hm,Hero,IS,90,16.2,16.69,,,15,58,38,38,30,30,38,38,all_range_multiplier=0.1;armorresist_ct_additive=29;armorresist_la_additive=19;armorresist_ll_additive=15;armorresist_lt_additive=18;armorresist_ra_additive=19;armorresist_rl_additive=15;armorresist_rt_additive=18;internalresist_ct_additive=10;internalresist_la_additive=10;internalresist_lt_additive=10;internalresist_ra_additive=10;internalresist_rt_additive=10
70,highlander,Highlander,hgn-732,Standard,IS,90,16.2,16.69,,,15,58,38,38,30,30,38,38,all_range_multiplier=0.1;armorresist_ct_additive=29;armorresist_la_additive=19;armorresist_ll_additive=15;armorresist_lt_additive=18;armorresist_ra_additive=19;armorresist_rl_additive=15;armorresist_rt_additive=18
71,highlander,Highlander,hgn-733,Standard,IS,90,16.2,16.69,,,15,58,38,38,30,30,38,38,armorresist_ct_additive=29;armorresist_la_additive=19;armorresist_ll_additive=15;armorresist_lt_additive=18;armorresist_ra_additive=19;armorresist_rl_additive=15;armorresist_rt_additive=18
72,highlander,Highlander,hgn-733c,Standard,IS,90,16.2,16.69,,,15,58,38,38,30,30,38,38,armorresist_ct_additive=29;armorresist_la_additive=19;armorresist_ll_additive=15;armorresist_lt_additive=18;armorresist_ra_additive=19;armorresist_rl_additive=15;armorresist_rt_additive=18
73,highlander,Highlander,hgn-733p,Standard,IS,90,16.2,16.69,,,15,58,38,38,30,30,38,38,all_range_multiplier=0.1;armorresist_ct_additive=29;armorresist_la_additive=19;armorresist_ll_additive=15;armorresist_lt_additive=18;armorresist_ra_additive=19;armorresist_rl_additive=15;armorresist_rt_additive=18
74,dragon,Dragon,drg-5nc,Standard,IS,60,16.2,12.92,,,15,40,28,28,20,20,28,28,armorresist_ct_additive=20;armorresist_la_additive=14;armorresist_lt_additive=20;armorresist_ra_additive=30;armorresist_rt_additive=20;ballistic_range_multiplier=0.15;internalresist_ct_additive=15;internalresist_ll_additive=18;internalresist_rl_additive=18;mechtopspeed_multiplier=0.075
75,stalker,Stalker,stk-m,Hero,IS,85,16.2,13.83,,,15,54,36,36,28,28,36,36,armorresist_ct_additive=6;armorresist_ll_additive=10;armorresist_lt_additive=18;armorresist_rl_additive=10;armorresist_rt_additive=18;ballistic_range_multiplier=0.15;critchance_receiving_multiplier=-0.35
76,jenner,Jenner,jr7-fc,Standard,IS,35,16.2,8.81,,,15,22,16,16,12,12,16,16,armorresist_ct_additive=18;armorresist_ll_additive=10;armorresist_lt_additive=10;armorresist_rl_additive=10;armorresist_rt_additive=10;internalresist_ct_additive=11
77,blackjack,Blackjack,bj-1,Standard,IS,45,16.2,13.15,,,15,28,22,22,14,14,22,22,armorresist_ct_additive=19;armorresist_la_additive=10;armorresist_ll_additive=10;armorresist_lt_additive=16;armorresist_ra_additive=10;armorresist_rl_additive=10;armorresist_rt_additive=16
78,blackjack,Blackjack,bj-1dc,Standard,IS,45,16.2,13.15,,,15,28,22,22,14,14,22,22,all_range_multiplier=0.2;armorresist_ct_additive=19;armorresist_la_additive=10;armorresist_ll_additive=10;armorresist_lt_additive=16;armorresist_ra_additive=10;armorresist_rl_additive=10;armorresist_rt_additive=16
79,blackjack,Blackjack,bj-1x,Standard,IS,45,16.2,13.15,,,15,28,22,22,14,14,22,22,armorresist_ct_additive=19;armorresist_la_additive=10;armorresist_ll_additive=10;armorresist_lt_additive=16;armorresist_ra_additive=10;armorresist_rl_additive=10;armorresist_rt_additive=16
80,blackjack,Blackjack,bj-3,Standard,IS,45,16.2,13.15,,,15,28,22,22,14,14,22,22,armorresist_ct_additive=19;armorresist_la_additive=10;armorresist_ll_additive=10;armorresist_lt_additive=16;armorresist_ra_additive=10;armorresist_rl_additive=10;armorresist_rt_additive=16;energy_range_multiplier=0.1
81,jagermech,JagerMech,jm6-fb,Hero,IS,65,16.2,11.53,,,15,42,30,30,20,20,30,30,all_range_multiplier=0.15;armorresist_ct_additive=5;armorresist_la_additive=14;armorresist_lt_additive=5;armorresist_ra_additive=14;armorresist_rt_additive=5;internalresist_ct_additive=11;internalresist_ll_additive=15;internalresist_lt_additive=15;internalresist_rl_additive=15;internalresist_rt_additive=15
82,quickdraw,Quickdraw,qkd-4g,Standard,IS,60,16.2,13.76,,,15,40,28,28,20,20,28,28,armorresist_ct_additive=15;armorresist_la_additive=11;armorresist_ll_additive=10;armorresist_lt_additive=10;armorresist_ra_additive=11;armorresist_rl_additive=10;armorresist_rt_additive=10;energy_range_multiplier=0.1
83,quickdraw,Quickdraw,qkd-4h,Standard,IS,60,16.2,13.76,,,15,40,28,28,20,20,28,28,armorresist_ct_additive=15;armorresist_la_additive=11;armorresist_ll_additive=10;armorresist_lt_additive=10;armorresist_ra_additive=11;armorresist_rl_additive=10;armorresist_rt_additive=10
84,quickdraw,Quickdraw,qkd-5k,Standard,IS,60,16.2,13.76,,,15,40,28,28,20,20,28,28,armorresist_ct_additive=15;armorresist_la_additive=11;armorresist_ll_additive=10;armorresist_lt_additive=10;armorresist_ra_additive=11;armorresist_rl_additive=10;armorresist_rt_additive=10
85,hunchback,Hunchback,hbk-4pc,Standard,IS,50,16.2,12.76,,,15,32,24,24,16,16,24,24,all_range_multiplier=0.1;armorresist_ct_additive=16;armorresist_lt_additive=16;armorresist_rt_additive=28;internalresist_rt_additive=12
86,jenner,Jenner,jr7-ds,Hero,IS,35,16.2,8.81,,,15,22,16,16,12,12,16,16,armorresist_ct_additive=18;armorresist_ll_additive=10;armorresist_lt_additive=10;armorresist_rl_additive=10;armorresist_rt_additive=10;internalresist_ct_additive=11;mechtopspeed_multiplier=0.05
87,victor,Victor,vtr-ds,Hero,IS,80,16.2,15.40,,,15,50,34,34,26,26,34,34,all_range_multiplier=0.1;armorresist_ct_additive=23;armorresist_la_additive=16;armorresist_ll_additive=16;armorresist_lt_additive=16;armorresist_ra_additive=16;armorresist_rl_additive=16;armorresist_rt_additive=16
88,victor,Victor,vtr-9k,Standard,IS,80,16.2,15.40,,,15,50,34,34,26,26,34,34,armorresist_ct_additive=23;armorresist_la_additive=26;armorresist_ll_additive=16;armorresist_lt_additive=16;armorresist_ra_additive=26;armorresist_rl_additive=16;armorresist_rt_additive=16;pulselaser_range_multiplier=0.5
89,victor,Victor,vtr-9b,Standard,IS,80,16.2,15.40,,,15,50,34,34,26,26,34,34,armorresist_ct_additive=23;armorresist_la_additive=16;armorresist_ll_additive=16;armorresist_lt_additive=16;armorresist_ra_additive=16;armorresist_rl_additive=16;armorresist_rt_additive=16
90,victor,Victor,vtr-9s,Standard,IS,80,16.2,15.40,,,15,50,34,34,26,26,34,34,armorresist_ct_additive=23;armorresist_la_additive=16;armorresist_ll_additive=16;armorresist_lt_additive=16;armorresist_ra_additive=16;armorresist_rl_additive=16;armorresist_rt_additive=16;isautocannon20_range_multiplier=0.4
91,catapult,Catapult,cplt-a1c,Standard,IS,65,16.2,9.58,,,15,42,30,30,20,20,30,30,armorresist_la_additive=25;armorresist_ra_additive=25;internalresist_all_additive=7
92,atlas,Atlas,as7-rsc,Standard,IS,100,16.2,16.67,,,15,62,42,42,34,34,42,42,armorresist_ct_additive=36;armorresist_la_additive=17;armorresist_ll_additive=21;armorresist_lt_additive=30;armorresist_ra_additive=17;armorresist_rl_additive=21;armorresist_rt_additive=30;critchance_receiving_multiplier=-0.4;energy_range_multiplier=0.1
93,kintaro,Kintaro,kto-gb,Hero,IS,55,16.2,14.08,,,15,36,26,26,18,18,26,26,all_range_multiplier=0.15;armorresist_ct_additive=20;armorresist_la_additive=20;armorresist_ll_additive=7;armorresist_lt_additive=13;armorresist_ra_additive=20;armorresist_rl_additive=7;armorresist_rt_additive=13;mechtopspeed_multiplier=0.075
94,kintaro,Kintaro,kto-20,Standard,IS,55,16.2,14.08,,,15,36,26,26,18,18,26,26,all_range_multiplier=0.1;armorresist_ct_additive=25;armorresist_la_additive=10;armorresist_ll_additive=7;armorresist_lt_additive=13;armorresist_ra_additive=20;armorresist_rl_additive=7;armorresist_rt_additive=13;mechtopspeed_multiplier=0.075
95,kintaro,Kintaro,kto-18,Standard,IS,55,16.2,14.08,,,15,36,26,26,18,18,26,26,all_range_multiplier=0.1;armorresist_ct_additive=20;armorresist_la_additive=20;armorresist_ll_additive=7;armorresist_lt_additive=13;armorresist_ra_additive=10;armorresist_rl_additive=7;armorresist_rt_additive=13;mechtopspeed_multiplier=0.075;srm_range_multiplier=0.1
96,kintaro,Kintaro,kto-19,Standard,IS,55,16.2,14.08,,,15,36,26,26,18,18,26,26,all_range_multiplier=0.1;armorresist_ct_additive=20;armorresist_la_additive=20;armorresist_ll_additive=7;armorresist_lt_additive=13;armorresist_ra_additive=20;armorresist_rl_additive=7;armorresist_rt_additive=13;isstreaksrm_range_multiplier=0.1;mechtopspeed_multiplier=0.075
97,orion,Orion,on1-p,Hero,IS,75,16.2,14.51,,,15,46,32,32,24,24,32,32,all_range_multiplier=0.05;armorresist_ct_additive=40;armorresist_la_additive=17;armorresist_ll_additive=21;armorresist_lt_additive=33;armorresist_ra_additive=17;armorresist_rl_additive=21;armorresist_rt_additive=33;critchance_receiving_multiplier=-0.25
98,orion,Orion,on1-m,Standard,IS,75,16.2,14.51,,,15,46,32,32,24,24,32,32,armorresist_ct_additive=53;armorresist_la_additive=27;armorresist_ll_additive=31;armorresist_lt_additive=46;armorresist_ra_additive=27;armorresist_rl_additive=31;armorresist_rt_additive=46;critchance_receiving_multiplier=-0.25
99,orion,Orion,on1-k,Standard,IS,75,16.2,14.51,,,15,46,32,32,24,24,32,32,armorresist_ct_additive=53;armorresist_la_additive=27;armorresist_ll_additive=31;armorresist_lt_additive=46;armorresist_ra_additive=27;armorresist_rl_additive=31;armorresist_rt_additive=46;critchance_receiving_multiplier=-0.25
100,orion,Orion,on1-v,Standard,IS,75,16.2,14.51,,,15,46,32,32,24,24,32,32,all_range_multiplier=0.1;armorresist_ct_additive=53;armorresist_la_additive=27;armorresist_ll_additive=31;armorresist_lt_additive=46;armorresist_ra_additive=27;armorresist_rl_additive=31;armorresist_rt_additive=46;critchance_receiving_multiplier=-0.25
101,orion,Orion,on1-va,Standard,IS,75,16.2,14.51,,,15,46,32,32,24,24,32,32,all_range_multiplier=0.1;armorresist_ct_additive=53;armorresist_la_additive=27;armorresist_ll_additive=31;armorresist_lt_additive=46;armorresist_ra_additive=27;armorresist_rl_additive=31;armorresist_rt_additive=46;critchance_receiving_multiplier=-0.25
102,centurion,Centurion,cn9-ac,Standard,IS,50,16.2,12.84,,,15,32,24,24,16,16,24,24,armorresist_ct_additive=22;armorresist_la_additive=24;armorresist_ll_additive=18;armorresist_lt_additive=18;armorresist_ra_additive=24;armorresist_rl_additive=18;armorresist_rt_additive=18;internalresist_la_additive=16;internalresist_ra_additive=16
103,atlas,Atlas,as7-bh,Hero,IS,100,16.2,16.67,,,15,62,42,42,34,34,42,42,armorresist_ct_additive=36;armorresist_la_additive=10;armorresist_ll_additive=21;armorresist_lt_additive=30;armorresist_ra_additive=10;armorresist_rl_additive=21;armorresist_rt_additive=30;critchance_receiving_multiplier=-0.4;energy_range_multiplier=0.1
104,spider,Spider,sdr-5kc,Standard,IS,30,16.2,9.64,,,15,20,14,14,10,10,14,14,armorresist_ct_additive=10;armorresist_la_additive=10;armorresist_ll_additive=10;armorresist_lt_additive=10;armorresist_ra_additive=10;armorresist_rl_additive=10;armorresist_rt_additive=10
105,locust,Locust,lct-1vp,Standard,IS,20,16.2,6.98,,,15,12,10,10,6,6,8,8,all_range_multiplier=0.1;armorresist_ct_additive=11;armorresist_la_additive=11;armorresist_ll_additive=11;armorresist_lt_additive=11;armorresist_ra_additive=11;armorresist_rl_additive=11;armorresist_rt_additive=11
106,locust,Locust,lct-1v,Standard,IS,20,16.2,6.98,,,15,12,10,10,6,6,8,8,all_range_multiplier=0.1;armorresist_ct_additive=11;armorresist_la_additive=11;armorresist_ll_additive=11;armorresist_lt_additive=11;armorresist_ra_additive=11;armorresist_rl_additive=11;armorresist_rt_additive=11
107,locust,Locust,lct-3m,Standard,IS,20,16.2,6.98,,,15,12,10,10,6,6,8,8,armorresist_ct_additive=11;armorresist_la_additive=11;armorresist_ll_additive=11;armorresist_lt_additive=11;armorresist_ra_additive=11;armorresist_rl_additive=11;armorresist_rt_additive=11;heatdissipation_multiplier=0.1
108,locust,Locust,lct-3s,Standard,IS,20,16.2,6.98,,,15,12,10,10,6,6,8,8,all_range_multiplier=0.1;armorresist_ct_additive=11;armorresist_la_additive=11;armorresist_ll_additive=11;armorresist_lt_additive=11;armorresist_ra_additive=11;armorresist_rl_additive=11;armorresist_rt_additive=11
109,shadowhawk,Shadow Hawk,shd-2hp,Standard,IS,55,16.2,14.34,,,15,36,26,26,18,18,26,26,armorresist_lt_additive=12;internalresist_ct_additive=18;internalresist_la_additive=12;internalresist_ll_additive=18;internalresist_lt_additive=14;internalresist_ra_additive=12;internalresist_rl_additive=18;internalresist_rt_additive=14
110,shadowhawk,Shadow Hawk,shd-2h,Standard,IS,55,16.2,14.34,,,15,36,26,26,18,18,26,26,armorresist_lt_additive=12;internalresist_ct_additive=18;internalresist_la_additive=12;internalresist_ll_additive=18;internalresist_lt_additive=14;internalresist_ra_additive=12;internalresist_rl_additive=18;internalresist_rt_additive=14
111,shadowhawk,Shadow Hawk,shd-2d2,Standard,IS,55,16.2,14.34,,,15,36,26,26,18,18,26,26,armorresist_lt_additive=12;critchance_receiving_multiplier=-0.4;internalresist_ct_additive=18;internalresist_la_additive=12;internalresist_ll_additive=18;internalresist_lt_additive=14;internalresist_ra_additive=12;internalresist_rl_additive=18;internalresist_rt_additive=14
112,shadowhawk,Shadow Hawk,shd-5m,Standard,IS,55,16.2,14.34,,,15,36,26,26,18,18,26,26,all_range_multiplier=0.1;armorresist_lt_additive=12;internalresist_ct_additive=18;internalresist_la_additive=12;internalresist_ll_additive=18;internalresist_lt_additive=14;internalresist_ra_additive=12;internalresist_rl_additive=18;internalresist_rt_additive=14
113,thunderbolt,Thunderbolt,tdr-5sp,Standard,IS,65,16.2,12.67,,,15,42,30,30,20,20,30,30,energy_range_multiplier=0.1;internalresist_all_additive=15
114,thunderbolt,Thunderbolt,tdr-5s,Standard,IS,65,16.2,12.67,,,15,42,30,30,20,20,30,30,energy_range_multiplier=0.1;internalresist_all_additive=15
115,thunderbolt,Thunderbolt,tdr-5ss,Standard,IS,65,16.2,12.67,,,15,42,30,30,20,20,30,30,internalresist_all_additive=15;ismediumlaserfamily_range_multiplier=0.3
116,thunderbolt,Thunderbolt,tdr-9se,Standard,IS,65,16.2,12.67,,,15,42,30,30,20,20,30,30,armorresist_lt_additive=10;internalresist_all_additive=15;islargepulselaser_range_multiplier=0.15
117,battlemaster,Battlemaster,blr-1gp,Standard,IS,85,16.2,13.82,,,15,54,36,36,28,28,36,36,all_range_multiplier=0.1;armorresist_la_additive=25;armorresist_ra_additive=14;internalresist_ct_additive=18;internalresist_la_additive=14;internalresist_ll_additive=12;internalresist_lt_additive=12;internalresist_ra_additive=14;internalresist_rl_additive=12;internalresist_rt_additive=12;ismediumlaser_range_multiplier=0.1
118,battlemaster,Battlemaster,blr-1g,Standard,IS,85,16.2,13.82,,,15,54,36,36,28,28,36,36,all_range_multiplier=0.1;armorresist_la_additive=25;armorresist_ra_additive=14;internalresist_ct_additive=18;internalresist_la_additive=14;internalresist_ll_additive=12;internalresist_lt_additive=12;internalresist_ra_additive=14;internalresist_rl_additive=12;internalresist_rt_additive=12;ismediumlaser_range_multiplier=0.1
119,battlemaster,Battlemaster,blr-1d,Standard,IS,85,16.2,13.82,,,15,54,36,36,28,28,36,36,all_range_multiplier=0.05;armorresist_la_additive=25;armorresist_ra_additive=14;internalresist_ct_additive=18;internalresist_la_additive=14;internalresist_ll_additive=12;internalresist_lt_additive=12;internalresist_ra_additive=14;internalresist_rl_additive=12;internalresist_rt_additive=12
120,battlemaster,Battlemaster,blr-1s,Standard,IS,85,16.2,13.82,,,15,54,36,36,28,28,36,36,all_range_multiplier=0.1;armorresist_la_additive=25;armorresist_ra_additive=25;critchance_receiving_multiplier=-0.1;internalresist_ct_additive=18;internalresist_la_additive=14;internalresist_ll_additive=12;internalresist_lt_additive=12;internalresist_ra_additive=14;internalresist_rl_additive=12;internalresist_rt_additive=12
121,catapult,Catapult,cplt-j,Hero,IS,65,16.2,9.58,,,15,42,30,30,20,20,30,30,energy_range_multiplier=0.1;internalresist_all_additive=7
122,blackjack,Blackjack,bj-1c,Standard,IS,45,16.2,13.15,,,15,28,22,22,14,14,22,22,armorresist_ct_additive=19;armorresist_la_additive=10;armorresist_ll_additive=10;armorresist_lt_additive=16;armorresist_ra_additive=10;armorresist_rl_additive=10;armorresist_rt_additive=16
123,jenner,Jenner,jr7-o,Hero,IS,35,16.2,8.81,,,15,22,16,16,12,12,16,16,armorresist_ct_additive=10;armorresist_ll_additive=8;armorresist_lt_additive=5;armorresist_rl_additive=8;armorresist_rt_additive=5;internalresist_ct_additive=11;internalresist_la_additive=12;internalresist_ll_additive=16;internalresist_lt_additive=8;internalresist_ra_additive=12;internalresist_rl_additive=16;internalresist_rt_additive=8;missile_range_multiplier=0.4
124,highlander,Highlander,hgn-733cc,Standard,IS,90,16.2,16.69,,,15,58,38,38,30,30,38,38,armorresist_ct_additive=29;armorresist_la_additive=19;armorresist_ll_additive=15;armorresist_lt_additive=18;armorresist_ra_additive=19;armorresist_rl_additive=15;armorresist_rt_additive=18
125,griffin,Griffin,grf-1np,Standard,IS,55,16.2,13.88,,,15,36,26,26,18,18,26,26,all_range_multiplier=0.1;armorresist_ct_additive=10;armorresist_la_additive=20;armorresist_ra_additive=20;armorresist_rt_additive=30;internalresist_ct_additive=15;internalresist_la_additive=15;internalresist_ll_additive=15;internalresist_lt_additive=15;internalresist_ra_additive=15;internalresist_rl_additive=15;internalresist_rt_additive=15
126,griffin,Griffin,grf-1n,Standard,IS,55,16.2,13.88,,,15,36,26,26,18,18,26,26,all_range_multiplier=0.1;armorresist_ct_additive=10;armorresist_la_additive=20;armorresist_ra_additive=20;armorresist_rt_additive=30;internalresist_ct_additive=15;internalresist_la_additive=15;internalresist_ll_additive=15;internalresist_lt_additive=15;internalresist_ra_additive=15;internalresist_rl_additive=15;internalresist_rt_additive=15
127,griffin,Griffin,grf-1s,Standard,IS,55,16.2,13.88,,,15,36,26,26,18,18,26,26,all_range_multiplier=0.1;armorresist_ct_additive=10;armorresist_la_additive=20;armorresist_lt_additive=20;armorresist_ra_additive=20;internalresist_ct_additive=15;internalresist_la_additive=15;internalresist_ll_additive=15;internalresist_lt_additive=15;internalresist_ra_additive=15;internalresist_rl_additive=15;internalresist_rt_additive=15
128,griffin,Griffin,grf-3m,Standard,IS,55,16.2,13.88,,,15,36,26,26,18,18,26,26,armorresist_ct_additive=10;armorresist_la_additive=20;armorresist_ra_additive=20;armorresist_rt_additive=30;internalresist_ct_additive=15;internalresist_la_additive=15;internalresist_ll_additive=15;internalresist_lt_additive=15;internalresist_ra_additive=15;internalresist_rl_additive=15;internalresist_rt_additive=15
129,wolverine,Wolverine,wvr-6rp,Standard,IS,55,16.2,13.36,,,15,36,26,26,18,18,26,26,armorresist_ra_additive=15;internalresist_ct_additive=15;internalresist_ra_additive=18
130,wolverine,Wolverine,wvr-6r,Standard,IS,55,16.2,13.36,,,15,36,26,26,18,18,26,26,armorresist_ra_additive=15;internalresist_ct_additive=15;internalresist_ra_additive=18
131,wolverine,Wolverine,wvr-6k,Standard,IS,55,16.2,13.36,,,15,36,26,26,18,18,26,26,armorresist_ra_additive=25;energy_range_multiplier=0.1;internalresist_ct_additive=15;internalresist_ra_additive=18
132,wolverine,Wolverine,wvr-7k,Standard,IS,55,16.2,13.36,,,15,36,26,26,18,18,26,26,all_range_multiplier=0.15;internalresist_ct_additive=15;internalresist_ra_additive=18;mrm_range_multiplier=0.5;srm_range_multiplier=0.5
133,hunchback,Hunchback,hbk-gi,Hero,IS,50,16.2,12.76,,,15,32,24,24,16,16,24,24,armorresist_ct_additive=16;armorresist_lt_additive=16;armorresist_rt_additive=40;critchance_receiving_multiplier=-0.5;energy_range_multiplier=0.1;internalresist_la_additive=4;internalresist_lt_additive=6;internalresist_ra_additive=4;internalresist_rt_additive=12
134,cicada,Cicada,cda-2ac,Standard,IS,40,16.2,10.87,,,15,24,20,20,12,12,20,20,armorresist_ct_additive=9;armorresist_lt_additive=9;armorresist_rt_additive=9;energy_range_multiplier=0.1;internalresist_ct_additive=12;internalresist_la_additive=12;internalresist_ll_additive=10;internalresist_lt_additive=10;internalresist_ra_additive=12;internalresist_rl_additive=10;internalresist_rt_additive=10
135,hunchback,Hunchback,hbk-gi2,Hero,IS,50,16.2,12.76,,,15,32,24,24,16,16,24,24,armorresist_ct_additive=16;armorresist_lt_additive=16;armorresist_rt_additive=40;critchance_receiving_multiplier=-0.5;energy_range_multiplier=0.1;internalresist_la_additive=4;internalresist_lt_additive=6;internalresist_ra_additive=4;internalresist_rt_additive=12
136,stalker,Stalker,stk-3fc,Standard,IS,85,16.2,13.83,,,15,54,36,36,28,28,36,36,armorresist_ct_additive=6;armorresist_ll_additive=10;armorresist_lt_additive=18;armorresist_rl_additive=10;armorresist_rt_additive=18
137,firestarter,Firestarter,fs9-e,Hero,IS,35,16.2,11.55,,,15,22,16,16,12,12,16,16,all_range_multiplier=0.15;internalresist_ct_additive=11;internalresist_la_additive=12;internalresist_ll_additive=16;internalresist_lt_additive=8;internalresist_ra_additive=12;internalresist_rl_additive=16;internalresist_rt_additive=8;isflamer_range_multiplier=0.15
138,firestarter,Firestarter,fs9-s,Standard,IS,35,16.2,11.55,,,15,22,16,16,12,12,16,16,all_range_multiplier=0.1;internalresist_ct_additive=11;internalresist_la_additive=12;internalresist_ll_additive=16;internalresist_lt_additive=8;internalresist_ra_additive=12;internalresist_rl_additive=16;internalresist_rt_additive=8;isflamer_range_multiplier=0.15
139,firestarter,Firestarter,fs9-a,Standard,IS,35,16.2,11.55,,,15,22,16,16,12,12,16,16,all_range_multiplier=0.1;internalresist_ct_additive=11;internalresist_la_additive=12;internalresist_ll_additive=16;internalresist_lt_additive=8;internalresist_ra_additive=12;internalresist_rl_additive=16;internalresist_rt_additive=8;isflamer_range_multiplier=0.25
140,firestarter,Firestarter,fs9-h,Standard,IS,35,16.2,11.55,,,15,22,16,16,12,12,16,16,ballistic_range_multiplier=0.15;critchance_receiving_multiplier=-1;internalresist_ct_additive=11;internalresist_la_additive=12;internalresist_ll_additive=16;internalresist_lt_additive=8;internalresist_ra_additive=12;internalresist_rl_additive=16;internalresist_rt_additive=8;isflamer_range_multiplier=0.15;isheavygaussrifle_range_multiplier=0.35
141,firestarter,Firestarter,fs9-k,Standard,IS,35,16.2,11.55,,,15,22,16,16,12,12,16,16,internalresist_ct_additive=11;internalresist_la_additive=12;internalresist_ll_additive=16;internalresist_lt_additive=8;internalresist_ra_additive=12;internalresist_rl_additive=16;internalresist_rt_additive=8;isflamer_range_multiplier=0.15;issmalllaser_range_multiplier=0.2;issmallpulselaser_range_multiplier=0.2
142,cataphract,Cataphract,ctf-3dc,Standard,IS,70,16.2,12.53,,,15,44,30,30,22,22,30,30,armorresist_ct_additive=22;armorresist_la_additive=11;armorresist_ll_additive=15;armorresist_lt_additive=15;armorresist_ra_additive=11;armorresist_rl_additive=15;armorresist_rt_additive=25
143,banshee,Banshee,bnc-lm,Hero,IS,95,16.2,16.32,,,15,60,40,40,32,32,40,40,all_range_multiplier=0.25;armorresist_ct_additive=25;armorresist_la_additive=10;armorresist_lt_additive=16;armorresist_ra_additive=10;armorresist_rt_additive=16
144,banshee,Banshee,bnc-3e,Standard,IS,95,16.2,16.32,,,15,60,40,40,32,32,40,40,armorresist_ct_additive=25;armorresist_la_additive=10;armorresist_lt_additive=16;armorresist_ra_additive=10;armorresist_rt_additive=16
145,banshee,Banshee,bnc-3m,Standard,IS,95,16.2,16.32,,,15,60,40,40,32,32,40,40,armorresist_ct_additive=25;armorresist_la_additive=10;armorresist_lt_additive=16;armorresist_ra_additive=10;armorresist_rt_additive=16;energy_range_multiplier=0.1
146,banshee,Banshee,bnc-3s,Standard,IS,95,16.2,16.32,,,15,60,40,40,32,32,40,40,armorresist_ct_additive=25;armorresist_la_additive=10;armorresist_lt_additive=16;armorresist_ra_additive=10;armorresist_rt_additive=16;ismediumlaser_range_multiplier=0.1
147,victor,Victor,vtr-9sc,Standard,IS,80,16.2,15.40,,,15,50,34,34,26,26,34,34,armorresist_ct_additive=23;armorresist_la_additive=16;armorresist_ll_additive=16;armorresist_lt_additive=16;armorresist_ra_additive=16;armorresist_rl_additive=16;armorresist_rt_additive=16;isautocannon20_range_multiplier=0.4
148,raven,Raven,rvn-h,Hero,IS,35,16.2,10.32,,,15,22,16,16,12,12,16,16,all_range_multiplier=0.2;internalresist_ct_additive=10;internalresist_la_additive=16;internalresist_ll_additive=12;internalresist_lt_additive=18;internalresist_ra_additive=16;internalresist_rl_additive=12;internalresist_rt_additive=18
149,battlemaster,Battlemaster,blr-3m,Standard,IS,85,16.2,13.82,,,15,54,36,36,28,28,36,36,armorresist_la_additive=25;armorresist_ra_additive=14;internalresist_ct_additive=18;internalresist_la_additive=14;internalresist_ll_additive=12;internalresist_lt_additive=12;internalresist_ra_additive=14;internalresist_rl_additive=12;internalresist_rt_additive=12;mechtopspeed_multiplier=0.075
150,battlemaster,Battlemaster,blr-3s,Standard,IS,85,16.2,13.82,,,15,54,36,36,28,28,36,36,armorresist_la_additive=14;armorresist_ra_additive=25;internalresist_ct_additive=18;internalresist_la_additive=14;internalresist_ll_additive=12;internalresist_lt_additive=12;internalresist_ra_additive=14;internalresist_rl_additive=12;internalresist_rt_additive=12
151,locust,Locust,lct-1e,Standard,IS,20,16.2,6.98,,,15,12,10,10,6,6,8,8,all_range_multiplier=0.1;armorresist_ct_additive=11;armorresist_la_additive=11;armorresist_ll_additive=11;armorresist_lt_additive=11;armorresist_ra_additive=11;armorresist_rl_additive=11;armorresist_rt_additive=11
152,locust,Locust,lct-1m,Standard,IS,20,16.2,6.98,,,15,12,10,10,6,6,8,8,all_range_multiplier=0.1;armorresist_la_additive=11;armorresist_ll_additive=11;armorresist_ra_additive=11;armorresist_rl_additive=11;internalresist_ct_additive=11;internalresist_lt_additive=11;internalresist_rt_additive=11;tag_range_multiplier=0.25
153,shadowhawk,Shadow Hawk,shd-2d,Standard,IS,55,16.2,14.34,,,15,36,26,26,18,18,26,26,all_range_multiplier=0.1;armorresist_lt_additive=12;critchance_receiving_multiplier=-0.4;internalresist_ct_additive=18;internalresist_la_additive=12;internalresist_ll_additive=18;internalresist_lt_additive=14;internalresist_ra_additive=12;internalresist_rl_additive=18;internalresist_rt_additive=14
154,shadowhawk,Shadow Hawk,shd-2k,Standard,IS,55,16.2,14.34,,,15,36,26,26,18,18,26,26,armorresist_lt_additive=12;internalresist_ct_additive=18;internalresist_la_additive=12;internalresist_ll_additive=18;internalresist_lt_additive=14;internalresist_ra_additive=12;internalresist_rl_additive=18;internalresist_rt_additive=14
155,thunderbolt,Thunderbolt,tdr-9s,Standard,IS,65,16.2,12.67,,,15,42,30,30,20,20,30,30,internalresist_all_additive=15
156,orion,Orion,on1-kc,Standard,IS,75,16.2,14.51,,,15,46,32,32,24,24,32,32,armorresist_ct_additive=53;armorresist_la_additive=27;armorresist_ll_additive=31;armorresist_lt_additive=46;armorresist_ra_additive=27;armorresist_rl_additive=31;armorresist_rt_additive=46;critchance_receiving_multiplier=-0.25
157,trebuchet,Trebuchet,tbt-lg,Hero,IS,50,16.2,14.17,,,15,32,24,24,16,16,24,24,all_range_multiplier=0.25;armorresist_ct_additive=15;armorresist_la_additive=12;armorresist_ra_additive=12;internalresist_ct_additive=10;internalresist_la_additive=8;internalresist_ll_additive=12;internalresist_lt_additive=12;internalresist_ra_additive=8;internalresist_rl_additive=12;internalresist_rt_additive=12
158,quickdraw,Quickdraw,qkd-iv4,Hero,IS,60,16.2,13.76,,,15,40,28,28,20,20,28,28,armorresist_ct_additive=15;armorresist_la_additive=11;armorresist_ll_additive=10;armorresist_lt_additive=10;armorresist_ra_additive=11;armorresist_rl_additive=10;armorresist_rt_additive=10;energy_range_multiplier=0.1
159,blackjack,Blackjack,bj-a,Hero,IS,45,16.2,13.15,,,15,28,22,22,14,14,22,22,all_range_multiplier=0.1;armorresist_ct_additive=19;armorresist_la_additive=10;armorresist_ll_additive=10;armorresist_lt_additive=16;armorresist_ra_additive=10;armorresist_rl_additive=10;armorresist_rt_additive=16;ismachinegun_range_multiplier=0.3
160,firestarter,Firestarter,fs9-sc,Standard,IS,35,16.2,11.55,,,15,22,16,16,12,12,16,16,all_range_multiplier=0.1;internalresist_ct_additive=11;internalresist_la_additive=12;internalresist_ll_additive=16;internalresist_lt_additive=8;internalresist_ra_additive=12;internalresist_rl_additive=16;internalresist_rt_additive=8;isflamer_range_multiplier=0.15
161,shadowhawk,Shadow Hawk,shd-2hc,Standard,IS,55,16.2,14.34,,,15,36,26,26,18,18,26,26,armorresist_lt_additive=12;internalresist_ct_additive=18;internalresist_la_additive=12;internalresist_ll_additive=18;internalresist_lt_additive=14;internalresist_ra_additive=12;internalresist_rl_additive=18;internalresist_rt_additive=14
162,timberwolf,Timber Wolf,tbr-primei,Standard,CLAN,75,16.2,12.29,30003,3473;3004;3004;3004;3004;3004,15,46,32,32,24,24,32,32,
163,timberwolf,Timber Wolf,tbr-prime,Standard,CLAN,75,16.2,12.29,30003,3473;3004;3004;3004;3004;3004,15,46,32,32,24,24,32,32,
164,timberwolf,Timber Wolf,tbr-c,Standard,CLAN,75,16.2,12.29,30011,3473;3004;3004;3004;3004;3004,15,46,32,32,24,24,32,32,
165,timberwolf,Timber Wolf,tbr-s,Standard,CLAN,75,16.2,12.29,30019,3473;3004;3004;3004;3004;3004,15,46,32,32,24,24,32,32,
166,adder,Adder,adr-primei,Standard,CLAN,35,16.2,9.46,30027,3440;3004;3004,15,22,16,16,12,12,16,16,
167,adder,Adder,adr-prime,Standard,CLAN,35,16.2,9.46,30027,3440;3004;3004,15,22,16,16,12,12,16,16,
168,adder,Adder,adr-a,Standard,CLAN,35,16.2,9.46,30035,3440;3004;3004,15,22,16,16,12,12,16,16,
169,adder,Adder,adr-d,Standard,CLAN,35,16.2,9.46,30043,3440;3004;3004,15,22,16,16,12,12,16,16,
170,direwolf,Dire Wolf,dwf-primei,Standard,CLAN,100,16.2,13.42,30051,3458;3004;3004;3004;3004;3004,15,62,42,42,34,34,42,42,
171,direwolf,Dire Wolf,dwf-prime,Standard,CLAN,100,16.2,13.42,30051,3458;3004;3004;3004;3004;3004,15,62,42,42,34,34,42,42,
172,direwolf,Dire Wolf,dwf-a,Standard,CLAN,100,16.2,13.42,30059,3458;3004;3004;3004;3004;3004,15,62,42,42,34,34,42,42,
173,direwolf,Dire Wolf,dwf-b,Standard,CLAN,100,16.2,13.42,30067,3458;3004;3004;3004;3004;3004,15,62,42,42,34,34,42,42,
174,kitfox,Kit Fox,kfx-primei,Standard,CLAN,30,16.2,9.36,30075,3434;3004;3004;3004,15,20,14,14,10,10,14,14,
175,kitfox,Kit Fox,kfx-prime,Standard,CLAN,30,16.2,9.36,30075,3434;3004;3004;3004,15,20,14,14,10,10,14,14,
176,kitfox,Kit Fox,kfx-d,Standard,CLAN,30,16.2,9.36,30083,3434;3004;3004;3004,15,20,14,14,10,10,14,14,
177,kitfox,Kit Fox,kfx-s,Standard,CLAN,30,16.2,9.36,30091,3434;3004;3004;3004,15,20,14,14,10,10,14,14,
178,nova,Nova,nva-primei,Standard,CLAN,50,16.2,10.13,30099,3448;1503;1503;1503;1503;1503;3004;3004;3004;3004,15,32,24,24,16,16,24,24,
179,nova,Nova,nva-prime,Standard,CLAN,50,16.2,10.13,30099,3448;1503;1503;1503;1503;1503;3004;3004;3004;3004,15,32,24,24,16,16,24,24,
180,nova,Nova,nva-b,Standard,CLAN,50,16.2,10.13,30107,3448;1503;1503;1503;1503;1503;3004;3004;3004;3004,15,32,24,24,16,16,24,24,
181,nova,Nova,nva-s,Standard,CLAN,50,16.2,10.13,30115,3448;1503;1503;1503;1503;1503;3004;3004;3004;3004,15,32,24,24,16,16,24,24,
182,stormcrow,Stormcrow,scr-primei,Standard,CLAN,55,16.2,11.97,30123,3464,15,36,26,26,18,18,26,26,
183,stormcrow,Stormcrow,scr-prime,Standard,CLAN,55,16.2,11.97,30123,3464,15,36,26,26,18,18,26,26,
184,stormcrow,Stormcrow,scr-c,Standard,CLAN,55,16.2,11.97,30131,3464,15,36,26,26,18,18,26,26,
185,stormcrow,Stormcrow,scr-d,Standard,CLAN,55,16.2,11.97,30139,3464,15,36,26,26,18,18,26,26,
186,summoner,Summoner,smn-primei,Standard,CLAN,70,16.2,14.54,30147,3468;1502;3004;3004;3004;3004;1502;1502;1502;1502,15,44,30,30,22,22,30,30,internalresist_all_additive=10
187,summoner,Summoner,smn-prime,Standard,CLAN,70,16.2,14.54,30147,3468;1502;3004;3004;3004;3004;1502;1502;1502;1502,15,44,30,30,22,22,30,30,internalresist_all_additive=10
188,summoner,Summoner,smn-b,Standard,CLAN,70,16.2,14.54,30155,3468;1502;3004;3004;3004;3004;1502;1502;1502;1502,15,44,30,30,22,22,30,30,internalresist_all_additive=10
189,summoner,Summoner,smn-d,Standard,CLAN,70,16.2,14.54,30163,3468;1502;3004;3004;3004;3004;1502;1502;1502;1502,15,44,30,30,22,22,30,30,internalresist_all_additive=10
190,warhawk,Warhawk,whk-primei,Standard,CLAN,85,16.2,12.79,30171,3466;3004;3004;3004;3004;3004;3004;3004;3004;3004;3004,15,54,36,36,28,28,36,36,
191,warhawk,Warhawk,whk-prime,Standard,CLAN,85,16.2,12.79,30171,3466;3004;3004;3004;3004;3004;3004;3004;3004;3004;3004,15,54,36,36,28,28,36,36,
192,warhawk,Warhawk,whk-a,Standard,CLAN,85,16.2,12.79,30179,3466;3004;3004;3004;3004;3004;3004;3004;3004;3004;3004,15,54,36,36,28,28,36,36,
193,warhawk,Warhawk,whk-b,Standard,CLAN,85,16.2,12.79,30187,3466;3004;3004;3004;3004;3004;3004;3004;3004;3004;3004,15,54,36,36,28,28,36,36,
194,timberwolf,Timber Wolf,tbr-primeg,Standard,CLAN,75,16.2,12.29,30003,3473;3004;3004;3004;3004;3004,15,46,32,32,24,24,32,32,
195,adder,Adder,adr-primeg,Standard,CLAN,35,16.2,9.46,30027,3440;3004;3004,15,22,16,16,12,12,16,16,
196,direwolf,Dire Wolf,dwf-primeg,Standard,CLAN,100,16.2,13.42,30051,3458;3004;3004;3004;3004;3004,15,62,42,42,34,34,42,42,
197,kitfox,Kit Fox,kfx-primeg,Standard,CLAN,30,16.2,9.36,30075,3434;3004;3004;3004,15,20,14,14,10,10,14,14,
198,nova,Nova,nva-primeg,Standard,CLAN,50,16.2,10.13,30099,3448;1503;1503;1503;1503;1503;3004;3004;3004;3004,15,32,24,24,16,16,24,24,
199,stormcrow,Stormcrow,scr-primeg,Standard,CLAN,55,16.2,11.97,30123,3464,15,36,26,26,18,18,26,26,
200,summoner,Summoner,smn-primeg,Standard,CLAN,70,16.2,14.54,30147,3468;1502;3004;3004;3004;3004;1502;1502;1502;1502,15,44,30,30,22,22,30,30,internalresist_all_additive=10
201,warhawk,Warhawk,whk-primeg,Standard,CLAN,85,16.2,12.79,30171,3466;3004;3004;3004;3004;3004;3004;3004;3004;3004;3004,15,54,36,36,28,28,36,36,
202,kintaro,Kintaro,kto-18c,Standard,IS,55,16.2,14.08,,,15,36,26,26,18,18,26,26,all_range_multiplier=0.1;armorresist_ct_additive=20;armorresist_la_additive=20;armorresist_ll_additive=7;armorresist_lt_additive=13;armorresist_ra_additive=10;armorresist_rl_additive=7;armorresist_rt_additive=13;mechtopspeed_multiplier=0.075;srm_range_multiplier=0.1
203,spider,Spider,sdr-a,Hero,IS,30,16.2,9.64,,,15,20,14,14,10,10,14,14,all_range_multiplier=0.2;armorresist_ct_additive=10;armorresist_la_additive=10;armorresist_ll_additive=10;armorresist_lt_additive=10;armorresist_ra_additive=10;armorresist_rl_additive=10;armorresist_rt_additive=10
204,battlemaster,Battlemaster,blr-1ghe,Hero,IS,85,16.2,13.82,,,15,54,36,36,28,28,36,36,armorresist_la_additive=14;armorresist_ra_additive=14;internalresist_ct_additive=18;internalresist_la_additive=14;internalresist_ll_additive=12;internalresist_lt_additive=12;internalresist_ra_additive=14;internalresist_rl_additive=12;internalresist_rt_additive=12
205,vindicator,Vindicator,vnd-1sib,Hero,IS,45,16.2,13.36,,,15,28,22,22,14,14,22,22,all_range_multiplier=0.1;armorresist_ct_additive=20;armorresist_la_additive=24;armorresist_ll_additive=17;armorresist_lt_additive=18;armorresist_ra_additive=24;armorresist_rl_additive=17;armorresist_rt_additive=18
206,vindicator,Vindicator,vnd-1r,Standard,IS,45,16.2,13.36,,,15,28,22,22,14,14,22,22,all_range_multiplier=0.1;armorresist_ct_additive=20;armorresist_la_additive=24;armorresist_ll_additive=17;armorresist_lt_additive=18;armorresist_ra_additive=24;armorresist_rl_additive=17;armorresist_rt_additive=18;heatdissipation_multiplier=0.05
207,vindicator,Vindicator,vnd-1aa,Standard,IS,45,16.2,13.36,,,15,28,22,22,14,14,22,22,armorresist_ct_additive=20;armorresist_la_additive=24;armorresist_ll_additive=17;armorresist_lt_additive=18;armorresist_ra_additive=24;armorresist_rl_additive=17;armorresist_rt_additive=18
208,vindicator,Vindicator,vnd-1x,Standard,IS,45,16.2,13.36,,,15,28,22,22,14,14,22,22,all_range_multiplier=0.15;armorresist_ct_additive=20;armorresist_la_additive=24;armorresist_ll_additive=17;armorresist_lt_additive=18;armorresist_ra_additive=24;armorresist_rl_additive=17;armorresist_rt_additive=18;heatdissipation_multiplier=0.05
209,quickdraw,Quickdraw,qkd-4gc,Standard,IS,60,16.2,13.76,,,15,40,28,28,20,20,28,28,armorresist_ct_additive=15;armorresist_la_additive=11;armorresist_ll_additive=10;armorresist_lt_additive=10;armorresist_ra_additive=11;armorresist_rl_additive=10;armorresist_rt_additive=10;energy_range_multiplier=0.1
210,griffin,Griffin,grf-1e,Hero,IS,55,16.2,13.88,,,15,36,26,26,18,18,26,26,all_range_multiplier=0.1;armorresist_ct_additive=10;armorresist_la_additive=20;armorresist_ra_additive=20;internalresist_ct_additive=15;internalresist_la_additive=15;internalresist_ll_additive=15;internalresist_lt_additive=15;internalresist_ra_additive=15;internalresist_rl_additive=15;internalresist_rt_additive=15
211,maddog,Mad Dog,mdd-primei,Standard,CLAN,60,16.2,14.34,30197,3458;3004;3004,15,40,28,28,20,20,28,28,
212,maddog,Mad Dog,mdd-prime,Standard,CLAN,60,16.2,14.34,30197,3458;3004;3004,15,40,28,28,20,20,28,28,
213,maddog,Mad Dog,mdd-a,Standard,CLAN,60,16.2,14.34,30205,3458;3004;3004,15,40,28,28,20,20,28,28,
214,maddog,Mad Dog,mdd-b,Standard,CLAN,60,16.2,14.34,30213,3458;3004;3004,15,40,28,28,20,20,28,28,
215,trebuchet,Trebuchet,tbt-7mc,Standard,IS,50,16.2,14.17,,,15,32,24,24,16,16,24,24,armorresist_ct_additive=5;internalresist_ct_additive=10;internalresist_la_additive=16;internalresist_ll_additive=12;internalresist_lt_additive=12;internalresist_ra_additive=16;internalresist_rl_additive=12;internalresist_rt_additive=12
216,atlas,Atlas,as7-s,Standard,IS,100,16.2,16.67,,,15,62,42,42,34,34,42,42,armorresist_ct_additive=36;armorresist_la_additive=10;armorresist_ll_additive=21;armorresist_lt_additive=30;armorresist_ra_additive=10;armorresist_rl_additive=21;armorresist_rt_additive=30;critchance_receiving_multiplier=-0.4
217,thunderbolt,Thunderbolt,tdr-9sec,Standard,IS,65,16.2,12.67,,,15,42,30,30,20,20,30,30,armorresist_lt_additive=10;internalresist_all_additive=15;islargepulselaser_range_multiplier=0.15
218,iceferret,Ice Ferret,ifr-primei,Standard,CLAN,45,16.2,12.62,30221,3470;3004;3004,15,28,22,22,14,14,22,22,
219,iceferret,Ice Ferret,ifr-prime,Standard,CLAN,45,16.2,12.62,30221,3470;3004;3004,15,28,22,22,14,14,22,22,
220,iceferret,Ice Ferret,ifr-a,Standard,CLAN,45,16.2,12.62,30229,3470;3004;3004,15,28,22,22,14,14,22,22,
221,iceferret,Ice Ferret,ifr-c,Standard,CLAN,45,16.2,12.62,30237,3470;3004;3004,15,28,22,22,14,14,22,22,
222,locust,Locust,lct-pb,Hero,IS,20,16.2,6.98,,,15,12,10,10,6,6,8,8,armorresist_ct_additive=11;armorresist_la_additive=11;armorresist_ll_additive=11;armorresist_lt_additive=11;armorresist_ra_additive=11;armorresist_rl_additive=11;armorresist_rt_additive=11;heatdissipation_multiplier=0.1
223,shadowhawk,Shadow Hawk,shd-gd,Hero,IS,55,16.2,14.34,,,15,36,26,26,18,18,26,26,armorresist_lt_additive=12;energy_range_multiplier=0.1;internalresist_ct_additive=18;internalresist_la_additive=12;internalresist_ll_additive=18;internalresist_lt_additive=14;internalresist_ra_additive=12;internalresist_rl_additive=18;internalresist_rt_additive=14
224,mistlynx,Mist Lynx,mlx-primei,Standard,CLAN,25,16.2,7.53,30245,3433;3004;3004;1504;1504;1504;3004;1504;1504;1504,15,16,12,12,8,8,12,12,
225,mistlynx,Mist Lynx,mlx-prime,Standard,CLAN,25,16.2,7.53,30245,3433;3004;3004;1504;1504;1504;3004;1504;1504;1504,15,16,12,12,8,8,12,12,
226,mistlynx,Mist Lynx,mlx-b,Standard,CLAN,25,16.2,7.53,30253,3433;3004;3004;1504;1504;1504;3004;1504;1504;1504,15,16,12,12,8,8,12,12,
227,mistlynx,Mist Lynx,mlx-c,Standard,CLAN,25,16.2,7.53,30261,3433;3004;3004;1504;1504;1504;3004;1504;1504;1504,15,16,12,12,8,8,12,12,
228,raven,Raven,rvn-3lc,Standard,IS,35,16.2,10.32,,,15,22,16,16,12,12,16,16,internalresist_ct_additive=6;internalresist_la_additive=12;internalresist_ll_additive=8;internalresist_lt_additive=12;internalresist_ra_additive=12;internalresist_rl_additive=8;internalresist_rt_additive=12;missile_range_multiplier=0.1;tag_range_multiplier=0.4
229,hellbringer,Hellbringer,hbr-primei,Standard,CLAN,65,16.2,13.65,30269,3463;3004;3004;3004,15,42,30,30,20,20,30,30,
230,hellbringer,Hellbringer,hbr-prime,Standard,CLAN,65,16.2,13.65,30269,3463;3004;3004;3004,15,42,30,30,20,20,30,30,
231,hellbringer,Hellbringer,hbr-a,Standard,CLAN,65,16.2,13.65,30277,3463;3004;3004;3004,15,42,30,30,20,20,30,30,
232,hellbringer,Hellbringer,hbr-b,Standard,CLAN,65,16.2,13.65,30285,3463;3004;3004;3004,15,42,30,30,20,20,30,30,
233,gargoyle,Gargoyle,gar-primei,Standard,CLAN,80,16.2,15.59,30293,3478;3004;3004;3004;3004;3004;3004,15,50,34,34,26,26,34,34,
234,gargoyle,Gargoyle,gar-prime,Standard,CLAN,80,16.2,15.59,30293,3478;3004;3004;3004;3004;3004;3004,15,50,34,34,26,26,34,34,
235,gargoyle,Gargoyle,gar-a,Standard,CLAN,80,16.2,15.59,30301,3478;3004;3004;3004;3004;3004;3004,15,50,34,34,26,26,34,34,
236,gargoyle,Gargoyle,gar-d,Standard,CLAN,80,16.2,15.59,30309,3478;3004;3004;3004;3004;3004;3004,15,50,34,34,26,26,34,34,
237,kingcrab,King Crab,kgc-000l,Standard,IS,100,16.2,12.17,,,15,62,42,42,34,34,42,42,armorresist_ct_additive=30;armorresist_la_additive=15;armorresist_ll_additive=15;armorresist_lt_additive=20;armorresist_ra_additive=15;armorresist_rl_additive=15;armorresist_rt_additive=20;missile_range_multiplier=0.1
238,kingcrab,King Crab,kgc-000,Standard,IS,100,16.2,12.17,,,15,62,42,42,34,34,42,42,armorresist_ct_additive=30;armorresist_la_additive=15;armorresist_ll_additive=15;armorresist_lt_additive=20;armorresist_ra_additive=15;armorresist_rl_additive=15;armorresist_rt_additive=20;missile_range_multiplier=0.1
239,kingcrab,King Crab,kgc-0000,Standard,IS,100,16.2,12.17,,,15,62,42,42,34,34,42,42,armorresist_ct_additive=30;armorresist_la_additive=15;armorresist_ll_additive=15;armorresist_lt_additive=20;armorresist_ra_additive=15;armorresist_rl_additive=15;armorresist_rt_additive=20
240,kingcrab,King Crab,kgc-000b,Standard,IS,100,16.2,12.17,,,15,62,42,42,34,34,42,42,armorresist_ct_additive=30;armorresist_la_additive=15;armorresist_ll_additive=15;armorresist_lt_additive=20;armorresist_ra_additive=15;armorresist_rl_additive=15;armorresist_rt_additive=20;missile_range_multiplier=0.1
241,atlas,Atlas,as7-s-std,Standard,IS,100,16.2,16.67,,,15,62,42,42,34,34,42,42,armorresist_ct_additive=36;armorresist_la_additive=10;armorresist_ll_additive=21;armorresist_lt_additive=30;armorresist_ra_additive=10;armorresist_rl_additive=21;armorresist_rt_additive=30;critchance_receiving_multiplier=-0.4
242,centurion,Centurion,cn9-ah-std,Standard,IS,50,16.2,12.84,,,15,32,24,24,16,16,24,24,armorresist_ct_additive=22;armorresist_la_additive=24;armorresist_ll_additive=18;armorresist_lt_additive=18;armorresist_ra_additive=24;armorresist_rl_additive=18;armorresist_rt_additive=18;internalresist_la_additive=16;internalresist_ra_additive=16
243,panther,Panther,pnt-10kr,Standard,IS,35,16.2,11.89,,,15,22,16,16,12,12,16,16,all_range_multiplier=0.1;armorresist_ct_additive=15;armorresist_la_additive=16;armorresist_ll_additive=15;armorresist_lt_additive=15;armorresist_ra_additive=30;armorresist_rl_additive=15;armorresist_rt_additive=15;internalresist_ra_additive=8
244,panther,Panther,pnt-10k,Standard,IS,35,16.2,11.89,,,15,22,16,16,12,12,16,16,all_range_multiplier=0.1;armorresist_ct_additive=15;armorresist_la_additive=16;armorresist_ll_additive=15;armorresist_lt_additive=15;armorresist_ra_additive=30;armorresist_rl_additive=15;armorresist_rt_additive=15;internalresist_ra_additive=8
245,panther,Panther,pnt-8z,Standard,IS,35,16.2,11.89,,,15,22,16,16,12,12,16,16,all_range_multiplier=0.1;armorresist_ct_additive=15;armorresist_la_additive=10;armorresist_ll_additive=15;armorresist_lt_additive=15;armorresist_ra_additive=30;armorresist_rl_additive=15;armorresist_rt_additive=15;internalresist_ra_additive=8;isstdlaser_range_multiplier=0.1
246,panther,Panther,pnt-9r,Standard,IS,35,16.2,11.89,,,15,22,16,16,12,12,16,16,all_range_multiplier=0.1;armorresist_ct_additive=15;armorresist_la_additive=10;armorresist_ll_additive=15;armorresist_lt_additive=15;armorresist_ra_additive=30;armorresist_rl_additive=15;armorresist_rt_additive=15;internalresist_ra_additive=8
247,enforcer,Enforcer,enf-5dr,Standard,IS,50,16.2,13.85,,,15,32,24,24,16,16,24,24,all_range_multiplier=0.1;armorresist_ct_additive=14;armorresist_la_additive=12;armorresist_ll_additive=14;armorresist_lt_additive=12;armorresist_ra_additive=12;armorresist_rl_additive=14;armorresist_rt_additive=12;internalresist_all_additive=6
248,enforcer,Enforcer,enf-5d,Standard,IS,50,16.2,13.85,,,15,32,24,24,16,16,24,24,all_range_multiplier=0.1;armorresist_ct_additive=14;armorresist_la_additive=12;armorresist_ll_additive=14;armorresist_lt_additive=12;armorresist_ra_additive=12;armorresist_rl_additive=14;armorresist_rt_additive=12;internalresist_all_additive=6
249,enforcer,Enforcer,enf-4r,Standard,IS,50,16.2,13.85,,,15,32,24,24,16,16,24,24,armorresist_ct_additive=14;armorresist_la_additive=12;armorresist_ll_additive=14;armorresist_lt_additive=12;armorresist_ra_additive=12;armorresist_rl_additive=14;armorresist_rt_additive=12;energy_range_multiplier=0.05;internalresist_all_additive=6;laser_range_multiplier=0.05
250,enforcer,Enforcer,enf-5p,Standard,IS,50,16.2,13.85,,,15,32,24,24,16,16,24,24,armorresist_ct_additive=14;armorresist_la_additive=16;armorresist_ll_additive=14;armorresist_lt_additive=12;armorresist_ra_additive=16;armorresist_rl_additive=14;armorresist_rt_additive=12;energy_range_multiplier=0.15;internalresist_all_additive=6
251,banshee,Banshee,bnc-3mc,Standard,IS,95,16.2,16.32,,,15,60,40,40,32,32,40,40,armorresist_ct_additive=25;armorresist_la_additive=10;armorresist_lt_additive=16;armorresist_ra_additive=10;armorresist_rt_additive=16;energy_range_multiplier=0.1
252,grasshopper,Grasshopper,ghr-5jr,Standard,IS,70,16.2,17.20,,,15,44,30,30,22,22,30,30,all_range_multiplier=0.05;armorresist_ct_additive=15;armorresist_la_additive=11;armorresist_ll_additive=15;armorresist_lt_additive=10;armorresist_ra_additive=11;armorresist_rl_additive=15;armorresist_rt_additive=10
253,grasshopper,Grasshopper,ghr-5j,Standard,IS,70,16.2,17.20,,,15,44,30,30,22,22,30,30,all_range_multiplier=0.05;armorresist_ct_additive=15;armorresist_la_additive=11;armorresist_ll_additive=15;armorresist_lt_additive=10;armorresist_ra_additive=11;armorresist_rl_additive=15;armorresist_rt_additive=10
254,grasshopper,Grasshopper,ghr-5h,Standard,IS,70,16.2,17.20,,,15,44,30,30,22,22,30,30,all_range_multiplier=0.05;armorresist_ct_additive=10;armorresist_la_additive=9;armorresist_ll_additive=12;armorresist_lt_additive=7;armorresist_ra_additive=9;armorresist_rl_additive=12;armorresist_rt_additive=7
255,grasshopper,Grasshopper,ghr-5n,Standard,IS,70,16.2,17.20,,,15,44,30,30,22,22,30,30,armorresist_ct_additive=10;armorresist_la_additive=11;armorresist_ll_additive=15;armorresist_lt_additive=9;armorresist_ra_additive=11;armorresist_rl_additive=15;armorresist_rt_additive=9
256,zeus,Zeus,zeu-6sr,Standard,IS,80,16.2,14.86,,,15,50,34,34,26,26,34,34,critchance_receiving_multiplier=-0.25;internalresist_ct_additive=30;internalresist_la_additive=15;internalresist_ll_additive=20;internalresist_lt_additive=20;internalresist_ra_additive=15;internalresist_rl_additive=20;internalresist_rt_additive=20;mechtopspeed_multiplier=0.075
257,zeus,Zeus,zeu-6s,Standard,IS,80,16.2,14.86,,,15,50,34,34,26,26,34,34,critchance_receiving_multiplier=-0.25;internalresist_ct_additive=30;internalresist_la_additive=15;internalresist_ll_additive=20;internalresist_lt_additive=20;internalresist_ra_additive=15;internalresist_rl_additive=20;internalresist_rt_additive=20;mechtopspeed_multiplier=0.075
258,zeus,Zeus,zeu-6t,Standard,IS,80,16.2,14.86,,,15,50,34,34,26,26,34,34,critchance_receiving_multiplier=-0.25;internalresist_ct_additive=30;internalresist_la_additive=15;internalresist_ll_additive=20;internalresist_lt_additive=20;internalresist_ra_additive=15;internalresist_rl_additive=20;internalresist_rt_additive=20
259,zeus,Zeus,zeu-9s,Standard,IS,80,16.2,14.86,,,15,50,34,34,26,26,34,34,all_range_multiplier=0.1;critchance_receiving_multiplier=-0.25;internalresist_ct_additive=30;internalresist_la_additive=15;internalresist_ll_additive=20;internalresist_lt_additive=20;internalresist_ra_additive=15;internalresist_rl_additive=20;internalresist_rt_additive=20
260,adder,Adder,adr-b,Standard,CLAN,35,16.2,9.46,30317,3440;3004;3004,15,22,16,16,12,12,16,16,
261,direwolf,Dire Wolf,dwf-s,Standard,CLAN,100,16.2,13.42,30325,3458;3004;3004;3004;3004;3004,15,62,42,42,34,34,42,42,
262,gargoyle,Gargoyle,gar-c,Standard,CLAN,80,16.2,15.59,30333,3478;3004;3004;3004;3004;3004;3004,15,50,34,34,26,26,34,34,
263,iceferret,Ice Ferret,ifr-d,Standard,CLAN,45,16.2,12.62,30341,3470;3004;3004,15,28,22,22,14,14,22,22,
264,kitfox,Kit Fox,kfx-c,Standard,CLAN,30,16.2,9.36,30349,3434;3004;3004;3004,15,20,14,14,10,10,14,14,
265,maddog,Mad Dog,mdd-c,Standard,CLAN,60,16.2,14.34,30356,3458;3004;3004,15,40,28,28,20,20,28,28,
266,mistlynx,Mist Lynx,mlx-a,Standard,CLAN,25,16.2,7.53,30364,3433;3004;3004;1504;1504;1504;3004;1504;1504;1504,15,16,12,12,8,8,12,12,
267,nova,Nova,nva-a,Standard,CLAN,50,16.2,10.13,30372,3448;1503;1503;1503;1503;1503;3004;3004;3004;3004,15,32,24,24,16,16,24,24,
268,stormcrow,Stormcrow,scr-a,Standard,CLAN,55,16.2,11.97,30379,3464,15,36,26,26,18,18,26,26,
269,summoner,Summoner,smn-c,Standard,CLAN,70,16.2,14.54,30387,3468;1502;3004;3004;3004;3004;1502;1502;1502;1502,15,44,30,30,22,22,30,30,internalresist_all_additive=10
270,timberwolf,Timber Wolf,tbr-d,Standard,CLAN,75,16.2,12.29,30395,3473;3004;3004;3004;3004;3004,15,46,32,32,24,24,32,32,
271,warhawk,Warhawk,whk-c,Standard,CLAN,85,16.2,12.79,30403,3466;3004;3004;3004;3004;3004;3004;3004;3004;3004;3004,15,54,36,36,28,28,36,36,
272,griffin,Griffin,grf-1sc,Standard,IS,55,16.2,13.88,,,15,36,26,26,18,18,26,26,all_range_multiplier=0.1;armorresist_ct_additive=10;armorresist_la_additive=20;armorresist_lt_additive=20;armorresist_ra_additive=20;internalresist_ct_additive=15;internalresist_la_additive=15;internalresist_ll_additive=15;internalresist_lt_additive=15;internalresist_ra_additive=15;internalresist_rl_additive=15;internalresist_rt_additive=15
273,wolverine,Wolverine,wvr-6kc,Standard,IS,55,16.2,13.36,,,15,36,26,26,18,18,26,26,armorresist_ra_additive=25;energy_range_multiplier=0.1;internalresist_ct_additive=15;internalresist_ra_additive=18
274,urbanmech,UrbanMech,um-r63s,Standard,IS,30,16.2,9.42,,,15,20,14,14,10,10,14,14,armorresist_ct_additive=20;armorresist_la_additive=20;armorresist_ll_additive=14;armorresist_lt_additive=14;armorresist_ra_additive=20;armorresist_rl_additive=14;armorresist_rt_additive=14;ballistic_range_multiplier=0.2;heatdissipation_multiplier=0.05
275,urbanmech,UrbanMech,um-r63,Standard,IS,30,16.2,9.42,,,15,20,14,14,10,10,14,14,armorresist_ct_additive=20;armorresist_la_additive=20;armorresist_ll_additive=14;armorresist_lt_additive=14;armorresist_ra_additive=20;armorresist_rl_additive=14;armorresist_rt_additive=14;ballistic_range_multiplier=0.2;heatdissipation_multiplier=0.05
276,urbanmech,UrbanMech,um-r60,Standard,IS,30,16.2,9.42,,,15,20,14,14,10,10,14,14,armorresist_ct_additive=20;armorresist_la_additive=20;armorresist_ll_additive=14;armorresist_lt_additive=14;armorresist_ra_additive=20;armorresist_rl_additive=14;armorresist_rt_additive=14;ballistic_range_multiplier=0.1;heatdissipation_multiplier=0.05;ismachinegun_range_multiplier=0.25
277,urbanmech,UrbanMech,um-r60l,Standard,IS,30,16.2,9.42,,,15,20,14,14,10,10,14,14,armorresist_ct_additive=20;armorresist_la_additive=20;armorresist_ll_additive=14;armorresist_lt_additive=14;armorresist_ra_additive=20;armorresist_rl_additive=14;armorresist_rt_additive=14;ballistic_range_multiplier=0.2;energy_range_multiplier=0.1;heatdissipation_multiplier=0.05
278,jagermech,JagerMech,jm6-ac,Standard,IS,65,16.2,11.53,,,15,42,30,30,20,20,30,30,all_range_multiplier=0.3;armorresist_la_additive=14;armorresist_ra_additive=14;internalresist_ct_additive=11;internalresist_ll_additive=15;internalresist_lt_additive=15;internalresist_rl_additive=15;internalresist_rt_additive=15
279,ebonjaguar,Ebon Jaguar,ebj-primei,Standard,CLAN,65,16.2,11.88,30499,3463;3004;3004;3004,15,42,30,30,20,20,30,30,
280,ebonjaguar,Ebon Jaguar,ebj-prime,Standard,CLAN,65,16.2,11.88,30499,3463;3004;3004;3004,15,42,30,30,20,20,30,30,
281,ebonjaguar,Ebon Jaguar,ebj-a,Standard,CLAN,65,16.2,11.88,30507,3463;3004;3004;3004,15,42,30,30,20,20,30,30,
282,ebonjaguar,Ebon Jaguar,ebj-b,Standard,CLAN,65,16.2,11.88,30515,3463;3004;3004;3004,15,42,30,30,20,20,30,30,
283,ebonjaguar,Ebon Jaguar,ebj-c,Standard,CLAN,65,16.2,11.88,30523,3463;3004;3004;3004,15,42,30,30,20,20,30,30,
284,executioner,Executioner,exe-primei,Standard,CLAN,95,16.2,17.10,30467,3474;3004;3004;3004;3004;3004;1500;1500;1500;1500;1608;3004,15,60,40,40,32,32,40,40,
285,executioner,Executioner,exe-prime,Standard,CLAN,95,16.2,17.10,30467,3474;3004;3004;3004;3004;3004;1500;1500;1500;1500;1608;3004,15,60,40,40,32,32,40,40,
286,executioner,Executioner,exe-a,Standard,CLAN,95,16.2,17.10,30475,3474;3004;3004;3004;3004;3004;1500;1500;1500;1500;1608;3004,15,60,40,40,32,32,40,40,
287,executioner,Executioner,exe-b,Standard,CLAN,95,16.2,17.10,30483,3474;3004;3004;3004;3004;3004;1500;1500;1500;1500;1608;3004,15,60,40,40,32,32,40,40,
288,executioner,Executioner,exe-d,Standard,CLAN,95,16.2,17.10,30491,3474;3004;3004;3004;3004;3004;1500;1500;1500;1500;1608;3004,15,60,40,40,32,32,40,40,
289,thunderbolt,Thunderbolt,tdr-5s-t,Hero,IS,65,16.2,12.67,,,15,42,30,30,20,20,30,30,energy_range_multiplier=0.1;internalresist_all_additive=15
290,arcticcheetah,Arctic Cheetah,ach-primei,Standard,CLAN,30,16.2,9.94,30531,3446;1504;1504;1504;1504;1504;1504;3004,15,20,14,14,10,10,14,14,
291,arcticcheetah,Arctic Cheetah,ach-prime,Standard,CLAN,30,16.2,9.94,30531,3446;1504;1504;1504;1504;1504;1504;3004,15,20,14,14,10,10,14,14,
292,arcticcheetah,Arctic Cheetah,ach-a,Standard,CLAN,30,16.2,9.94,30539,3446;1504;1504;1504;1504;1504;1504;3004,15,20,14,14,10,10,14,14,
293,arcticcheetah,Arctic Cheetah,ach-b,Standard,CLAN,30,16.2,9.94,30547,3446;1504;1504;1504;1504;1504;1504;3004,15,20,14,14,10,10,14,14,
294,arcticcheetah,Arctic Cheetah,ach-c,Standard,CLAN,30,16.2,9.94,30555,3446;1504;1504;1504;1504;1504;1504;3004,15,20,14,14,10,10,14,14,
295,shadowcat,Shadow Cat,shc-primei,Standard,CLAN,45,16.2,10.17,30563,3452;1606;1503;1503;1503;1503;1503;1503,15,28,22,22,14,14,22,22,
296,shadowcat,Shadow Cat,shc-prime,Standard,CLAN,45,16.2,10.17,30563,3452;1606;1503;1503;1503;1503;1503;1503,15,28,22,22,14,14,22,22,
297,shadowcat,Shadow Cat,shc-a,Standard,CLAN,45,16.2,10.17,30571,3452;1606;1503;1503;1503;1503;1503;1503,15,28,22,22,14,14,22,22,
298,shadowcat,Shadow Cat,shc-b,Standard,CLAN,45,16.2,10.17,30579,3452;1606;1503;1503;1503;1503;1503;1503,15,28,22,22,14,14,22,22,
299,shadowcat,Shadow Cat,shc-p,Standard,CLAN,45,16.2,10.17,30587,3452;1606;1503;1503;1503;1503;1503;1503,15,28,22,22,14,14,22,22,
300,griffin,Griffin,grf-2n,Standard,IS,55,16.2,13.88,,,15,36,26,26,18,18,26,26,armorresist_ct_additive=10;armorresist_la_additive=20;armorresist_lt_additive=10;armorresist_ra_additive=20;armorresist_rt_additive=10;internalresist_ct_additive=15;internalresist_la_additive=15;internalresist_ll_additive=15;internalresist_lt_additive=15;internalresist_ra_additive=15;internalresist_rl_additive=15;internalresist_rt_additive=15;missile_range_multiplier=0.2
301,highlander,Highlander,hgn-732b,Standard,IS,90,16.2,16.69,,,15,58,38,38,30,30,38,38,all_range_multiplier=0.1;armorresist_ct_additive=29;armorresist_la_additive=19;armorresist_ll_additive=15;armorresist_lt_additive=18;armorresist_ra_additive=19;armorresist_rl_additive=15;armorresist_rt_additive=18
302,locust,Locust,lct-3v,Standard,IS,20,16.2,6.98,,,15,12,10,10,6,6,8,8,armorresist_ct_additive=5;armorresist_la_additive=8;armorresist_ll_additive=11;armorresist_ra_additive=8;armorresist_rl_additive=11;ballistic_range_multiplier=0.1;internalresist_ct_additive=12;internalresist_lt_additive=12;internalresist_rt_additive=12
303,direwolf,Dire Wolf,dwf-w,Standard,CLAN,100,16.2,13.42,30411,3458;3004;3004;3004;3004;3004,15,62,42,42,34,34,42,42,
304,gargoyle,Gargoyle,gar-b,Standard,CLAN,80,16.2,15.59,30419,3478;3004;3004;3004;3004;3004;3004,15,50,34,34,26,26,34,34,
305,iceferret,Ice Ferret,ifr-b,Standard,CLAN,45,16.2,12.62,30427,3470;3004;3004,15,28,22,22,14,14,22,22,
306,mistlynx,Mist Lynx,mlx-d,Standard,CLAN,25,16.2,7.53,30435,3433;3004;3004;1504;1504;1504;3004;1504;1504;1504,15,16,12,12,8,8,12,12,
307,nova,Nova,nva-c,Standard,CLAN,50,16.2,10.13,30443,3448;1503;1503;1503;1503;1503;3004;3004;3004;3004,15,32,24,24,16,16,24,24,
308,stormcrow,Stormcrow,scr-b,Standard,CLAN,55,16.2,11.97,30451,3464,15,36,26,26,18,18,26,26,
309,timberwolf,Timber Wolf,tbr-a,Standard,CLAN,75,16.2,12.29,30459,3473;3004;3004;3004;3004;3004,15,46,32,32,24,24,32,32,
310,battlemaster,Battlemaster,blr-2c,Standard,IS,85,16.2,13.82,,,15,54,36,36,28,28,36,36,armorresist_la_additive=14;armorresist_ra_additive=14;internalresist_ct_additive=18;internalresist_la_additive=14;internalresist_ll_additive=12;internalresist_lt_additive=12;internalresist_ra_additive=14;internalresist_rl_additive=12;internalresist_rt_additive=12
311,cataphract,Cataphract,ctf-0xp,Standard,IS,70,16.2,12.53,,,15,44,30,30,22,22,30,30,all_range_multiplier=0.1;armorresist_ct_additive=22;armorresist_la_additive=11;armorresist_ll_additive=15;armorresist_lt_additive=15;armorresist_ra_additive=11;armorresist_rl_additive=15;armorresist_rt_additive=15
312,panther,Panther,pnt-10p,Standard,IS,35,16.2,11.89,,,15,22,16,16,12,12,16,16,all_range_multiplier=0.25;armorresist_ct_additive=25;armorresist_la_additive=24;armorresist_ll_additive=25;armorresist_lt_additive=25;armorresist_ra_additive=40;armorresist_rl_additive=25;armorresist_rt_additive=25;internalresist_ra_additive=8
313,enforcer,Enforcer,enf-4p,Standard,IS,50,16.2,13.85,,,15,32,24,24,16,16,24,24,all_range_multiplier=0.1;armorresist_ct_additive=20;armorresist_la_additive=17;armorresist_ll_additive=19;armorresist_lt_additive=19;armorresist_ra_additive=17;armorresist_rl_additive=19;armorresist_rt_additive=19;ballistic_range_multiplier=0.1;internalresist_all_additive=6
314,grasshopper,Grasshopper,ghr-5p,Standard,IS,70,16.2,17.20,,,15,44,30,30,22,22,30,30,energy_range_multiplier=0.1;internalresist_ct_additive=11;internalresist_ll_additive=15;internalresist_lt_additive=10;internalresist_rl_additive=15;internalresist_rt_additive=10
315,zeus,Zeus,zeu-5s,Standard,IS,80,16.2,14.86,,,15,50,34,34,26,26,34,34,critchance_receiving_multiplier=-0.25;internalresist_ct_additive=30;internalresist_la_additive=15;internalresist_ll_additive=20;internalresist_lt_additive=20;internalresist_ra_additive=15;internalresist_rl_additive=20;internalresist_rt_additive=20
316,wolverine,Wolverine,wvr-q,Hero,IS,55,16.2,13.36,,,15,36,26,26,18,18,26,26,armorresist_ct_additive=15;armorresist_lt_additive=13;armorresist_ra_additive=18;armorresist_rt_additive=13;internalresist_ra_additive=18
317,enforcer,Enforcer,enf-4rc,Standard,IS,50,16.2,13.85,,,15,32,24,24,16,16,24,24,armorresist_ct_additive=14;armorresist_la_additive=12;armorresist_ll_additive=14;armorresist_lt_additive=12;armorresist_ra_additive=12;armorresist_rl_additive=14;armorresist_rt_additive=12;energy_range_multiplier=0.05;internalresist_all_additive=6;laser_range_multiplier=0.05
318,timberwolf,Timber Wolf,tbr-cc,Standard,CLAN,75,16.2,12.29,30011,3473;3004;3004;3004;3004;3004,15,46,32,32,24,24,32,32,
319,blackknight,Black Knight,bl-6-kntr,Standard,IS,75,16.2,17.00,,,15,46,32,32,24,24,32,32,all_range_multiplier=0.1;armorresist_ct_additive=27;armorresist_la_additive=9;armorresist_ll_additive=12;armorresist_lt_additive=12;armorresist_ra_additive=9;armorresist_rl_additive=12;armorresist_rt_additive=12
320,blackknight,Black Knight,bl-6-knt,Standard,IS,75,16.2,17.00,,,15,46,32,32,24,24,32,32,all_range_multiplier=0.1;armorresist_ct_additive=27;armorresist_la_additive=9;armorresist_ll_additive=12;armorresist_lt_additive=12;armorresist_ra_additive=9;armorresist_rl_additive=12;armorresist_rt_additive=12
321,blackknight,Black Knight,bl-6b-knt,Standard,IS,75,16.2,17.00,,,15,46,32,32,24,24,32,32,armorresist_ct_additive=27;armorresist_la_additive=9;armorresist_ll_additive=12;armorresist_lt_additive=12;armorresist_ra_additive=9;armorresist_rl_additive=12;armorresist_rt_additive=12;pulselaser_range_multiplier=0.15
322,blackknight,Black Knight,bl-7-knt,Standard,IS,75,16.2,17.00,,,15,46,32,32,24,24,32,32,all_range_multiplier=0.1;armorresist_ct_additive=27;armorresist_la_additive=12;armorresist_ll_additive=9;armorresist_lt_additive=12;armorresist_ra_additive=12;armorresist_rl_additive=9;armorresist_rt_additive=12
323,blackknight,Black Knight,bl-7-knt-l,Standard,IS,75,16.2,17.00,,,15,46,32,32,24,24,32,32,armorresist_ct_additive=27;armorresist_la_additive=9;armorresist_ll_additive=12;armorresist_lt_additive=12;armorresist_ra_additive=9;armorresist_rl_additive=12;armorresist_rt_additive=12;ismediumlaserfamily_range_multiplier=0.25
324,mauler,Mauler,mal-1rr,Standard,IS,90,16.2,15.55,,,15,58,38,38,30,30,38,38,critchance_receiving_multiplier=-0.5;internalresist_ct_additive=10;internalresist_lt_additive=10;internalresist_rt_additive=10
325,mauler,Mauler,mal-1r,Standard,IS,90,16.2,15.55,,,15,58,38,38,30,30,38,38,critchance_receiving_multiplier=-0.5;internalresist_ct_additive=10;internalresist_lt_additive=10;internalresist_rt_additive=10
326,mauler,Mauler,mal-mx90,Standard,IS,90,16.2,15.55,,,15,58,38,38,30,30,38,38,all_range_multiplier=0.1
327,mauler,Mauler,mal-1p,Standard,IS,90,16.2,15.55,,,15,58,38,38,30,30,38,38,internalresist_ct_additive=10;internalresist_lt_additive=10;internalresist_rt_additive=10
328,mauler,Mauler,mal-2p,Standard,IS,90,16.2,15.55,,,15,58,38,38,30,30,38,38,critchance_receiving_multiplier=-0.5;internalresist_ct_additive=17;internalresist_lt_additive=17;internalresist_rt_additive=17
329,crab,Crab,crb-27r,Standard,IS,50,16.2,11.64,,,15,32,24,24,16,16,24,24,all_range_multiplier=0.1;internalresist_ct_additive=20;internalresist_la_additive=20;internalresist_ll_additive=20;internalresist_lt_additive=20;internalresist_ra_additive=20;internalresist_rl_additive=20;internalresist_rt_additive=20
330,crab,Crab,crb-27,Standard,IS,50,16.2,11.64,,,15,32,24,24,16,16,24,24,all_range_multiplier=0.1;internalresist_ct_additive=20;internalresist_la_additive=20;internalresist_ll_additive=20;internalresist_lt_additive=20;internalresist_ra_additive=20;internalresist_rl_additive=20;internalresist_rt_additive=20
331,crab,Crab,crb-20,Standard,IS,50,16.2,11.64,,,15,32,24,24,16,16,24,24,internalresist_ct_additive=20;internalresist_la_additive=20;internalresist_ll_additive=20;internalresist_lt_additive=20;internalresist_ra_additive=20;internalresist_rl_additive=20;internalresist_rt_additive=20;ismediumlaserfamily_range_multiplier=0.3;issmalllaser_range_multiplier=2;issmallpulselaser_range_multiplier=2
332,crab,Crab,crb-27b,Standard,IS,50,16.2,11.64,,,15,32,24,24,16,16,24,24,internalresist_ct_additive=20;internalresist_la_additive=20;internalresist_ll_additive=20;internalresist_lt_additive=20;internalresist_ra_additive=20;internalresist_rl_additive=20;internalresist_rt_additive=20
333,crab,Crab,crb-27sl,Standard,IS,50,16.2,11.64,,,15,32,24,24,16,16,24,24,internalresist_ct_additive=20;internalresist_la_additive=20;internalresist_ll_additive=20;internalresist_lt_additive=20;internalresist_ra_additive=20;internalresist_rl_additive=20;internalresist_rt_additive=20
334,wolfhound,Wolfhound,wlf-2r,Standard,IS,35,16.2,12.22,,,15,22,16,16,12,12,16,16,armorresist_ct_additive=11;armorresist_ll_additive=8;armorresist_lt_additive=11;armorresist_ra_additive=6;armorresist_rl_additive=8;armorresist_rt_additive=11
335,wolfhound,Wolfhound,wlf-2,Standard,IS,35,16.2,12.22,,,15,22,16,16,12,12,16,16,armorresist_ct_additive=11;armorresist_ll_additive=8;armorresist_lt_additive=11;armorresist_ra_additive=6;armorresist_rl_additive=8;armorresist_rt_additive=11
336,wolfhound,Wolfhound,wlf-1,Standard,IS,35,16.2,12.22,,,15,22,16,16,12,12,16,16,armorresist_ct_additive=11;armorresist_ll_additive=8;armorresist_lt_additive=11;armorresist_ra_additive=6;armorresist_rl_additive=8;armorresist_rt_additive=11;energy_range_multiplier=0.1
337,wolfhound,Wolfhound,wlf-1a,Standard,IS,35,16.2,12.22,,,15,22,16,16,12,12,16,16,armorresist_ct_additive=11;armorresist_ll_additive=8;armorresist_lt_additive=11;armorresist_ra_additive=6;armorresist_rl_additive=8;armorresist_rt_additive=11
338,wolfhound,Wolfhound,wlf-1b,Standard,IS,35,16.2,12.22,,,15,22,16,16,12,12,16,16,armorresist_ct_additive=11;armorresist_ll_additive=8;armorresist_lt_additive=11;armorresist_ra_additive=6;armorresist_rl_additive=8;armorresist_rt_additive=11;heatdissipation_multiplier=0.075
339,cicada,Cicada,cda-3fl,Standard,IS,40,16.2,10.87,,,15,24,20,20,12,12,20,20,all_range_multiplier=0.1;armorresist_ct_additive=9;armorresist_lt_additive=9;armorresist_rt_additive=9;internalresist_ct_additive=12;internalresist_ll_additive=15;internalresist_lt_additive=10;internalresist_rl_additive=15;internalresist_rt_additive=10
340,wolverine,Wolverine,wvr-7dl,Standard,IS,55,16.2,13.36,,,15,36,26,26,18,18,26,26,all_range_multiplier=0.1;armorresist_ra_additive=25;internalresist_ct_additive=15;internalresist_ra_additive=18
341,zeus,Zeus,zeu-9s2l,Standard,IS,80,16.2,14.86,,,15,50,34,34,26,26,34,34,critchance_receiving_multiplier=-0.25;internalresist_ct_additive=30;internalresist_la_additive=15;internalresist_ll_additive=20;internalresist_lt_additive=20;internalresist_ra_additive=15;internalresist_rl_additive=20;internalresist_rt_additive=20
342,nova,Nova,nva-dl,Standard,CLAN,50,16.2,10.13,30595,3448;1503;1503;1503;1503;1503;3004;3004;3004;3004,15,32,24,24,16,16,24,24,
343,executioner,Executioner,exe-cl,Standard,CLAN,95,16.2,17.10,30603,3474;3004;3004;3004;3004;3004;1500;1500;1500;1500;1608;3004,15,60,40,40,32,32,40,40,
344,marauder,Marauder,mad-3rs,Standard,IS,75,16.2,12.46,,,15,46,32,32,24,24,32,32,armorresist_ct_additive=7;armorresist_rt_additive=10;internalresist_all_additive=16
345,marauder,Marauder,mad-3r,Standard,IS,75,16.2,12.46,,,15,46,32,32,24,24,32,32,armorresist_ct_additive=7;armorresist_rt_additive=10;internalresist_all_additive=16
346,marauder,Marauder,mad-5d,Standard,IS,75,16.2,12.46,,,15,46,32,32,24,24,32,32,armorresist_ct_additive=7;internalresist_all_additive=16
347,marauder,Marauder,mad-5m,Standard,IS,75,16.2,12.46,,,15,46,32,32,24,24,32,32,armorresist_ct_additive=7;armorresist_rt_additive=10;internalresist_all_additive=16
348,marauder,Marauder,mad-bh2,Hero,IS,75,16.2,12.46,,,15,46,32,32,24,24,32,32,all_range_multiplier=0.1;armorresist_ct_additive=7;armorresist_rt_additive=10;internalresist_all_additive=16;ismediumlaser_range_multiplier=0.05
349,kingcrab,King Crab,kgc-000bc,Standard,IS,100,16.2,12.17,,,15,62,42,42,34,34,42,42,armorresist_ct_additive=30;armorresist_la_additive=15;armorresist_ll_additive=15;armorresist_lt_additive=20;armorresist_ra_additive=15;armorresist_rl_additive=15;armorresist_rt_additive=20;missile_range_multiplier=0.1
350,kingcrab,King Crab,kgc-000bs,Standard,IS,100,16.2,12.17,,,15,62,42,42,34,34,42,42,armorresist_ct_additive=30;armorresist_la_additive=15;armorresist_ll_additive=15;armorresist_lt_additive=20;armorresist_ra_additive=15;armorresist_rl_additive=15;armorresist_rt_additive=20;missile_range_multiplier=0.1
351,arcticcheetah,Arctic Cheetah,ach-primec,Standard,CLAN,30,16.2,9.94,30531,3446;1504;1504;1504;1504;1504;1504;3004,15,20,14,14,10,10,14,14,
352,arcticcheetah,Arctic Cheetah,ach-primes,Standard,CLAN,30,16.2,9.94,30531,3446;1504;1504;1504;1504;1504;1504;3004,15,20,14,14,10,10,14,14,
353,stormcrow,Stormcrow,scr-primec,Standard,CLAN,55,16.2,11.97,30123,3464,15,36,26,26,18,18,26,26,
354,stormcrow,Stormcrow,scr-primes,Standard,CLAN,55,16.2,11.97,30123,3464,15,36,26,26,18,18,26,26,
355,direwolf,Dire Wolf,dwf-wc,Standard,CLAN,100,16.2,13.42,30411,3458;3004;3004;3004;3004;3004,15,62,42,42,34,34,42,42,
356,direwolf,Dire Wolf,dwf-ws,Standard,CLAN,100,16.2,13.42,30411,3458;3004;3004;3004;3004;3004,15,62,42,42,34,34,42,42,
357,raven,Raven,rvn-3ls,Standard,IS,35,16.2,10.32,,,15,22,16,16,12,12,16,16,internalresist_ct_additive=6;internalresist_la_additive=12;internalresist_ll_additive=8;internalresist_lt_additive=12;internalresist_ra_additive=12;internalresist_rl_additive=8;internalresist_rt_additive=12;missile_range_multiplier=0.1;tag_range_multiplier=0.4
358,hunchback,Hunchback,hbk-4ps,Standard,IS,50,16.2,12.76,,,15,32,24,24,16,16,24,24,all_range_multiplier=0.1;armorresist_ct_additive=16;armorresist_lt_additive=16;armorresist_rt_additive=28;internalresist_rt_additive=12
359,thunderbolt,Thunderbolt,tdr-9ses,Standard,IS,65,16.2,12.67,,,15,42,30,30,20,20,30,30,armorresist_lt_additive=10;internalresist_all_additive=15;islargepulselaser_range_multiplier=0.15
360,timberwolf,Timber Wolf,tbr-cs,Standard,CLAN,75,16.2,12.29,30011,3473;3004;3004;3004;3004;3004,15,46,32,32,24,24,32,32,
361,jenneriic,Jenner IIC,jr7-iico,Standard,CLAN,35,16.2,9.02,,,15,22,16,16,12,12,16,16,armorresist_ct_additive=14;armorresist_ll_additive=10;armorresist_lt_additive=14;armorresist_rl_additive=10;armorresist_rt_additive=14;heatdissipation_multiplier=0.15;internalresist_la_additive=4;internalresist_ra_additive=4
362,jenneriic,Jenner IIC,jr7-iic,Standard,CLAN,35,16.2,9.02,,,15,22,16,16,12,12,16,16,armorresist_ct_additive=14;armorresist_ll_additive=10;armorresist_lt_additive=14;armorresist_rl_additive=10;armorresist_rt_additive=14;heatdissipation_multiplier=0.15;internalresist_la_additive=4;internalresist_ra_additive=4
363,jenneriic,Jenner IIC,jr7-iic-2,Standard,CLAN,35,16.2,9.02,,,15,22,16,16,12,12,16,16,armorresist_ct_additive=14;armorresist_ll_additive=10;armorresist_lt_additive=14;armorresist_rl_additive=10;armorresist_rt_additive=14;clanheavymediumlaser_range_multiplier=0.15;heatdissipation_multiplier=0.15;internalresist_la_additive=4;internalresist_ra_additive=4
364,jenneriic,Jenner IIC,jr7-iic-3,Standard,CLAN,35,16.2,9.02,,,15,22,16,16,12,12,16,16,armorresist_ct_additive=14;armorresist_ll_additive=10;armorresist_lt_additive=14;armorresist_rl_additive=10;armorresist_rt_additive=14;energy_range_multiplier=0.1;heatdissipation_multiplier=0.15;internalresist_la_additive=4;internalresist_ra_additive=4
365,jenneriic,Jenner IIC,jr7-iic-a,Standard,CLAN,35,16.2,9.02,,,15,22,16,16,12,12,16,16,armorresist_ct_additive=14;armorresist_ll_additive=10;armorresist_lt_additive=14;armorresist_rl_additive=10;armorresist_rt_additive=14;heatdissipation_multiplier=0.15;internalresist_la_additive=4;internalresist_ra_additive=4
366,hunchbackiic,Hunchback IIC,hbk-iico,Standard,CLAN,50,16.2,12.16,,,15,32,24,24,16,16,24,24,internalresist_ct_additive=12;internalresist_lt_additive=12;internalresist_rt_additive=12
367,hunchbackiic,Hunchback IIC,hbk-iic,Standard,CLAN,50,16.2,12.16,,,15,32,24,24,16,16,24,24,internalresist_ct_additive=12;internalresist_lt_additive=12;internalresist_rt_additive=12
368,hunchbackiic,Hunchback IIC,hbk-iic-a,Standard,CLAN,50,16.2,12.16,,,15,32,24,24,16,16,24,24,internalresist_ct_additive=6;internalresist_lt_additive=6;internalresist_rt_additive=6
369,hunchbackiic,Hunchback IIC,hbk-iic-b,Standard,CLAN,50,16.2,12.16,,,15,32,24,24,16,16,24,24,armorresist_ct_additive=10;armorresist_lt_additive=12;armorresist_rt_additive=12;internalresist_ct_additive=12;internalresist_lt_additive=12;internalresist_rt_additive=12;srm_range_multiplier=0.1
370,hunchbackiic,Hunchback IIC,hbk-iic-c,Standard,CLAN,50,16.2,12.16,,,15,32,24,24,16,16,24,24,internalresist_ct_additive=12;internalresist_lt_additive=12;internalresist_rt_additive=12
371,orioniic,Orion IIC,on1-iico,Standard,CLAN,75,16.2,14.51,,,15,46,32,32,24,24,32,32,armorresist_ct_additive=16;armorresist_la_additive=6;armorresist_ll_additive=8;armorresist_lt_additive=16;armorresist_ra_additive=6;armorresist_rl_additive=8;armorresist_rt_additive=16;mechtopspeed_multiplier=0.075
372,orioniic,Orion IIC,on1-iic,Standard,CLAN,75,16.2,14.51,,,15,46,32,32,24,24,32,32,armorresist_ct_additive=16;armorresist_la_additive=6;armorresist_ll_additive=8;armorresist_lt_additive=16;armorresist_ra_additive=6;armorresist_rl_additive=8;armorresist_rt_additive=16;mechtopspeed_multiplier=0.075
373,orioniic,Orion IIC,on1-iic-a,Standard,CLAN,75,16.2,14.51,,,15,46,32,32,24,24,32,32,armorresist_ct_additive=16;armorresist_la_additive=6;armorresist_ll_additive=8;armorresist_lt_additive=16;armorresist_ra_additive=6;armorresist_rl_additive=8;armorresist_rt_additive=16;mechtopspeed_multiplier=0.075
374,orioniic,Orion IIC,on1-iic-b,Standard,CLAN,75,16.2,14.51,,,15,46,32,32,24,24,32,32,armorresist_ct_additive=16;armorresist_la_additive=12;armorresist_ll_additive=8;armorresist_lt_additive=16;armorresist_ra_additive=12;armorresist_rl_additive=8;armorresist_rt_additive=16;mechtopspeed_multiplier=0.075
375,orioniic,Orion IIC,on1-iic-c,Standard,CLAN,75,16.2,14.51,,,15,46,32,32,24,24,32,32,armorresist_ct_additive=16;armorresist_la_additive=6;armorresist_ll_additive=8;armorresist_lt_additive=16;armorresist_ra_additive=6;armorresist_rl_additive=8;armorresist_rt_additive=16;mechtopspeed_multiplier=0.075
376,highlanderiic,Highlander IIC,hgn-iico,Standard,CLAN,90,16.2,17.17,,,15,58,38,38,30,30,38,38,armorresist_ct_additive=20;armorresist_la_additive=15;armorresist_ll_additive=15;armorresist_lt_additive=15;armorresist_ra_additive=15;armorresist_rl_additive=15;armorresist_rt_additive=15
377,highlanderiic,Highlander IIC,hgn-iic,Standard,CLAN,90,16.2,17.17,,,15,58,38,38,30,30,38,38,armorresist_ct_additive=20;armorresist_la_additive=15;armorresist_ll_additive=15;armorresist_lt_additive=15;armorresist_ra_additive=15;armorresist_rl_additive=15;armorresist_rt_additive=15
378,highlanderiic,Highlander IIC,hgn-iic-a,Standard,CLAN,90,16.2,17.17,,,15,58,38,38,30,30,38,38,all_range_multiplier=0.1;armorresist_ct_additive=20;armorresist_la_additive=15;armorresist_ll_additive=15;armorresist_lt_additive=15;armorresist_ra_additive=15;armorresist_rl_additive=15;armorresist_rt_additive=15
379,highlanderiic,Highlander IIC,hgn-iic-b,Standard,CLAN,90,16.2,17.17,,,15,58,38,38,30,30,38,38,armorresist_ct_additive=20;armorresist_la_additive=15;armorresist_ll_additive=15;armorresist_lt_additive=15;armorresist_ra_additive=15;armorresist_rl_additive=15;armorresist_rt_additive=15
380,highlanderiic,Highlander IIC,hgn-iic-c,Standard,CLAN,90,16.2,17.17,,,15,58,38,38,30,30,38,38,armorresist_ct_additive=20;armorresist_la_additive=15;armorresist_ll_additive=15;armorresist_lt_additive=15;armorresist_ra_additive=15;armorresist_rl_additive=15;armorresist_rt_additive=15
381,warhammer,Warhammer,whm-6rs,Standard,IS,70,16.2,14.56,,,15,44,30,30,22,22,30,30,internalresist_ct_additive=11;internalresist_la_additive=5;internalresist_ll_additive=7;internalresist_lt_additive=7;internalresist_ra_additive=5;internalresist_rl_additive=7;internalresist_rt_additive=7
382,warhammer,Warhammer,whm-6r,Standard,IS,70,16.2,14.56,,,15,44,30,30,22,22,30,30,internalresist_ct_additive=11;internalresist_la_additive=5;internalresist_ll_additive=7;internalresist_lt_additive=7;internalresist_ra_additive=5;internalresist_rl_additive=7;internalresist_rt_additive=7
383,warhammer,Warhammer,whm-6d,Standard,IS,70,16.2,14.56,,,15,44,30,30,22,22,30,30,energy_range_multiplier=0.1;internalresist_ct_additive=22;internalresist_la_additive=10;internalresist_ll_additive=14;internalresist_lt_additive=14;internalresist_ra_additive=10;internalresist_rl_additive=14;internalresist_rt_additive=14
384,warhammer,Warhammer,whm-7s,Standard,IS,70,16.2,14.56,,,15,44,30,30,22,22,30,30,armorresist_lt_additive=12;armorresist_rt_additive=12;internalresist_ct_additive=11;internalresist_la_additive=5;internalresist_ll_additive=7;internalresist_lt_additive=7;internalresist_ra_additive=5;internalresist_rl_additive=7;internalresist_rt_additive=7
385,warhammer,Warhammer,whm-bw,Hero,IS,70,16.2,14.56,,,15,44,30,30,22,22,30,30,all_range_multiplier=0.1;internalresist_ct_additive=11;internalresist_la_additive=5;internalresist_ll_additive=7;internalresist_lt_additive=7;internalresist_ra_additive=5;internalresist_rl_additive=7;internalresist_rt_additive=7;ismachinegun_range_multiplier=0.1
386,rifleman,Rifleman,rfl-3ns,Standard,IS,60,16.2,13.28,,,15,40,28,28,20,20,28,28,all_range_multiplier=0.1;armorresist_la_additive=10;armorresist_ra_additive=10;internalresist_ct_additive=15;internalresist_la_additive=10;internalresist_ll_additive=7;internalresist_lt_additive=15;internalresist_ra_additive=10;internalresist_rl_additive=7;internalresist_rt_additive=15
387,rifleman,Rifleman,rfl-3n,Standard,IS,60,16.2,13.28,,,15,40,28,28,20,20,28,28,all_range_multiplier=0.1;armorresist_la_additive=10;armorresist_ra_additive=10;internalresist_ct_additive=15;internalresist_la_additive=10;internalresist_ll_additive=7;internalresist_lt_additive=15;internalresist_ra_additive=10;internalresist_rl_additive=7;internalresist_rt_additive=15
388,rifleman,Rifleman,rfl-3c,Standard,IS,60,16.2,13.28,,,15,40,28,28,20,20,28,28,all_range_multiplier=0.25;armorresist_la_additive=10;armorresist_ra_additive=10;internalresist_ct_additive=15;internalresist_la_additive=10;internalresist_ll_additive=7;internalresist_lt_additive=15;internalresist_ra_additive=10;internalresist_rl_additive=7;internalresist_rt_additive=15
389,rifleman,Rifleman,rfl-5d,Standard,IS,60,16.2,13.28,,,15,40,28,28,20,20,28,28,all_range_multiplier=0.1;armorresist_la_additive=10;armorresist_ra_additive=10;internalresist_ct_additive=15;internalresist_la_additive=10;internalresist_ll_additive=7;internalresist_lt_additive=15;internalresist_ra_additive=10;internalresist_rl_additive=7;internalresist_rt_additive=15;ismediumlaser_range_multiplier=0.1
390,rifleman,Rifleman,rfl-lk,Hero,IS,60,16.2,13.28,,,15,40,28,28,20,20,28,28,armorresist_la_additive=10;armorresist_ra_additive=10;internalresist_ct_additive=15;internalresist_la_additive=10;internalresist_ll_additive=7;internalresist_lt_additive=15;internalresist_ra_additive=10;internalresist_rl_additive=7;internalresist_rt_additive=15
391,archer,Archer,arc-2rs,Standard,IS,70,16.2,11.85,,,15,44,30,30,22,22,30,30,all_range_multiplier=0.1;armorresist_ct_additive=22;armorresist_la_additive=10;armorresist_ll_additive=7;armorresist_lt_additive=15;armorresist_ra_additive=10;armorresist_rl_additive=7;armorresist_rt_additive=15
392,archer,Archer,arc-2r,Standard,IS,70,16.2,11.85,,,15,44,30,30,22,22,30,30,all_range_multiplier=0.1;armorresist_ct_additive=22;armorresist_la_additive=10;armorresist_ll_additive=7;armorresist_lt_additive=15;armorresist_ra_additive=10;armorresist_rl_additive=7;armorresist_rt_additive=15
393,archer,Archer,arc-5s,Standard,IS,70,16.2,11.85,,,15,44,30,30,22,22,30,30,armorresist_ct_additive=22;armorresist_la_additive=10;armorresist_ll_additive=7;armorresist_lt_additive=15;armorresist_ra_additive=10;armorresist_rl_additive=7;armorresist_rt_additive=15;energy_range_multiplier=0.1
394,archer,Archer,arc-5w,Standard,IS,70,16.2,11.85,,,15,44,30,30,22,22,30,30,armorresist_ct_additive=22;armorresist_la_additive=10;armorresist_ll_additive=7;armorresist_lt_additive=10;armorresist_ra_additive=10;armorresist_rl_additive=7;armorresist_rt_additive=10;srm_range_multiplier=0.1
395,archer,Archer,arc-t,Hero,IS,70,16.2,11.85,,,15,44,30,30,22,22,30,30,armorresist_ct_additive=22;armorresist_la_additive=10;armorresist_ll_additive=7;armorresist_lt_additive=15;armorresist_ra_additive=10;armorresist_rl_additive=7;armorresist_rt_additive=15;energy_range_multiplier=0.1;ismediumlaserfamily_range_multiplier=0.3;ispulselaser_range_multiplier=0.2
396,locust,Locust,lct-1ec,Standard,IS,20,16.2,6.98,,,15,12,10,10,6,6,8,8,all_range_multiplier=0.1;armorresist_ct_additive=11;armorresist_la_additive=11;armorresist_ll_additive=11;armorresist_lt_additive=11;armorresist_ra_additive=11;armorresist_rl_additive=11;armorresist_rt_additive=11
397,commando,Commando,com-1dc,Standard,IS,25,16.2,8.67,,,15,16,12,12,8,8,12,12,armorresist_ll_additive=15;armorresist_ra_additive=20;armorresist_rl_additive=15;energy_range_multiplier=0.1;heatdissipation_multiplier=0.05;internalresist_ct_additive=15;internalresist_la_additive=15;internalresist_lt_additive=15;internalresist_rt_additive=15
398,vindicator,Vindicator,vnd-1aac,Standard,IS,45,16.2,13.36,,,15,28,22,22,14,14,22,22,armorresist_ct_additive=20;armorresist_la_additive=24;armorresist_ll_additive=17;armorresist_lt_additive=18;armorresist_ra_additive=24;armorresist_rl_additive=17;armorresist_rt_additive=18
399,awesome,Awesome,aws-9mc,Standard,IS,80,16.2,12.34,,,15,50,34,34,26,26,34,34,armorresist_la_additive=15;armorresist_ra_additive=15;critchance_receiving_multiplier=-0.4;energy_range_multiplier=0.1;heatdissipation_multiplier=0.1;internalresist_ct_additive=25;internalresist_lt_additive=18;internalresist_rt_additive=18
400,battlemaster,Battlemaster,blr-2cc,Standard,IS,85,16.2,13.82,,,15,54,36,36,28,28,36,36,armorresist_la_additive=14;armorresist_ra_additive=14;internalresist_ct_additive=18;internalresist_la_additive=14;internalresist_ll_additive=12;internalresist_lt_additive=12;internalresist_ra_additive=14;internalresist_rl_additive=12;internalresist_rt_additive=12
401,mistlynx,Mist Lynx,mlx-primec,Standard,CLAN,25,16.2,7.53,30245,3433;3004;3004;1504;1504;1504;3004;1504;1504;1504,15,16,12,12,8,8,12,12,
402,shadowcat,Shadow Cat,shc-primec,Standard,CLAN,45,16.2,10.17,30563,3452;1606;1503;1503;1503;1503;1503;1503,15,28,22,22,14,14,22,22,
403,ebonjaguar,Ebon Jaguar,ebj-primec,Standard,CLAN,65,16.2,11.88,30499,3463;3004;3004;3004,15,42,30,30,20,20,30,30,
404,warhawk,Warhawk,whk-cc,Standard,CLAN,85,16.2,12.79,30403,3466;3004;3004;3004;3004;3004;3004;3004;3004;3004;3004,15,54,36,36,28,28,36,36,
405,kodiak,Kodiak,kdk-1s,Standard,CLAN,100,16.2,15.30,,,15,62,42,42,34,34,42,42,armorresist_ct_additive=12;armorresist_la_additive=10;armorresist_ll_additive=20;armorresist_lt_additive=12;armorresist_ra_additive=10;armorresist_rl_additive=20;armorresist_rt_additive=12
406,kodiak,Kodiak,kdk-1,Standard,CLAN,100,16.2,15.30,,,15,62,42,42,34,34,42,42,armorresist_ct_additive=12;armorresist_la_additive=10;armorresist_ll_additive=20;armorresist_lt_additive=12;armorresist_ra_additive=10;armorresist_rl_additive=20;armorresist_rt_additive=12
407,kodiak,Kodiak,kdk-2,Standard,CLAN,100,16.2,15.30,,,15,62,42,42,34,34,42,42,armorresist_ct_additive=10;armorresist_la_additive=10;armorresist_ll_additive=20;armorresist_lt_additive=10;armorresist_ra_additive=10;armorresist_rl_additive=20;armorresist_rt_additive=10;ballistic_range_multiplier=0.2
408,kodiak,Kodiak,kdk-3,Standard,CLAN,100,16.2,15.30,,,15,62,42,42,34,34,42,42,armorresist_ct_additive=7;armorresist_ll_additive=20;armorresist_lt_additive=7;armorresist_rl_additive=20;armorresist_rt_additive=7;critchance_receiving_multiplier=-0.6
409,kodiak,Kodiak,kdk-4,Standard,CLAN,100,16.2,15.30,,,15,62,42,42,34,34,42,42,armorresist_ct_additive=15;armorresist_la_additive=10;armorresist_ll_additive=20;armorresist_lt_additive=15;armorresist_ra_additive=10;armorresist_rl_additive=20;armorresist_rt_additive=15
410,kodiak,Kodiak,kdk-5,Standard,CLAN,100,16.2,15.30,,,15,62,42,42,34,34,42,42,armorresist_ct_additive=10;armorresist_la_additive=10;armorresist_ll_additive=20;armorresist_lt_additive=10;armorresist_ra_additive=10;armorresist_rl_additive=20;armorresist_rt_additive=10
411,kodiak,Kodiak,kdk-sb,Hero,CLAN,100,16.2,15.30,,,15,62,42,42,34,34,42,42,armorresist_ct_additive=18;armorresist_ll_additive=20;armorresist_lt_additive=18;armorresist_rl_additive=20;armorresist_rt_additive=18;critchance_receiving_multiplier=-0.4
412,phoenixhawk,Phoenix Hawk,pxh-1s,Standard,IS,45,16.2,13.08,,,15,28,22,22,14,14,22,22,armorresist_la_additive=21;armorresist_ra_additive=21;internalresist_ct_additive=10;internalresist_la_additive=7;internalresist_ll_additive=9;internalresist_lt_additive=9;internalresist_ra_additive=7;internalresist_rl_additive=9;internalresist_rt_additive=9
413,phoenixhawk,Phoenix Hawk,pxh-1,Standard,IS,45,16.2,13.08,,,15,28,22,22,14,14,22,22,armorresist_la_additive=21;armorresist_ra_additive=21;internalresist_ct_additive=10;internalresist_la_additive=7;internalresist_ll_additive=9;internalresist_lt_additive=9;internalresist_ra_additive=7;internalresist_rl_additive=9;internalresist_rt_additive=9
414,phoenixhawk,Phoenix Hawk,pxh-1b,Standard,IS,45,16.2,13.08,,,15,28,22,22,14,14,22,22,armorresist_la_additive=21;armorresist_ra_additive=21;internalresist_ct_additive=10;internalresist_la_additive=7;internalresist_ll_additive=9;internalresist_lt_additive=9;internalresist_ra_additive=7;internalresist_rl_additive=9;internalresist_rt_additive=9
415,phoenixhawk,Phoenix Hawk,pxh-1k,Standard,IS,45,16.2,13.08,,,15,28,22,22,14,14,22,22,armorresist_la_additive=21;armorresist_ra_additive=21;energy_range_multiplier=0.1;internalresist_ct_additive=15;internalresist_la_additive=10;internalresist_ll_additive=15;internalresist_lt_additive=12;internalresist_ra_additive=10;internalresist_rl_additive=15;internalresist_rt_additive=12
416,phoenixhawk,Phoenix Hawk,pxh-2,Standard,IS,45,16.2,13.08,,,15,28,22,22,14,14,22,22,armorresist_la_additive=21;armorresist_ra_additive=21;internalresist_ct_additive=7;internalresist_la_additive=7;internalresist_ll_additive=6;internalresist_lt_additive=6;internalresist_ra_additive=7;internalresist_rl_additive=6;internalresist_rt_additive=6
417,phoenixhawk,Phoenix Hawk,pxh-3s,Standard,IS,45,16.2,13.08,,,15,28,22,22,14,14,22,22,armorresist_la_additive=21;armorresist_ra_additive=21;internalresist_ct_additive=10;internalresist_la_additive=7;internalresist_ll_additive=9;internalresist_lt_additive=9;internalresist_ra_additive=7;internalresist_rl_additive=9;internalresist_rt_additive=9
418,phoenixhawk,Phoenix Hawk,pxh-r,Hero,IS,45,16.2,13.08,,,15,28,22,22,14,14,22,22,armorresist_la_additive=21;armorresist_ra_additive=21;ballistic_range_multiplier=0.1;internalresist_ct_additive=15;internalresist_la_additive=10;internalresist_ll_additive=15;internalresist_lt_additive=12;internalresist_ra_additive=10;internalresist_rl_additive=15;internalresist_rt_additive=12
419,phoenixhawk,Phoenix Hawk,pxh-kk,Hero,IS,45,16.2,13.08,,,15,28,22,22,14,14,22,22,armorresist_la_additive=21;armorresist_ra_additive=21;internalresist_ct_additive=10;internalresist_la_additive=7;internalresist_ll_additive=9;internalresist_lt_additive=9;internalresist_ra_additive=7;internalresist_rl_additive=9;internalresist_rt_additive=9
420,catapult,Catapult,cplt-bb,Hero,IS,65,16.2,9.58,,,15,42,30,30,20,20,30,30,armorresist_la_additive=15;armorresist_ra_additive=15;internalresist_all_additive=7
421,viper,Viper,vpr-primes,Standard,CLAN,40,16.2,10.70,30611,3462;1503;1503;1503;1503;1503;1503;1503;1503,15,24,20,20,12,12,20,20,
422,viper,Viper,vpr-prime,Standard,CLAN,40,16.2,10.70,30611,3462;1503;1503;1503;1503;1503;1503;1503;1503,15,24,20,20,12,12,20,20,
423,viper,Viper,vpr-a,Standard,CLAN,40,16.2,10.70,30619,3462;1503;1503;1503;1503;1503;1503;1503;1503,15,24,20,20,12,12,20,20,
424,viper,Viper,vpr-b,Standard,CLAN,40,16.2,10.70,30627,3462;1503;1503;1503;1503;1503;1503;1503;1503,15,24,20,20,12,12,20,20,
425,viper,Viper,vpr-c,Standard,CLAN,40,16.2,10.70,30635,3462;1503;1503;1503;1503;1503;1503;1503;1503,15,24,20,20,12,12,20,20,
426,viper,Viper,vpr-d,Standard,CLAN,40,16.2,10.70,30643,3462;1503;1503;1503;1503;1503;1503;1503;1503,15,24,20,20,12,12,20,20,
427,viper,Viper,vpr-m,Hero,CLAN,40,16.2,10.70,30651,3462;1503;1503;1503;1503;1503;1503;1503;1503,15,24,20,20,12,12,20,20,
428,cicada,Cicada,cda-3f,Standard,IS,40,16.2,10.87,,,15,24,20,20,12,12,20,20,all_range_multiplier=0.1;armorresist_ct_additive=9;armorresist_lt_additive=9;armorresist_rt_additive=9;internalresist_ct_additive=12;internalresist_ll_additive=15;internalresist_lt_additive=10;internalresist_rl_additive=15;internalresist_rt_additive=10
429,wolverine,Wolverine,wvr-7d,Standard,IS,55,16.2,13.36,,,15,36,26,26,18,18,26,26,all_range_multiplier=0.1;armorresist_ra_additive=25;internalresist_ct_additive=15;internalresist_ra_additive=18
430,zeus,Zeus,zeu-9s2,Standard,IS,80,16.2,14.86,,,15,50,34,34,26,26,34,34,critchance_receiving_multiplier=-0.25;internalresist_ct_additive=30;internalresist_la_additive=15;internalresist_ll_additive=20;internalresist_lt_additive=20;internalresist_ra_additive=15;internalresist_rl_additive=20;internalresist_rt_additive=20
431,nova,Nova,nva-d,Standard,CLAN,50,16.2,10.13,30595,3448;1503;1503;1503;1503;1503;3004;3004;3004;3004,15,32,24,24,16,16,24,24,
432,executioner,Executioner,exe-c,Standard,CLAN,95,16.2,17.10,30603,3474;3004;3004;3004;3004;3004;1500;1500;1500;1500;1608;3004,15,60,40,40,32,32,40,40,
433,cyclops,Cyclops,cp-11-as,Standard,IS,90,16.2,16.67,,,15,58,38,38,30,30,38,38,critchance_receiving_multiplier=-0.3;internalresist_ct_additive=18;internalresist_lt_additive=18;internalresist_rt_additive=18
434,cyclops,Cyclops,cp-11-a,Standard,IS,90,16.2,16.67,,,15,58,38,38,30,30,38,38,critchance_receiving_multiplier=-0.3;internalresist_ct_additive=18;internalresist_lt_additive=18;internalresist_rt_additive=18
435,cyclops,Cyclops,cp-10-q,Standard,IS,90,16.2,16.67,,,15,58,38,38,30,30,38,38,critchance_receiving_multiplier=-0.3;internalresist_ct_additive=18;internalresist_lt_additive=18;internalresist_rt_additive=18;missile_range_multiplier=0.1
436,cyclops,Cyclops,cp-10-z,Standard,IS,90,16.2,16.67,,,15,58,38,38,30,30,38,38,all_range_multiplier=0.1;critchance_receiving_multiplier=-0.3;internalresist_ct_additive=18;internalresist_lt_additive=18;internalresist_rt_additive=18
437,cyclops,Cyclops,cp-11-a-dc,Standard,IS,90,16.2,16.67,,,15,58,38,38,30,30,38,38,critchance_receiving_multiplier=-0.3;internalresist_ct_additive=18;internalresist_lt_additive=18;internalresist_rt_additive=18
438,cyclops,Cyclops,cp-11-p,Standard,IS,90,16.2,16.67,,,15,58,38,38,30,30,38,38,critchance_receiving_multiplier=-0.3;internalresist_ct_additive=18;internalresist_lt_additive=18;internalresist_rt_additive=18
439,cyclops,Cyclops,cp-s,Hero,IS,90,16.2,16.67,,,15,58,38,38,30,30,38,38,critchance_receiving_multiplier=-0.3;internalresist_ct_additive=18;internalresist_lt_additive=18;internalresist_rt_additive=18
440,centurion,Centurion,cn9-ancix,Standard,IS,50,16.2,12.84,,,15,32,24,24,16,16,24,24,armorresist_ct_additive=22;armorresist_la_additive=24;armorresist_ll_additive=18;armorresist_lt_additive=18;armorresist_ra_additive=24;armorresist_rl_additive=18;armorresist_rt_additive=18;internalresist_la_additive=16;internalresist_ra_additive=16
441,nightgyr,Night Gyr,ntg-primes,Standard,CLAN,75,16.2,15.36,30659,3458;3004;3004;1502;1502;1502;1502,15,46,32,32,24,24,32,32,
442,nightgyr,Night Gyr,ntg-prime,Standard,CLAN,75,16.2,15.36,30659,3458;3004;3004;1502;1502;1502;1502,15,46,32,32,24,24,32,32,
443,nightgyr,Night Gyr,ntg-a,Standard,CLAN,75,16.2,15.36,30667,3458;3004;3004;1502;1502;1502;1502,15,46,32,32,24,24,32,32,
444,nightgyr,Night Gyr,ntg-b,Standard,CLAN,75,16.2,15.36,30675,3458;3004;3004;1502;1502;1502;1502,15,46,32,32,24,24,32,32,
445,nightgyr,Night Gyr,ntg-c,Standard,CLAN,75,16.2,15.36,30683,3458;3004;3004;1502;1502;1502;1502,15,46,32,32,24,24,32,32,
446,nightgyr,Night Gyr,ntg-d,Standard,CLAN,75,16.2,15.36,30691,3458;3004;3004;1502;1502;1502;1502,15,46,32,32,24,24,32,32,
447,nightgyr,Night Gyr,ntg-jk,Hero,CLAN,75,16.2,15.36,30699,3458;3004;3004;1502;1502;1502;1502,15,46,32,32,24,24,32,32,
448,panther,Panther,pnt-10kc,Standard,IS,35,16.2,11.89,,,15,22,16,16,12,12,16,16,all_range_multiplier=0.1;armorresist_ct_additive=15;armorresist_la_additive=16;armorresist_ll_additive=15;armorresist_lt_additive=15;armorresist_ra_additive=30;armorresist_rl_additive=15;armorresist_rt_additive=15;internalresist_ra_additive=8
449,crab,Crab,crb-27bc,Standard,IS,50,16.2,11.64,,,15,32,24,24,16,16,24,24,internalresist_ct_additive=20;internalresist_la_additive=20;internalresist_ll_additive=20;internalresist_lt_additive=20;internalresist_ra_additive=20;internalresist_rl_additive=20;internalresist_rt_additive=20
450,grasshopper,Grasshopper,ghr-5hc,Standard,IS,70,16.2,17.20,,,15,44,30,30,22,22,30,30,all_range_multiplier=0.05;armorresist_ct_additive=10;armorresist_la_additive=9;armorresist_ll_additive=12;armorresist_lt_additive=7;armorresist_ra_additive=9;armorresist_rl_additive=12;armorresist_rt_additive=7
451,zeus,Zeus,zeu-6tc,Standard,IS,80,16.2,14.86,,,15,50,34,34,26,26,34,34,critchance_receiving_multiplier=-0.25;internalresist_ct_additive=30;internalresist_la_additive=15;internalresist_ll_additive=20;internalresist_lt_additive=20;internalresist_ra_additive=15;internalresist_rl_additive=20;internalresist_rt_additive=20
452,jenneriic,Jenner IIC,jr7-iicc,Standard,CLAN,35,16.2,9.02,,,15,22,16,16,12,12,16,16,armorresist_ct_additive=14;armorresist_ll_additive=10;armorresist_lt_additive=14;armorresist_rl_additive=10;armorresist_rt_additive=14;heatdissipation_multiplier=0.15;internalresist_la_additive=4;internalresist_ra_additive=4
453,hunchbackiic,Hunchback IIC,hbk-iicc,Standard,CLAN,50,16.2,12.16,,,15,32,24,24,16,16,24,24,internalresist_ct_additive=12;internalresist_lt_additive=12;internalresist_rt_additive=12
454,orioniic,Orion IIC,on1-iic-ac,Standard,CLAN,75,16.2,14.51,,,15,46,32,32,24,24,32,32,armorresist_ct_additive=16;armorresist_la_additive=6;armorresist_ll_additive=8;armorresist_lt_additive=16;armorresist_ra_additive=6;armorresist_rl_additive=8;armorresist_rt_additive=16;mechtopspeed_multiplier=0.075
455,highlanderiic,Highlander IIC,hgn-iic-cc,Standard,CLAN,90,16.2,17.17,,,15,58,38,38,30,31,38,38,armorresist_ct_additive=20;armorresist_la_additive=15;armorresist_ll_additive=15;armorresist_lt_additive=15;armorresist_ra_additive=15;armorresist_rl_additive=15;armorresist_rt_additive=15
456,huntsman,Huntsman,hmn-primes,Standard,CLAN,50,16.2,12.36,30707,3448;1503;1503;1503;1503;1503,15,32,24,24,16,16,24,24,
457,huntsman,Huntsman,hmn-prime,Standard,CLAN,50,16.2,12.36,30707,3448;1503;1503;1503;1503;1503,15,32,24,24,16,16,24,24,
458,huntsman,Huntsman,hmn-a,Standard,CLAN,50,16.2,12.36,30715,3448;1503;1503;1503;1503;1503,15,32,24,24,16,16,24,24,
459,huntsman,Huntsman,hmn-b,Standard,CLAN,50,16.2,12.36,30723,3448;1503;1503;1503;1503;1503,15,32,24,24,16,16,24,24,
460,huntsman,Huntsman,hmn-c,Standard,CLAN,50,16.2,12.36,30731,3448;1503;1503;1503;1503;1503,15,32,24,24,16,16,24,24,
461,huntsman,Huntsman,hmn-p,Standard,CLAN,50,16.2,12.36,30739,3448;1503;1503;1503;1503;1503,15,32,24,24,16,16,24,24,
462,huntsman,Huntsman,hmn-pa,Hero,CLAN,50,16.2,12.36,30747,3448;1503;1503;1503;1503;1503,15,32,24,24,16,16,24,24,
463,blackjack,Blackjack,bj-2l,Standard,IS,45,16.2,13.15,,,15,28,22,22,14,14,22,22,all_range_multiplier=0.15;armorresist_ct_additive=19;armorresist_la_additive=10;armorresist_ll_additive=10;armorresist_lt_additive=16;armorresist_ra_additive=10;armorresist_rl_additive=10;armorresist_rt_additive=16
464,cataphract,Cataphract,ctf-3ll,Standard,IS,70,16.2,12.53,,,15,44,30,30,22,22,30,30,armorresist_ct_additive=32;armorresist_la_additive=11;armorresist_ll_additive=15;armorresist_lt_additive=25;armorresist_ra_additive=11;armorresist_rl_additive=15;armorresist_rt_additive=25;ballistic_range_multiplier=0.1;mechtopspeed_multiplier=0.125
465,stalker,Stalker,stk-3fbl,Standard,IS,85,16.2,13.83,,,15,54,36,36,28,28,36,36,armorresist_ct_additive=6;armorresist_ll_additive=10;armorresist_lt_additive=18;armorresist_rl_additive=10;armorresist_rt_additive=18
466,hellbringer,Hellbringer,hbr-fl,Standard,CLAN,65,16.2,13.65,30755,3463;3004;3004;3004,15,42,30,30,20,20,30,30,
467,summoner,Summoner,smn-fl,Standard,CLAN,70,16.2,14.54,30763,3468;1502;3004;3004;3004;3004;1502;1502;1502;1502,15,44,30,30,22,22,30,30,internalresist_all_additive=10
468,summoner,Summoner,smn-ml,Standard,CLAN,70,16.2,14.54,30771,3468;1502;3004;3004;3004;3004;1502;1502;1502;1502,15,44,30,30,22,22,30,30,internalresist_all_additive=10
469,linebacker,Linebacker,lbk-primes,Standard,CLAN,65,16.2,10.97,30844,3476;3004;3004;3004;3004,15,42,30,30,20,20,30,30,
470,linebacker,Linebacker,lbk-prime,Standard,CLAN,65,16.2,10.97,30844,3476;3004;3004;3004;3004,15,42,30,30,20,20,30,30,
471,linebacker,Linebacker,lbk-a,Standard,CLAN,65,16.2,10.97,30852,3476;3004;3004;3004;3004,15,42,30,30,20,20,30,30,
472,linebacker,Linebacker,lbk-b,Standard,CLAN,65,16.2,10.97,30860,3476;3004;3004;3004;3004,15,42,30,30,20,20,30,30,
473,linebacker,Linebacker,lbk-c,Standard,CLAN,65,16.2,10.97,30868,3476;3004;3004;3004;3004,15,42,30,30,20,20,30,30,
474,linebacker,Linebacker,lbk-d,Standard,CLAN,65,16.2,10.97,30876,3476;3004;3004;3004;3004,15,42,30,30,20,20,30,30,
475,linebacker,Linebacker,lbk-rl,Hero,CLAN,65,16.2,10.97,30884,3476;3004;3004;3004;3004,15,42,30,30,20,20,30,30,
476,kitfox,Kit Fox,kfx-pr,Hero,CLAN,30,16.2,9.36,30812,3434;3004;3004;3004,15,20,14,14,10,10,14,14,
477,adder,Adder,adr-cn,Hero,CLAN,35,16.2,9.46,30820,3440;3004;3004,15,22,16,16,12,12,16,16,
478,nova,Nova,nva-bk,Hero,CLAN,50,16.2,10.13,30836,3448;1503;1503;1503;1503;1503;3004;3004;3004;3004,15,32,24,24,16,16,24,24,
479,stormcrow,Stormcrow,scr-lc,Hero,CLAN,55,16.2,11.97,30828,3464,15,36,26,26,18,18,26,26,
480,summoner,Summoner,smn-pd,Hero,CLAN,70,16.2,14.54,30780,3468;1502;3004;3004;3004;3004;1502;1502;1502;1502,15,44,30,30,22,22,30,30,internalresist_all_additive=10
481,timberwolf,Timber Wolf,tbr-war,Hero,CLAN,75,16.2,12.29,30788,3473;3004;3004;3004;3004;3004,15,46,32,32,24,24,32,32,
482,warhawk,Warhawk,whk-nq,Hero,CLAN,85,16.2,12.79,30796,3466;3004;3004;3004;3004;3004;3004;3004;3004;3004;3004,15,54,36,36,28,28,36,36,
483,direwolf,Dire Wolf,dwf-uv,Hero,CLAN,100,16.2,13.42,30804,3458;3004;3004;3004;3004;3004,15,62,42,42,34,34,42,42,
484,panther,Panther,pnt-10ks,Standard,IS,35,16.2,11.89,,,15,22,16,16,12,12,16,16,all_range_multiplier=0.1;armorresist_ct_additive=15;armorresist_la_additive=16;armorresist_ll_additive=15;armorresist_lt_additive=15;armorresist_ra_additive=30;armorresist_rl_additive=15;armorresist_rt_additive=15;internalresist_ra_additive=8
485,mistlynx,Mist Lynx,mlx-primes,Standard,CLAN,25,16.2,7.53,30245,3433;3004;3004;1504;1504;1504;3004;1504;1504;1504,15,16,12,12,8,8,12,12,
486,crab,Crab,crb-27bs,Standard,IS,50,16.2,11.64,,,15,32,24,24,16,16,24,24,internalresist_ct_additive=20;internalresist_la_additive=20;internalresist_ll_additive=20;internalresist_lt_additive=20;internalresist_ra_additive=20;internalresist_rl_additive=20;internalresist_rt_additive=20
487,shadowcat,Shadow Cat,shc-primes,Standard,CLAN,45,16.2,10.17,30563,3452;1606;1503;1503;1503;1503;1503;1503,15,28,22,22,14,14,22,22,
488,grasshopper,Grasshopper,ghr-5hs,Standard,IS,70,16.2,17.20,,,15,44,30,30,22,22,30,30,all_range_multiplier=0.05;armorresist_ct_additive=10;armorresist_la_additive=9;armorresist_ll_additive=12;armorresist_lt_additive=7;armorresist_ra_additive=9;armorresist_rl_additive=12;armorresist_rt_additive=7
489,ebonjaguar,Ebon Jaguar,ebj-primes,Standard,CLAN,65,16.2,11.88,30499,3463;3004;3004;3004,15,42,30,30,20,20,30,30,
490,zeus,Zeus,zeu-6ts,Standard,IS,80,16.2,14.86,,,15,50,34,34,26,26,34,34,critchance_receiving_multiplier=-0.25;internalresist_ct_additive=30;internalresist_la_additive=15;internalresist_ll_additive=20;internalresist_lt_additive=20;internalresist_ra_additive=15;internalresist_rl_additive=20;internalresist_rt_additive=20
491,warhawk,Warhawk,whk-cs,Standard,CLAN,85,16.2,12.79,30403,3466;3004;3004;3004;3004;3004;3004;3004;3004;3004;3004,15,54,36,36,28,28,36,36,
492,marauderiic,Marauder IIC,mad-iics,Standard,CLAN,85,16.2,12.42,,,15,54,36,36,28,28,36,36,armorresist_lt_additive=7;armorresist_rt_additive=7
493,marauderiic,Marauder IIC,mad-iic,Standard,CLAN,85,16.2,12.42,,,15,54,36,36,28,28,36,36,armorresist_lt_additive=7;armorresist_rt_additive=7
494,marauderiic,Marauder IIC,mad-iic-8,Standard,CLAN,85,16.2,12.42,,,15,54,36,36,28,28,36,36,armorresist_lt_additive=7;armorresist_rt_additive=7
495,marauderiic,Marauder IIC,mad-iic-a,Standard,CLAN,85,16.2,12.42,,,15,54,36,36,28,28,36,36,armorresist_lt_additive=7;armorresist_rt_additive=14
496,marauderiic,Marauder IIC,mad-iic-b,Standard,CLAN,85,16.2,12.42,,,15,54,36,36,28,28,36,36,armorresist_lt_additive=7;armorresist_rt_additive=7;missile_range_multiplier=0.2
497,marauderiic,Marauder IIC,mad-iic-c,Standard,CLAN,85,16.2,12.42,,,15,54,36,36,28,28,36,36,armorresist_lt_additive=7;armorresist_rt_additive=14
498,marauderiic,Marauder IIC,mad-iic-d,Standard,CLAN,85,16.2,12.42,,,15,54,36,36,28,28,36,36,energy_range_multiplier=0.1;gaussrifle_range_multiplier=0.1;missile_range_multiplier=0.1
499,marauderiic,Marauder IIC,mad-iic-sc,Hero,CLAN,85,16.2,12.42,,,15,54,36,36,28,28,36,36,armorresist_lt_additive=14;armorresist_rt_additive=14
500,bushwacker,Bushwacker,bsw-x1s,Standard,IS,55,16.2,12.47,,,15,36,26,26,18,18,26,26,armorresist_ct_additive=15;armorresist_la_additive=15;armorresist_ll_additive=8;armorresist_lt_additive=15;armorresist_ra_additive=25;armorresist_rl_additive=8;armorresist_rt_additive=15
501,bushwacker,Bushwacker,bsw-x1,Standard,IS,55,16.2,12.47,,,15,36,26,26,18,18,26,26,armorresist_ct_additive=15;armorresist_la_additive=15;armorresist_ll_additive=8;armorresist_lt_additive=15;armorresist_ra_additive=25;armorresist_rl_additive=8;armorresist_rt_additive=15
502,bushwacker,Bushwacker,bsw-x2,Standard,IS,55,16.2,12.47,,,15,36,26,26,18,18,26,26,armorresist_ct_additive=15;armorresist_la_additive=15;armorresist_ll_additive=8;armorresist_lt_additive=15;armorresist_ra_additive=25;armorresist_rl_additive=8;armorresist_rt_additive=15
503,bushwacker,Bushwacker,bsw-s2,Standard,IS,55,16.2,12.47,,,15,36,26,26,18,18,26,26,armorresist_ct_additive=15;armorresist_la_additive=15;armorresist_ll_additive=8;armorresist_lt_additive=15;armorresist_ra_additive=25;armorresist_rl_additive=8;armorresist_rt_additive=15
504,bushwacker,Bushwacker,bsw-p1,Standard,IS,55,16.2,12.47,,,16,36,26,26,18,18,26,26,armorresist_ct_additive=15;armorresist_la_additive=15;armorresist_ll_additive=8;armorresist_lt_additive=15;armorresist_ra_additive=25;armorresist_rl_additive=8;armorresist_rt_additive=15
505,bushwacker,Bushwacker,bsw-p2,Standard,IS,55,16.2,12.47,,,15,36,26,26,19,18,26,26,armorresist_ct_additive=15;armorresist_la_additive=15;armorresist_ll_additive=8;armorresist_lt_additive=15;armorresist_ra_additive=25;armorresist_rl_additive=8;armorresist_rt_additive=15
506,bushwacker,Bushwacker,bsw-hr,Hero,IS,55,16.2,12.47,,,15,36,26,26,18,18,26,26,all_range_multiplier=0.1;armorresist_ct_additive=15;armorresist_la_additive=25;armorresist_ll_additive=8;armorresist_lt_additive=15;armorresist_ra_additive=25;armorresist_rl_additive=8;armorresist_rt_additive=15;critchance_receiving_multiplier=-0.25
507,supernova,Supernova,snv-1s,Standard,CLAN,90,16.2,14.81,,,15,58,38,38,30,30,38,38,armorresist_la_additive=12;armorresist_ra_additive=12;internalresist_ct_additive=15;internalresist_ll_additive=15;internalresist_lt_additive=15;internalresist_rl_additive=15;internalresist_rt_additive=15
508,supernova,Supernova,snv-1,Standard,CLAN,90,16.2,14.81,,,15,58,38,38,30,30,38,38,armorresist_la_additive=12;armorresist_ra_additive=12;internalresist_ct_additive=15;internalresist_ll_additive=15;internalresist_lt_additive=15;internalresist_rl_additive=15;internalresist_rt_additive=15
509,supernova,Supernova,snv-3,Standard,CLAN,90,16.2,14.81,,,15,58,38,38,30,30,38,38,armorresist_la_additive=12;armorresist_ra_additive=12;energy_range_multiplier=0.05;internalresist_ct_additive=15;internalresist_ll_additive=10;internalresist_lt_additive=15;internalresist_rl_additive=10;internalresist_rt_additive=15
510,supernova,Supernova,snv-a,Standard,CLAN,90,16.2,14.81,,,15,58,38,38,30,30,38,38,armorresist_la_additive=8;armorresist_ra_additive=8;internalresist_ct_additive=10;internalresist_ll_additive=10;internalresist_lt_additive=10;internalresist_rl_additive=10;internalresist_rt_additive=10
511,supernova,Supernova,snv-b,Standard,CLAN,90,16.2,14.81,,,15,58,38,38,30,30,38,38,armorresist_la_additive=12;armorresist_ra_additive=12;internalresist_ct_additive=15;internalresist_ll_additive=15;internalresist_lt_additive=15;internalresist_rl_additive=15;internalresist_rt_additive=15
512,supernova,Supernova,snv-c,Standard,CLAN,90,16.2,14.81,,,15,58,38,38,30,30,38,38,armorresist_la_additive=8;armorresist_ra_additive=8;internalresist_ct_additive=10;internalresist_ll_additive=10;internalresist_lt_additive=10;internalresist_rl_additive=10;internalresist_rt_additive=10
513,supernova,Supernova,snv-br,Hero,CLAN,90,16.2,14.81,,,15,58,38,38,30,30,38,38,armorresist_la_additive=12;armorresist_ra_additive=12;internalresist_ct_additive=15;internalresist_ll_additive=10;internalresist_lt_additive=15;internalresist_rl_additive=10;internalresist_rt_additive=15
514,blackjack,Blackjack,bj-2,Standard,IS,45,16.2,13.15,,,15,28,22,22,14,14,22,22,all_range_multiplier=0.15;armorresist_ct_additive=19;armorresist_la_additive=10;armorresist_ll_additive=10;armorresist_lt_additive=16;armorresist_ra_additive=10;armorresist_rl_additive=10;armorresist_rt_additive=16
515,stalker,Stalker,stk-3fb,Standard,IS,85,16.2,13.83,,,15,54,36,36,28,28,36,36,armorresist_ct_additive=6;armorresist_ll_additive=10;armorresist_lt_additive=18;armorresist_rl_additive=10;armorresist_rt_additive=18
516,hellbringer,Hellbringer,hbr-f,Standard,CLAN,65,16.2,13.65,30755,3463;3004;3004;3004,15,42,30,30,20,20,30,30,
517,summoner,Summoner,smn-f,Standard,CLAN,70,16.2,14.54,30763,3468;1502;3004;3004;3004;3004;1502;1502;1502;1502,15,44,30,30,22,22,30,30,internalresist_all_additive=10
518,summoner,Summoner,smn-m,Standard,CLAN,70,16.2,14.54,30771,3468;1502;3004;3004;3004;3004;1502;1502;1502;1502,15,44,30,30,22,22,30,30,internalresist_all_additive=10
519,assassin,Assassin,asn-21s,Standard,IS,40,16.2,13.24,,,15,24,20,20,12,12,20,20,armorresist_ct_additive=9;armorresist_la_additive=4;armorresist_ll_additive=8;armorresist_lt_additive=8;armorresist_ra_additive=8;armorresist_rl_additive=8;armorresist_rt_additive=8;missile_range_multiplier=0.4
520,assassin,Assassin,asn-21,Standard,IS,40,16.2,13.24,,,15,24,20,20,12,12,20,20,armorresist_ct_additive=9;armorresist_la_additive=4;armorresist_ll_additive=8;armorresist_lt_additive=8;armorresist_ra_additive=8;armorresist_rl_additive=8;armorresist_rt_additive=8;missile_range_multiplier=0.4
521,assassin,Assassin,asn-23,Standard,IS,40,16.2,13.24,,,15,24,20,20,12,12,20,20,all_range_multiplier=0.2;armorresist_ct_additive=9;armorresist_la_additive=4;armorresist_ll_additive=8;armorresist_lt_additive=8;armorresist_ra_additive=12;armorresist_rl_additive=8;armorresist_rt_additive=8
522,assassin,Assassin,asn-101,Standard,IS,40,16.2,13.24,,,15,24,20,20,12,12,20,20,all_range_multiplier=0.2;armorresist_ct_additive=9;armorresist_la_additive=4;armorresist_ll_additive=8;armorresist_lt_additive=8;armorresist_ra_additive=4;armorresist_rl_additive=8;armorresist_rt_additive=8
523,assassin,Assassin,asn-26,Standard,IS,40,16.2,13.24,,,15,24,20,20,12,12,20,20,all_range_multiplier=0.2;armorresist_ct_additive=9;armorresist_la_additive=4;armorresist_ll_additive=8;armorresist_lt_additive=8;armorresist_ra_additive=4;armorresist_rl_additive=8;armorresist_rt_additive=8
524,assassin,Assassin,asn-27,Standard,IS,40,16.2,13.24,,,15,24,20,20,12,12,20,20,armorresist_ct_additive=9;armorresist_la_additive=4;armorresist_ll_additive=8;armorresist_lt_additive=8;armorresist_ra_additive=12;armorresist_rl_additive=8;armorresist_rt_additive=8;missile_range_multiplier=0.3
525,assassin,Assassin,asn-dd,Hero,IS,40,16.2,13.24,,,15,24,20,20,12,12,20,20,armorresist_ct_additive=9;armorresist_la_additive=4;armorresist_ll_additive=8;armorresist_lt_additive=8;armorresist_ra_additive=12;armorresist_rl_additive=8;armorresist_rt_additive=8;tag_range_multiplier=0.5
526,wolfhound,Wolfhound,wlf-1c,Standard,IS,35,16.2,12.22,,,15,22,16,16,12,12,16,16,armorresist_ct_additive=11;armorresist_ll_additive=8;armorresist_lt_additive=11;armorresist_ra_additive=6;armorresist_rl_additive=8;armorresist_rt_additive=11;energy_range_multiplier=0.1
527,phoenixhawk,Phoenix Hawk,pxh-2c,Standard,IS,45,16.2,13.08,,,15,28,22,22,14,14,22,22,armorresist_la_additive=21;armorresist_ra_additive=21;internalresist_ct_additive=7;internalresist_la_additive=7;internalresist_ll_additive=6;internalresist_lt_additive=6;internalresist_ra_additive=7;internalresist_rl_additive=6;internalresist_rt_additive=6
528,warhammer,Warhammer,whm-6dc,Standard,IS,70,16.2,14.56,,,15,44,30,30,22,22,30,30,energy_range_multiplier=0.1;internalresist_ct_additive=22;internalresist_la_additive=10;internalresist_ll_additive=14;internalresist_lt_additive=14;internalresist_ra_additive=10;internalresist_rl_additive=14;internalresist_rt_additive=14
529,mauler,Mauler,mal-mx90c,Standard,IS,90,16.2,15.55,,,15,58,38,38,30,30,38,38,all_range_multiplier=0.1
530,adder,Adder,adr-primec,Standard,CLAN,35,16.2,9.46,30027,3440;3004;3004,15,22,16,16,12,12,16,16,
531,nova,Nova,nva-sc,Standard,CLAN,50,16.2,10.13,30115,3448;1503;1503;1503;1503;1503;3004;3004;3004;3004,15,32,24,24,16,16,24,24,
532,hellbringer,Hellbringer,hbr-fc,Standard,CLAN,65,16.2,13.65,30755,3463;3004;3004;3004,15,42,30,30,20,20,30,30,
533,kodiak,Kodiak,kdk-3c,Standard,CLAN,100,16.2,15.30,,,15,62,42,42,34,34,42,42,armorresist_ct_additive=7;armorresist_ll_additive=20;armorresist_lt_additive=7;armorresist_rl_additive=20;armorresist_rt_additive=7;critchance_receiving_multiplier=-0.6
534,roughneck,Roughneck,rgh-1as,Standard,IS,65,16.2,13.91,,,15,42,30,30,20,20,30,30,armorresist_all_additive=5;armorresist_ct_additive=5;internalresist_all_additive=10;internalresist_ct_additive=10;internalresist_lt_additive=5;internalresist_rt_additive=5
535,roughneck,Roughneck,rgh-1a,Standard,IS,65,16.2,13.91,,,15,42,30,30,20,20,30,30,armorresist_all_additive=5;armorresist_ct_additive=5;internalresist_all_additive=10;internalresist_ct_additive=10;internalresist_lt_additive=5;internalresist_rt_additive=5
536,roughneck,Roughneck,rgh-1b,Standard,IS,65,16.2,13.91,,,15,42,30,30,20,20,30,30,armorresist_all_additive=5;armorresist_ct_additive=5;internalresist_all_additive=10;internalresist_ct_additive=10;internalresist_lt_additive=5;internalresist_rt_additive=5
537,roughneck,Roughneck,rgh-1c,Standard,IS,65,16.2,13.91,,,15,42,30,30,20,20,30,30,armorresist_all_additive=5;armorresist_ct_additive=5;internalresist_all_additive=10;internalresist_ct_additive=10;internalresist_lt_additive=5;internalresist_rt_additive=5;missile_range_multiplier=0.15
538,roughneck,Roughneck,rgh-2a,Standard,IS,65,16.2,13.91,,,15,42,30,30,20,20,30,30,armorresist_all_additive=5;armorresist_ct_additive=5;internalresist_all_additive=10;internalresist_ct_additive=10;internalresist_lt_additive=5;internalresist_rt_additive=5
539,roughneck,Roughneck,rgh-3a,Standard,IS,65,16.2,13.91,,,15,42,30,30,20,20,30,30,armorresist_all_additive=5;armorresist_ct_additive=5;internalresist_all_additive=10;internalresist_ct_additive=10;internalresist_lt_additive=5;internalresist_rt_additive=5;pulselaser_range_multiplier=0.1
540,roughneck,Roughneck,rgh-r,Hero,IS,65,16.2,13.91,,,15,42,30,30,20,20,30,30,armorresist_all_additive=5;armorresist_ct_additive=5;internalresist_all_additive=10;internalresist_ct_additive=10;internalresist_lt_additive=5;internalresist_rt_additive=5
541,javelin,Javelin,jvn-10ns,Standard,IS,30,16.2,11.44,,,15,20,14,14,10,10,14,14,internalresist_ct_additive=8;internalresist_ll_additive=8;internalresist_lt_additive=8;internalresist_rl_additive=8;internalresist_rt_additive=8
542,javelin,Javelin,jvn-10n,Standard,IS,30,16.2,11.44,,,15,20,14,14,10,10,14,14,internalresist_ct_additive=8;internalresist_ll_additive=8;internalresist_lt_additive=8;internalresist_rl_additive=8;internalresist_rt_additive=8
543,javelin,Javelin,jvn-10f,Standard,IS,30,16.2,11.44,,,15,20,14,14,10,10,14,14,internalresist_ct_additive=8;internalresist_ll_additive=8;internalresist_lt_additive=8;internalresist_rl_additive=8;internalresist_rt_additive=8
544,javelin,Javelin,jvn-10p,Standard,IS,30,16.2,11.44,,,15,20,14,14,10,10,14,14,internalresist_ct_additive=8;internalresist_ll_additive=8;internalresist_lt_additive=8;internalresist_rl_additive=8;internalresist_rt_additive=8
545,javelin,Javelin,jvn-11a,Standard,IS,30,16.2,11.44,,,15,20,14,14,10,10,14,14,heatdissipation_multiplier=0.075;internalresist_ct_additive=8;internalresist_ll_additive=8;internalresist_lt_additive=8;internalresist_rl_additive=8;internalresist_rt_additive=8
546,javelin,Javelin,jvn-11b,Standard,IS,30,16.2,11.44,,,15,20,14,14,10,10,14,14,internalresist_ct_additive=8;internalresist_ll_additive=8;internalresist_lt_additive=8;internalresist_rl_additive=8;internalresist_rt_additive=8;mechtopspeed_multiplier=0.05;missile_range_multiplier=0.1
547,javelin,Javelin,jvn-ht,Hero,IS,30,16.2,11.44,,,15,20,14,14,10,10,14,14,all_range_multiplier=0.2;armorresist_ct_additive=14;armorresist_la_additive=14;armorresist_ll_additive=10;armorresist_lt_additive=14;armorresist_ra_additive=14;armorresist_rl_additive=10;armorresist_rt_additive=14
548,urbanmech,UrbanMech,um-k9,Hero,IS,30,16.2,9.42,,,15,20,14,14,10,10,14,14,armorresist_ct_additive=20;armorresist_la_additive=20;armorresist_ll_additive=14;armorresist_lt_additive=14;armorresist_ra_additive=20;armorresist_rl_additive=14;armorresist_rt_additive=14;ballistic_range_multiplier=0.1;heatdissipation_multiplier=0.05
549,wolfhound,Wolfhound,wlf-gr,Hero,IS,35,16.2,12.22,,,15,22,16,16,12,12,16,16,armorresist_ct_additive=11;armorresist_ll_additive=8;armorresist_lt_additive=11;armorresist_ra_additive=6;armorresist_rl_additive=8;armorresist_rt_additive=11
550,panther,Panther,pnt-kk,Hero,IS,35,16.2,11.89,,,15,22,16,16,12,12,16,16,all_range_multiplier=0.1;armorresist_ct_additive=15;armorresist_la_additive=15;armorresist_ll_additive=15;armorresist_lt_additive=15;armorresist_ra_additive=15;armorresist_rl_additive=15;armorresist_rt_additive=15
551,crab,Crab,crb-fl,Hero,IS,50,16.2,11.64,,,15,32,24,24,16,16,24,24,internalresist_ct_additive=20;internalresist_la_additive=20;internalresist_ll_additive=20;internalresist_lt_additive=20;internalresist_ra_additive=20;internalresist_rl_additive=20;internalresist_rt_additive=20
552,enforcer,Enforcer,enf-gh,Hero,IS,50,16.2,13.85,,,15,32,24,24,16,16,24,24,armorresist_ct_additive=14;armorresist_la_additive=12;armorresist_ll_additive=14;armorresist_lt_additive=12;armorresist_ra_additive=12;armorresist_rl_additive=14;armorresist_rt_additive=12;energy_range_multiplier=0.05;internalresist_all_additive=6
553,grasshopper,Grasshopper,ghr-mj,Hero,IS,70,16.2,17.20,,,15,44,30,30,22,22,30,30,armorresist_ct_additive=15;armorresist_la_additive=20;armorresist_ll_additive=15;armorresist_lt_additive=10;armorresist_ra_additive=11;armorresist_rl_additive=15;armorresist_rt_additive=10;ismediumlaserfamily_range_multiplier=0.1
554,blackknight,Black Knight,bl-p-knt,Hero,IS,75,16.2,17.00,,,15,46,32,32,24,24,32,32,armorresist_ct_additive=27;armorresist_la_additive=20;armorresist_ll_additive=12;armorresist_lt_additive=12;armorresist_ra_additive=9;armorresist_rl_additive=12;armorresist_rt_additive=12;isautocannon_range_multiplier=0.3
555,zeus,Zeus,zeu-sk,Hero,IS,80,16.2,14.86,,,15,50,34,34,26,26,34,34,critchance_receiving_multiplier=-0.25;internalresist_ct_additive=30;internalresist_la_additive=15;internalresist_ll_additive=20;internalresist_lt_additive=20;internalresist_ra_additive=15;internalresist_rl_additive=20;internalresist_rt_additive=20;mechtopspeed_multiplier=0.075
556,mauler,Mauler,mal-ko,Hero,IS,90,16.2,15.55,,,15,58,38,38,30,30,38,38,
557,kingcrab,King Crab,kgc-kj,Hero,IS,100,16.2,12.17,,,15,62,42,42,34,34,42,42,armorresist_ct_additive=30;armorresist_la_additive=15;armorresist_ll_additive=15;armorresist_lt_additive=20;armorresist_ra_additive=15;armorresist_rl_additive=15;armorresist_rt_additive=20
558,uziel,Uziel,uzl-3ss,Standard,IS,50,16.2,11.11,,,15,32,24,24,16,16,24,24,all_range_multiplier=0.1;armorresist_ct_additive=13;armorresist_la_additive=8;armorresist_lt_additive=13;armorresist_ra_additive=8;armorresist_rt_additive=13;internalresist_ct_additive=8;internalresist_lt_additive=8;internalresist_rt_additive=8
559,uziel,Uziel,uzl-3s,Standard,IS,50,16.2,11.11,,,15,32,24,24,16,16,24,24,all_range_multiplier=0.1;armorresist_ct_additive=13;armorresist_la_additive=8;armorresist_lt_additive=13;armorresist_ra_additive=8;armorresist_rt_additive=13;internalresist_ct_additive=8;internalresist_lt_additive=8;internalresist_rt_additive=8
560,uziel,Uziel,uzl-2s,Standard,IS,50,16.2,11.11,,,15,32,24,24,16,16,24,24,all_range_multiplier=0.1;armorresist_ct_additive=13;armorresist_la_additive=8;armorresist_lt_additive=13;armorresist_ra_additive=8;armorresist_rt_additive=13;internalresist_ct_additive=8;internalresist_lt_additive=8;internalresist_rt_additive=8
561,uziel,Uziel,uzl-3p,Standard,IS,50,16.2,11.11,,,15,32,24,24,16,16,24,24,all_range_multiplier=0.1;armorresist_ct_additive=13;armorresist_la_additive=8;armorresist_lt_additive=13;armorresist_ra_additive=8;armorresist_rt_additive=13;ballistic_range_multiplier=0.1;internalresist_ct_additive=8;internalresist_la_additive=8;internalresist_lt_additive=8;internalresist_ra_additive=8;internalresist_rt_additive=8
562,uziel,Uziel,uzl-5p,Standard,IS,50,16.2,11.11,,,15,32,24,24,16,16,24,24,all_range_multiplier=0.1;armorresist_ct_additive=13;armorresist_la_additive=8;armorresist_lt_additive=13;armorresist_ra_additive=8;armorresist_rt_additive=13;internalresist_ct_additive=8;internalresist_lt_additive=8;internalresist_rt_additive=8
563,uziel,Uziel,uzl-6p,Standard,IS,50,16.2,11.11,,,15,32,24,24,16,16,24,24,all_range_multiplier=0.1;armorresist_ct_additive=13;armorresist_la_additive=8;armorresist_lt_additive=13;armorresist_ra_additive=8;armorresist_rt_additive=13;internalresist_ct_additive=8;internalresist_lt_additive=8;internalresist_rt_additive=8
564,uziel,Uziel,uzl-be,Hero,IS,50,16.2,11.11,,,15,32,24,24,16,16,24,24,all_range_multiplier=0.1;armorresist_ct_additive=13;armorresist_la_additive=8;armorresist_lt_additive=13;armorresist_ra_additive=8;armorresist_rt_additive=13;internalresist_ct_additive=8;internalresist_lt_additive=8;internalresist_rt_additive=8
565,annihilator,Annihilator,anh-2as,Standard,IS,100,16.2,18.74,,,15,62,42,42,34,34,42,42,armorresist_ct_additive=20;armorresist_la_additive=12;armorresist_ll_additive=16;armorresist_lt_additive=26;armorresist_ra_additive=12;armorresist_rl_additive=16;armorresist_rt_additive=26;critchance_receiving_multiplier=-0.15
566,annihilator,Annihilator,anh-2a,Standard,IS,100,16.2,18.74,,,15,62,42,42,34,34,42,42,armorresist_ct_additive=20;armorresist_la_additive=12;armorresist_ll_additive=16;armorresist_lt_additive=26;armorresist_ra_additive=12;armorresist_rl_additive=16;armorresist_rt_additive=26;critchance_receiving_multiplier=-0.15
567,annihilator,Annihilator,anh-1a,Standard,IS,100,16.2,18.74,,,15,62,42,42,34,34,42,42,armorresist_ct_additive=16;armorresist_la_additive=2;armorresist_ll_additive=7;armorresist_lt_additive=12;armorresist_ra_additive=2;armorresist_rl_additive=7;armorresist_rt_additive=12;ballistic_range_multiplier=0.1;critchance_receiving_multiplier=-0.15
568,annihilator,Annihilator,anh-1e,Standard,IS,100,16.2,18.74,,,15,62,42,42,34,34,42,42,armorresist_ct_additive=20;armorresist_la_additive=12;armorresist_ll_additive=16;armorresist_lt_additive=26;armorresist_ra_additive=12;armorresist_rl_additive=16;armorresist_rt_additive=26;critchance_receiving_multiplier=-0.15
569,annihilator,Annihilator,anh-1x,Standard,IS,100,16.2,18.74,,,15,62,42,42,34,34,42,42,armorresist_ct_additive=20;armorresist_la_additive=12;armorresist_ll_additive=16;armorresist_lt_additive=26;armorresist_ra_additive=12;armorresist_rl_additive=16;armorresist_rt_additive=26;critchance_receiving_multiplier=-0.15
570,annihilator,Annihilator,anh-1p,Standard,IS,100,16.2,18.74,,,16,62,42,42,34,34,42,42,armorresist_ct_additive=16;armorresist_la_additive=2;armorresist_ll_additive=7;armorresist_lt_additive=12;armorresist_ra_additive=2;armorresist_rl_additive=7;armorresist_rt_additive=12;critchance_receiving_multiplier=-0.15
571,annihilator,Annihilator,anh-mb,Hero,IS,100,16.2,18.74,,,15,62,42,42,34,34,42,42,armorresist_ct_additive=20;armorresist_la_additive=12;armorresist_ll_additive=16;armorresist_lt_additive=26;armorresist_ra_additive=12;armorresist_rl_additive=16;armorresist_rt_additive=26;critchance_receiving_multiplier=-0.15
572,cougar,Cougar,cou-primes,Standard,CLAN,35,16.2,9.74,30892,3433;3004;3004;3004,15,22,16,16,12,12,16,16,
573,cougar,Cougar,cou-prime,Standard,CLAN,35,16.2,9.74,30892,3433;3004;3004;3004,15,22,16,16,12,12,16,16,
574,cougar,Cougar,cou-c,Standard,CLAN,35,16.2,9.74,30900,3433;3004;3004;3004,15,22,16,16,12,12,16,16,
575,cougar,Cougar,cou-d,Standard,CLAN,35,16.2,9.74,30908,3433;3004;3004;3004,15,22,16,16,12,12,16,16,
576,cougar,Cougar,cou-e,Standard,CLAN,35,16.2,9.74,30916,3433;3004;3004;3004,15,22,16,16,12,12,16,16,
577,cougar,Cougar,cou-h,Standard,CLAN,35,16.2,9.74,30924,3433;3004;3004;3004,15,22,16,16,12,12,16,16,
578,cougar,Cougar,cou-ba,Hero,CLAN,35,16.2,9.74,30932,3433;3004;3004;3004,15,22,16,16,12,12,16,16,
579,madcatmkii,Mad Cat Mk II,mcii-1s,Standard,CLAN,90,16.2,13.96,,,15,58,38,38,30,30,38,38,armorresist_la_additive=15;armorresist_ra_additive=15
580,madcatmkii,Mad Cat Mk II,mcii-1,Standard,CLAN,90,16.2,13.96,,,15,58,38,38,30,30,38,38,armorresist_la_additive=15;armorresist_ra_additive=15
581,madcatmkii,Mad Cat Mk II,mcii-2,Standard,CLAN,90,16.2,13.96,,,15,58,38,38,30,30,38,38,armorresist_la_additive=15;armorresist_lt_additive=8;armorresist_ra_additive=15;armorresist_rt_additive=8
582,madcatmkii,Mad Cat Mk II,mcii-4,Standard,CLAN,90,16.2,13.96,,,15,58,38,38,30,30,38,38,armorresist_la_additive=15;armorresist_lt_additive=8;armorresist_ra_additive=15;armorresist_rt_additive=8
583,madcatmkii,Mad Cat Mk II,mcii-a,Standard,CLAN,90,16.2,13.96,,,15,58,38,38,30,30,38,38,armorresist_la_additive=15;armorresist_lt_additive=8;armorresist_ra_additive=15;armorresist_rt_additive=8
584,madcatmkii,Mad Cat Mk II,mcii-b,Standard,CLAN,90,16.2,13.96,,,15,58,38,38,30,30,38,38,armorresist_la_additive=15;armorresist_ra_additive=15
585,madcatmkii,Mad Cat Mk II,mcii-ds,Hero,CLAN,90,16.2,13.96,,,15,58,38,38,30,30,38,38,armorresist_la_additive=15;armorresist_ra_additive=15
586,mistlynx,Mist Lynx,mlx-ed,Hero,CLAN,25,16.2,7.53,30940,3433;3004;3004;1504;1504;1504;3004;1504;1504;1504,15,16,12,12,8,8,12,12,
587,arcticcheetah,Arctic Cheetah,ach-sh,Hero,CLAN,30,16.2,9.94,30948,3446;1504;1504;1504;1504;1504;1504;3004,15,20,14,14,10,10,14,14,
588,iceferret,Ice Ferret,ifr-rc,Hero,CLAN,45,16.2,12.62,30956,3470;3004;3004,15,28,22,22,14,14,22,22,
589,shadowcat,Shadow Cat,shc-mi,Hero,CLAN,45,16.2,10.17,30964,3452;1606;1503;1503;1503;1503;1503;1503,15,28,22,22,14,14,22,22,
590,maddog,Mad Dog,mdd-ba,Hero,CLAN,60,16.2,14.34,30972,3458;3004;3004,15,40,28,28,20,20,28,28,
591,ebonjaguar,Ebon Jaguar,ebj-ec,Hero,CLAN,65,16.2,11.88,30980,3463;3004;3004;3004,15,42,30,30,20,20,30,30,
592,hellbringer,Hellbringer,hbr-vi,Hero,CLAN,65,16.2,13.65,30988,3463;3004;3004;3004,15,42,30,30,20,20,30,30,
593,gargoyle,Gargoyle,gar-kw,Hero,CLAN,80,16.2,15.59,30996,3478;3004;3004;3004;3004;3004;3004,15,50,34,34,26,26,34,34,
594,executioner,Executioner,exe-ch,Hero,CLAN,95,16.2,17.10,31004,3474;3004;3004;3004;3004;3004;1500;1500;1500;1500;1608;3004,15,60,40,40,32,32,40,40,
595,mistlynx,Mist Lynx,mlx-g,Standard,CLAN,25,16.2,7.53,31012,3433;3004;3004;1504;1504;1504;3004;1504;1504;1504,15,16,12,12,8,8,12,12,
596,arcticcheetah,Arctic Cheetah,ach-e,Standard,CLAN,30,16.2,9.94,31020,3446;1504;1504;1504;1504;1504;1504;3004,15,20,14,14,10,10,14,14,
597,iceferret,Ice Ferret,ifr-p,Standard,CLAN,45,16.2,12.62,31028,3470;3004;3004,15,28,22,22,14,14,22,22,
598,shadowcat,Shadow Cat,shc-h,Standard,CLAN,45,16.2,10.17,31036,3452;1606;1503;1503;1503;1503;1503;1503,15,28,22,22,14,14,22,22,
599,maddog,Mad Dog,mdd-h,Standard,CLAN,60,16.2,14.34,31044,3458;3004;3004,15,40,28,28,20,20,28,28,
600,ebonjaguar,Ebon Jaguar,ebj-d,Standard,CLAN,65,16.2,11.88,31052,3463;3004;3004;3004,15,42,30,30,20,20,30,30,
601,hellbringer,Hellbringer,hbr-p,Standard,CLAN,65,16.2,13.65,31060,3463;3004;3004;3004,15,42,30,30,20,20,30,30,
602,gargoyle,Gargoyle,gar-e,Standard,CLAN,80,16.2,15.59,31068,3478;3004;3004;3004;3004;3004;3004,15,50,34,34,26,26,34,34,
603,executioner,Executioner,exe-e,Standard,CLAN,95,16.2,17.10,31076,3474;3004;3004;3004;3004;3004;1500;1500;1500;1500;1608;3004,15,60,40,40,32,32,40,40,
604,jenneriic,Jenner IIC,jr7-iic-fy,Hero,CLAN,35,16.2,9.02,,,15,22,16,16,12,12,16,16,all_range_multiplier=0.1;armorresist_ct_additive=18;armorresist_la_additive=5;armorresist_ll_additive=10;armorresist_lt_additive=15;armorresist_ra_additive=5;armorresist_rl_additive=10;armorresist_rt_additive=15;ballistic_range_multiplier=0.1;heatdissipation_multiplier=0.15
605,hunchbackiic,Hunchback IIC,hbk-iic-dw,Hero,CLAN,50,16.2,12.16,,,15,32,24,24,16,16,24,24,armorresist_ct_additive=8;armorresist_lt_additive=12;armorresist_rt_additive=12;clanheavymediumlaser_range_multiplier=0.05;internalresist_ct_additive=12;internalresist_lt_additive=12;internalresist_rt_additive=12
606,orioniic,Orion IIC,on1-iic-sk,Hero,CLAN,75,16.2,14.51,,,16,46,32,32,24,24,32,32,armorresist_ct_additive=16;armorresist_la_additive=6;armorresist_ll_additive=8;armorresist_lt_additive=16;armorresist_ra_additive=6;armorresist_rl_additive=8;armorresist_rt_additive=16;mechtopspeed_multiplier=0.075
607,highlanderiic,Highlander IIC,hgn-iic-kp,Hero,CLAN,90,16.2,17.17,,,15,58,38,38,30,30,38,38,armorresist_ct_additive=27;armorresist_la_additive=15;armorresist_ll_additive=15;armorresist_lt_additive=15;armorresist_ra_additive=15;armorresist_rl_additive=15;armorresist_rt_additive=15;critchance_receiving_multiplier=-0.4
608,osiris,Osiris,osr-3ds,Standard,IS,30,16.2,9.77,,,15,20,14,14,10,10,14,14,all_range_multiplier=0.1;internalresist_all_additive=5;issmalllaser_range_multiplier=0.3
609,osiris,Osiris,osr-3d,Standard,IS,30,16.2,9.77,,,15,20,14,14,10,10,14,14,all_range_multiplier=0.1;internalresist_all_additive=5;issmalllaser_range_multiplier=0.3
610,osiris,Osiris,osr-4d,Standard,IS,30,16.2,9.77,,,15,20,14,14,10,10,14,14,all_range_multiplier=0.1;internalresist_all_additive=5
611,osiris,Osiris,osr-1v,Standard,IS,30,16.2,9.77,,,15,20,14,14,10,10,14,14,internalresist_all_additive=5;laser_range_multiplier=0.1;missile_range_multiplier=0.2
612,osiris,Osiris,osr-2v,Standard,IS,30,16.2,9.77,,,15,20,14,14,10,10,14,14,internalresist_all_additive=5;ismediumlaserfamily_range_multiplier=0.2
613,osiris,Osiris,osr-1p,Standard,IS,30,16.2,9.77,,,15,20,14,14,10,10,14,14,internalresist_all_additive=5
614,osiris,Osiris,osr-se,Hero,IS,30,16.2,9.77,,,15,20,14,14,10,10,14,14,internalresist_all_additive=5
615,nightstar,Nightstar,nsr-9js,Standard,IS,95,16.2,13.08,,,15,60,40,40,32,32,40,40,armorresist_ct_additive=23;armorresist_la_additive=8;armorresist_ll_additive=15;armorresist_lt_additive=16;armorresist_ra_additive=8;armorresist_rl_additive=15;armorresist_rt_additive=16;critchance_receiving_multiplier=-0.1
616,nightstar,Nightstar,nsr-9j,Standard,IS,95,16.2,13.08,,,15,60,40,40,32,32,40,40,armorresist_ct_additive=23;armorresist_la_additive=8;armorresist_ll_additive=15;armorresist_lt_additive=16;armorresist_ra_additive=8;armorresist_rl_additive=15;armorresist_rt_additive=16;critchance_receiving_multiplier=-0.1
617,nightstar,Nightstar,nsr-9fc,Standard,IS,95,16.2,13.08,,,15,60,40,40,32,32,40,40,armorresist_ct_additive=23;armorresist_la_additive=8;armorresist_ll_additive=15;armorresist_lt_additive=16;armorresist_ra_additive=8;armorresist_rl_additive=15;armorresist_rt_additive=16;critchance_receiving_multiplier=-0.1
618,nightstar,Nightstar,nsr-9s,Standard,IS,95,16.2,13.08,,,15,60,40,40,32,32,40,40,armorresist_ct_additive=23;armorresist_la_additive=8;armorresist_ll_additive=15;armorresist_lt_additive=16;armorresist_ra_additive=8;armorresist_rl_additive=15;armorresist_rt_additive=16;critchance_receiving_multiplier=-0.1
619,nightstar,Nightstar,nsr-9p,Standard,IS,95,16.2,13.08,,,15,60,40,40,32,32,40,40,armorresist_ct_additive=23;armorresist_la_additive=8;armorresist_ll_additive=15;armorresist_lt_additive=16;armorresist_ra_additive=8;armorresist_rl_additive=15;armorresist_rt_additive=16;critchance_receiving_multiplier=-0.1
620,nightstar,Nightstar,nsr-10p,Standard,IS,95,16.2,13.08,,,15,60,40,40,32,32,40,40,all_range_multiplier=0.1;armorresist_ct_additive=23;armorresist_la_additive=8;armorresist_ll_additive=15;armorresist_lt_additive=16;armorresist_ra_additive=8;armorresist_rl_additive=15;armorresist_rt_additive=16
621,nightstar,Nightstar,nsr-wp,Hero,IS,95,16.2,13.08,,,15,60,40,40,32,32,40,40,armorresist_ct_additive=23;armorresist_la_additive=8;armorresist_ll_additive=15;armorresist_lt_additive=27;armorresist_ra_additive=8;armorresist_rl_additive=15;armorresist_rt_additive=27;critchance_receiving_multiplier=-0.1
622,arcticwolf,Arctic Wolf,acw-primes,Standard,CLAN,40,16.2,10.54,31084,3446;3004,15,24,20,20,12,12,20,20,
623,arcticwolf,Arctic Wolf,acw-prime,Standard,CLAN,40,16.2,10.54,31084,3446;3004,15,24,20,20,12,12,20,20,
624,arcticwolf,Arctic Wolf,acw-a,Standard,CLAN,40,16.2,10.54,31092,3446;3004,15,24,20,20,12,12,20,20,
625,arcticwolf,Arctic Wolf,acw-p,Standard,CLAN,40,16.2,10.54,31100,3446;3004,15,24,20,20,12,12,20,20,
626,arcticwolf,Arctic Wolf,acw-1,Standard,CLAN,40,16.2,10.54,,,15,24,20,20,12,12,20,20,armorresist_all_additive=5
627,arcticwolf,Arctic Wolf,acw-2,Standard,CLAN,40,16.2,10.54,,,15,24,20,20,12,12,20,20,armorresist_ct_additive=12;armorresist_la_additive=10;armorresist_ll_additive=10;armorresist_lt_additive=10;armorresist_ra_additive=10;armorresist_rl_additive=10;armorresist_rt_additive=10;heatdissipation_multiplier=0.05;missile_range_multiplier=0.1
628,arcticwolf,Arctic Wolf,acw-bk,Hero,CLAN,40,16.2,10.54,,,15,24,20,20,12,12,20,20,armorresist_ct_additive=12;armorresist_la_additive=10;armorresist_ll_additive=10;armorresist_lt_additive=10;armorresist_ra_additive=10;armorresist_rl_additive=10;armorresist_rt_additive=10;ballistic_range_multiplier=0.1;clanmachinegun_range_multiplier=0.2;heatdissipation_multiplier=0.05
629,novacat,Nova Cat,nct-primes,Standard,CLAN,70,16.2,14.97,31108,3454;3004,15,44,30,30,22,22,30,30,
630,novacat,Nova Cat,nct-prime,Standard,CLAN,70,16.2,14.97,31108,3454;3004,15,44,30,30,22,22,30,30,
631,novacat,Nova Cat,nct-a,Standard,CLAN,70,16.2,14.97,31116,3454;3004,15,44,30,30,22,22,30,30,
632,novacat,Nova Cat,nct-b,Standard,CLAN,70,16.2,14.97,31124,3454;3004,15,44,30,30,22,22,30,30,
633,novacat,Nova Cat,nct-c,Standard,CLAN,70,16.2,14.97,31132,3454;3004,15,44,30,30,22,22,30,30,
634,novacat,Nova Cat,nct-d,Standard,CLAN,70,16.2,14.97,31140,3454;3004,15,44,30,30,22,22,30,30,
635,novacat,Nova Cat,nct-cc,Hero,CLAN,70,16.2,14.97,31148,3454;3004,15,44,30,30,22,22,30,30,
636,thanatos,Thanatos,tns-4ss,Standard,IS,75,16.2,14.16,,,15,46,32,32,24,24,32,32,armorresist_ct_additive=10;armorresist_lt_additive=15;armorresist_rt_additive=15;internalresist_la_additive=8;internalresist_ll_additive=5;internalresist_ra_additive=8;internalresist_rl_additive=5
637,thanatos,Thanatos,tns-4s,Standard,IS,75,16.2,14.16,,,15,46,32,32,24,24,32,32,armorresist_ct_additive=10;armorresist_lt_additive=15;armorresist_rt_additive=15;internalresist_la_additive=8;internalresist_ll_additive=5;internalresist_ra_additive=8;internalresist_rl_additive=5
638,thanatos,Thanatos,tns-4p,Standard,IS,75,16.2,14.16,,,15,46,32,32,24,24,32,32,armorresist_ct_additive=10;armorresist_lt_additive=15;armorresist_rt_additive=15;internalresist_la_additive=8;internalresist_ll_additive=5;internalresist_ra_additive=8;internalresist_rl_additive=5
639,thanatos,Thanatos,tns-5p,Standard,IS,75,16.2,14.16,,,15,46,32,32,24,24,32,32,armorresist_ct_additive=12;armorresist_lt_additive=20;armorresist_rt_additive=20;internalresist_la_additive=8;internalresist_ll_additive=5;internalresist_ra_additive=8;internalresist_rl_additive=5
640,thanatos,Thanatos,tns-5s,Standard,IS,75,16.2,14.16,,,15,46,32,32,24,24,32,32,all_range_multiplier=0.1;armorresist_ct_additive=10;armorresist_lt_additive=15;armorresist_rt_additive=15;internalresist_la_additive=8;internalresist_ll_additive=5;internalresist_ra_additive=8;internalresist_rl_additive=5
641,thanatos,Thanatos,tns-5t,Standard,IS,75,16.2,14.16,,,15,46,32,32,24,24,32,32,armorresist_ct_additive=10;armorresist_lt_additive=15;armorresist_rt_additive=15;internalresist_la_additive=8;internalresist_ll_additive=5;internalresist_ra_additive=8;internalresist_rl_additive=5
642,thanatos,Thanatos,tns-ha,Hero,IS,75,16.2,14.16,,,15,46,32,32,24,24,32,32,armorresist_ct_additive=10;armorresist_lt_additive=15;armorresist_rt_additive=15;internalresist_la_additive=8;internalresist_ll_additive=5;internalresist_ra_additive=8;internalresist_rl_additive=5
643,urbanmech,UrbanMech,um-r68l,Standard,IS,30,16.2,9.42,,,15,20,14,14,10,10,14,14,all_range_multiplier=0.1;armorresist_ct_additive=20;armorresist_la_additive=20;armorresist_ll_additive=14;armorresist_lt_additive=14;armorresist_ra_additive=20;armorresist_rl_additive=14;armorresist_rt_additive=14;heatdissipation_multiplier=0.05
644,griffin,Griffin,grf-5ml,Standard,IS,55,16.2,13.88,,,15,36,26,26,18,18,26,26,armorresist_ct_additive=10;armorresist_la_additive=20;armorresist_ra_additive=50;ballistic_range_multiplier=0.25;internalresist_ct_additive=15;internalresist_la_additive=15;internalresist_ll_additive=15;internalresist_lt_additive=15;internalresist_ra_additive=15;internalresist_rl_additive=15;internalresist_rt_additive=15
645,victor,Victor,vtr-9a1l,Standard,IS,80,16.2,15.40,,,15,50,34,34,26,26,34,34,armorresist_ct_additive=23;armorresist_la_additive=16;armorresist_ll_additive=16;armorresist_ra_additive=16;armorresist_rl_additive=16;ballistic_range_multiplier=0.25;internalresist_lt_additive=8;internalresist_rt_additive=8
646,kitfox,Kit Fox,kfx-gl,Standard,CLAN,30,16.2,9.36,31156,3434;3004;3004;3004,15,20,14,14,10,10,14,14,
647,linebacker,Linebacker,lbk-hl,Standard,CLAN,65,16.2,10.97,31164,3476;3004;3004;3004;3004,15,42,30,30,20,20,30,30,
648,hellspawn,Hellspawn,hsn-7ds,Standard,IS,45,16.2,11.95,,,15,28,22,22,14,14,22,22,armorresist_ct_additive=12;armorresist_la_additive=15;armorresist_ll_additive=8;armorresist_lt_additive=18;armorresist_ra_additive=15;armorresist_rl_additive=8;armorresist_rt_additive=10;energy_range_multiplier=0.05;internalresist_rt_additive=5;ismediumpulselaser_range_multiplier=0.15
649,hellspawn,Hellspawn,hsn-7d,Standard,IS,45,16.2,11.95,,,15,28,22,22,14,14,22,22,armorresist_ct_additive=12;armorresist_la_additive=15;armorresist_ll_additive=8;armorresist_lt_additive=18;armorresist_ra_additive=15;armorresist_rl_additive=8;armorresist_rt_additive=10;energy_range_multiplier=0.05;internalresist_rt_additive=5;ismediumpulselaser_range_multiplier=0.15
650,hellspawn,Hellspawn,hsn-8e,Standard,IS,45,16.2,11.95,,,15,28,22,22,14,14,22,22,armorresist_ct_additive=12;armorresist_la_additive=15;armorresist_ll_additive=8;armorresist_lt_additive=18;armorresist_ra_additive=15;armorresist_rl_additive=8;armorresist_rt_additive=10;energy_range_multiplier=0.1;internalresist_rt_additive=5
651,hellspawn,Hellspawn,hsn-9f,Standard,IS,45,16.2,11.95,,,15,28,22,22,14,14,22,22,all_range_multiplier=0.1;armorresist_ct_additive=12;armorresist_la_additive=15;armorresist_ll_additive=8;armorresist_lt_additive=20;armorresist_ra_additive=20;armorresist_rl_additive=8;armorresist_rt_additive=10;internalresist_la_additive=5;internalresist_rt_additive=10
652,hellspawn,Hellspawn,hsn-7p,Standard,IS,45,16.2,11.95,,,15,28,22,22,14,14,22,22,all_range_multiplier=0.05;armorresist_ct_additive=12;armorresist_la_additive=10;armorresist_ll_additive=8;armorresist_lt_additive=18;armorresist_ra_additive=10;armorresist_rl_additive=8;armorresist_rt_additive=10;internalresist_rt_additive=5;isermediumlaser_range_multiplier=0.15
653,hellspawn,Hellspawn,hsn-8p,Standard,IS,45,16.2,11.95,,,15,28,22,22,14,14,22,22,armorresist_ct_additive=12;armorresist_la_additive=15;armorresist_ll_additive=8;armorresist_lt_additive=18;armorresist_ra_additive=15;armorresist_rl_additive=8;armorresist_rt_additive=10;internalresist_rt_additive=5;missile_range_multiplier=0.1;srm_range_multiplier=0.1
654,hellspawn,Hellspawn,hsn-7d2,Hero,IS,45,16.2,11.95,,,15,28,22,22,14,14,22,22,armorresist_ct_additive=12;armorresist_la_additive=15;armorresist_ll_additive=8;armorresist_lt_additive=18;armorresist_ra_additive=15;armorresist_rl_additive=8;armorresist_rt_additive=10;internalresist_rt_additive=5
655,piranha,Piranha,pir-1s,Standard,CLAN,20,16.2,8.34,,,15,12,10,10,6,6,8,8,armorresist_ct_additive=7;armorresist_la_additive=7;armorresist_ll_additive=7;armorresist_lt_additive=7;armorresist_ra_additive=7;armorresist_rl_additive=7;armorresist_rt_additive=7
656,piranha,Piranha,pir-1,Standard,CLAN,20,16.2,8.34,,,15,12,10,10,6,6,8,8,armorresist_ct_additive=7;armorresist_la_additive=7;armorresist_ll_additive=7;armorresist_lt_additive=7;armorresist_ra_additive=7;armorresist_rl_additive=7;armorresist_rt_additive=7
657,piranha,Piranha,pir-2,Standard,CLAN,20,16.2,8.34,,,15,12,10,10,6,6,8,8,internalresist_ct_additive=7;internalresist_la_additive=7;internalresist_ll_additive=7;internalresist_lt_additive=7;internalresist_ra_additive=7;internalresist_rl_additive=7;internalresist_rt_additive=7
658,piranha,Piranha,pir-3,Standard,CLAN,20,16.2,8.34,,,15,12,10,10,6,6,8,8,internalresist_ct_additive=7;internalresist_la_additive=7;internalresist_ll_additive=7;internalresist_lt_additive=7;internalresist_ra_additive=7;internalresist_rl_additive=7;internalresist_rt_additive=7
659,piranha,Piranha,pir-a,Standard,CLAN,20,16.2,8.34,,,15,12,10,10,6,6,8,8,armorresist_ct_additive=9;armorresist_la_additive=9;armorresist_ll_additive=9;armorresist_lt_additive=9;armorresist_ra_additive=9;armorresist_rl_additive=9;armorresist_rt_additive=9
660,piranha,Piranha,pir-b,Standard,CLAN,20,16.2,8.34,,,15,12,10,10,6,6,8,8,armorresist_ct_additive=9;armorresist_la_additive=9;armorresist_ll_additive=9;armorresist_lt_additive=9;armorresist_ra_additive=9;armorresist_rl_additive=9;armorresist_rt_additive=9;ballistic_range_multiplier=0.4
661,piranha,Piranha,pir-ci,Hero,CLAN,20,16.2,8.34,,,15,12,10,10,6,6,8,8,internalresist_ct_additive=6;internalresist_la_additive=6;internalresist_ll_additive=6;internalresist_lt_additive=6;internalresist_ra_additive=6;internalresist_rl_additive=6;internalresist_rt_additive=6
662,blacklanner,Black Lanner,bkl-primes,Standard,CLAN,55,16.2,12.48,31172,3475;1606,15,36,26,26,18,18,26,26,
663,blacklanner,Black Lanner,bkl-prime,Standard,CLAN,55,16.2,12.48,31172,3475;1606,15,36,26,26,18,18,26,26,
664,blacklanner,Black Lanner,bkl-a,Standard,CLAN,55,16.2,12.48,31180,3475;1606,15,36,26,26,18,18,26,26,
665,blacklanner,Black Lanner,bkl-c,Standard,CLAN,55,16.2,12.48,31188,3475;1606,15,36,26,26,18,18,26,26,
666,blacklanner,Black Lanner,bkl-d,Standard,CLAN,55,16.2,12.48,31196,3475;1606,15,36,26,26,18,18,26,26,
667,blacklanner,Black Lanner,bkl-e,Standard,CLAN,55,16.2,12.48,31204,3475;1606,15,36,26,26,18,18,26,26,
668,blacklanner,Black Lanner,bkl-bl,Hero,CLAN,55,16.2,12.48,31212,3475;1606,15,36,26,26,18,18,26,26,
669,urbanmech,UrbanMech,um-r68,Standard,IS,30,16.2,9.42,,,15,20,14,14,10,10,14,14,all_range_multiplier=0.1;armorresist_ct_additive=20;armorresist_la_additive=20;armorresist_ll_additive=14;armorresist_lt_additive=14;armorresist_ra_additive=20;armorresist_rl_additive=14;armorresist_rt_additive=14;heatdissipation_multiplier=0.05
670,griffin,Griffin,grf-5m,Standard,IS,55,16.2,13.88,,,15,36,26,26,18,18,26,26,armorresist_ct_additive=10;armorresist_la_additive=20;armorresist_ra_additive=50;ballistic_range_multiplier=0.25;internalresist_ct_additive=15;internalresist_la_additive=15;internalresist_ll_additive=15;internalresist_lt_additive=15;internalresist_ra_additive=15;internalresist_rl_additive=15;internalresist_rt_additive=15
671,victor,Victor,vtr-9a1,Standard,IS,80,16.2,15.40,,,15,50,34,34,26,26,34,34,armorresist_ct_additive=23;armorresist_la_additive=16;armorresist_ll_additive=16;armorresist_ra_additive=16;armorresist_rl_additive=16;ballistic_range_multiplier=0.25;internalresist_lt_additive=8;internalresist_rt_additive=8
672,kitfox,Kit Fox,kfx-g,Standard,CLAN,30,16.2,9.36,31156,3434;3004;3004;3004,15,20,14,14,10,10,14,14,
673,linebacker,Linebacker,lbk-h,Standard,CLAN,65,16.2,10.97,31164,3476;3004;3004;3004;3004,15,42,30,30,20,20,30,30,
674,sunspider,Sun Spider,sns-primes,Standard,CLAN,70,16.2,13.94,31220,3468;3004;3004;3004;3004,15,44,30,30,22,22,30,30,
675,sunspider,Sun Spider,sns-prime,Standard,CLAN,70,16.2,13.94,31220,3468;3004;3004;3004;3004,15,44,30,30,22,22,30,30,
676,sunspider,Sun Spider,sns-a,Standard,CLAN,70,16.2,13.94,31228,3468;3004;3004;3004;3004,15,44,30,30,22,22,30,30,
677,sunspider,Sun Spider,sns-b,Standard,CLAN,70,16.2,13.94,31236,3468;3004;3004;3004;3004,15,44,30,30,22,22,30,30,
678,sunspider,Sun Spider,sns-c,Standard,CLAN,70,16.2,13.94,31244,3468;3004;3004;3004;3004,15,44,30,30,22,22,30,30,
679,sunspider,Sun Spider,sns-d,Standard,CLAN,70,16.2,13.94,31252,3468;3004;3004;3004;3004,15,44,30,30,22,22,30,30,
680,sunspider,Sun Spider,sns-ml,Hero,CLAN,70,16.2,13.94,31260,3468;3004;3004;3004;3004,15,44,30,30,22,22,30,30,
681,sunspider,Sun Spider,sns-vg,Hero,CLAN,70,16.2,13.94,31268,3468;3004;3004;3004;3004,15,44,30,30,22,22,30,30,
682,roughneck,Roughneck,rgh-ph,Hero,IS,65,16.2,13.91,,,15,42,30,30,20,20,30,30,armorresist_all_additive=5;armorresist_ct_additive=5;critchance_receiving_multiplier=-0.5;internalresist_all_additive=10;internalresist_ct_additive=10;internalresist_lt_additive=5;internalresist_rt_additive=5
683,fafnir,Fafnir,fnr-5s,Standard,IS,100,16.2,13.61,,,15,62,42,42,34,34,42,42,armorresist_ct_additive=26;armorresist_ll_additive=20;armorresist_lt_additive=34;armorresist_rl_additive=20;armorresist_rt_additive=34;critchance_receiving_multiplier=-0.35
684,fafnir,Fafnir,fnr-5,Standard,IS,100,16.2,13.61,,,15,62,42,42,34,34,42,42,armorresist_ct_additive=26;armorresist_ll_additive=20;armorresist_lt_additive=34;armorresist_rl_additive=20;armorresist_rt_additive=34;critchance_receiving_multiplier=-0.35
685,fafnir,Fafnir,fnr-5b,Standard,IS,100,16.2,13.61,,,15,62,42,42,34,34,42,42,armorresist_ct_additive=26;armorresist_ll_additive=20;armorresist_lt_additive=34;armorresist_rl_additive=20;armorresist_rt_additive=34;critchance_receiving_multiplier=-0.25
686,fafnir,Fafnir,fnr-6u,Standard,IS,100,16.2,13.61,,,15,62,42,42,34,34,42,42,armorresist_ct_additive=26;armorresist_ll_additive=20;armorresist_lt_additive=34;armorresist_rl_additive=20;armorresist_rt_additive=34;critchance_receiving_multiplier=-0.25
687,fafnir,Fafnir,fnr-5e,Standard,IS,100,16.2,13.61,,,15,62,42,42,34,34,42,42,all_range_multiplier=0.1;armorresist_ct_additive=26;armorresist_ll_additive=20;armorresist_lt_additive=34;armorresist_rl_additive=20;armorresist_rt_additive=34;critchance_receiving_multiplier=-0.25
688,fafnir,Fafnir,fnr-6r,Standard,IS,100,16.2,13.61,,,15,62,42,42,34,34,42,42,armorresist_ct_additive=26;armorresist_ll_additive=20;armorresist_lt_additive=34;armorresist_rl_additive=20;armorresist_rt_additive=34;critchance_receiving_multiplier=-0.25
689,fafnir,Fafnir,fnr-wr,Hero,IS,100,16.2,13.61,,,15,62,42,42,34,34,42,42,armorresist_ct_additive=26;armorresist_ll_additive=20;armorresist_lt_additive=34;armorresist_rl_additive=20;armorresist_rt_additive=34;critchance_receiving_multiplier=-0.25
690,urbanmech,UrbanMech,um-sc,Hero,IS,30,16.2,9.42,,,15,20,14,14,10,10,14,14,all_range_multiplier=0.1;armorresist_ct_additive=20;armorresist_la_additive=20;armorresist_ll_additive=14;armorresist_lt_additive=14;armorresist_ra_additive=20;armorresist_rl_additive=14;armorresist_rt_additive=14;heatdissipation_multiplier=0.05;mechtopspeed_multiplier=0.075
691,firestarter,Firestarter,fs9-fs,Hero,IS,35,16.2,11.55,,,15,22,16,16,12,12,16,16,all_range_multiplier=0.15;internalresist_ct_additive=11;internalresist_la_additive=12;internalresist_ll_additive=16;internalresist_lt_additive=8;internalresist_ra_additive=12;internalresist_rl_additive=16;internalresist_rt_additive=8;isflamer_range_multiplier=0.1
692,griffin,Griffin,grf-ar,Hero,IS,55,16.2,13.88,,,15,36,26,26,18,18,26,26,all_range_multiplier=0.1;armorresist_ct_additive=10;armorresist_la_additive=30;armorresist_ra_additive=30;internalresist_ct_additive=15;internalresist_la_additive=15;internalresist_ll_additive=15;internalresist_lt_additive=15;internalresist_ra_additive=15;internalresist_rl_additive=15;internalresist_rt_additive=15
693,rifleman,Rifleman,rfl-db,Hero,IS,60,16.2,13.28,,,15,40,28,28,20,20,28,28,all_range_multiplier=0.1;armorresist_la_additive=10;armorresist_ra_additive=10;heatdissipation_multiplier=0.15;internalresist_ct_additive=15;internalresist_la_additive=10;internalresist_ll_additive=7;internalresist_lt_additive=15;internalresist_ra_additive=10;internalresist_rl_additive=7;internalresist_rt_additive=15
694,banshee,Banshee,bnc-sr,Hero,IS,95,16.2,16.32,,,15,60,40,40,32,32,40,40,armorresist_ct_additive=25;armorresist_la_additive=10;armorresist_lt_additive=16;armorresist_ra_additive=10;armorresist_rt_additive=16
695,atlas,Atlas,as7-kr,Hero,IS,100,16.2,16.67,,,15,62,42,42,34,34,42,42,all_range_multiplier=0.1;armorresist_ct_additive=36;armorresist_la_additive=10;armorresist_ll_additive=21;armorresist_lt_additive=30;armorresist_ra_additive=10;armorresist_rl_additive=21;armorresist_rt_additive=30;critchance_receiving_multiplier=-0.4
696,maddog,Mad Dog,mdd-rv,Hero,CLAN,60,16.2,14.34,31276,3458;3004;3004,15,40,28,28,20,20,28,28,
697,nightstar,Nightstar,nsr-9pc,Standard,IS,95,16.2,13.08,,,15,60,40,40,32,32,40,40,armorresist_ct_additive=23;armorresist_la_additive=8;armorresist_ll_additive=15;armorresist_lt_additive=16;armorresist_ra_additive=8;armorresist_rl_additive=15;armorresist_rt_additive=16;critchance_receiving_multiplier=-0.1
698,roughneck,Roughneck,rgh-1ac,Standard,IS,65,16.2,13.91,,,15,42,30,30,20,20,30,30,armorresist_all_additive=5;armorresist_ct_additive=5;internalresist_all_additive=10;internalresist_ct_additive=10;internalresist_lt_additive=5;internalresist_rt_additive=5
699,bushwacker,Bushwacker,bsw-s2c,Standard,IS,55,16.2,12.47,,,15,36,26,26,18,18,26,26,armorresist_ct_additive=15;armorresist_la_additive=15;armorresist_ll_additive=8;armorresist_lt_additive=15;armorresist_ra_additive=25;armorresist_rl_additive=8;armorresist_rt_additive=15
700,assassin,Assassin,asn-101c,Standard,IS,40,16.2,13.24,,,15,24,20,20,12,12,20,20,all_range_multiplier=0.2;armorresist_ct_additive=9;armorresist_la_additive=4;armorresist_ll_additive=8;armorresist_lt_additive=8;armorresist_ra_additive=4;armorresist_rl_additive=8;armorresist_rt_additive=8
701,osiris,Osiris,osr-1vc,Standard,IS,30,16.2,9.77,,,15,20,14,14,10,10,14,14,internalresist_all_additive=5;laser_range_multiplier=0.1;missile_range_multiplier=0.2
702,uziel,Uziel,uzl-3pc,Standard,IS,50,16.2,11.11,,,15,32,24,24,16,16,24,24,all_range_multiplier=0.1;armorresist_ct_additive=13;armorresist_la_additive=8;armorresist_lt_additive=13;armorresist_ra_additive=8;armorresist_rt_additive=13;ballistic_range_multiplier=0.1;internalresist_ct_additive=8;internalresist_la_additive=8;internalresist_lt_additive=8;internalresist_ra_additive=8;internalresist_rt_additive=8
703,maddog,Mad Dog,mdd-cc,Standard,CLAN,60,16.2,14.34,30356,3458;3004;3004,15,40,28,28,20,20,28,28,
704,bloodasp,Blood Asp,bas-primes,Standard,CLAN,90,16.2,15.57,31284,3470;3004;3004;3004;3004,15,58,38,38,30,30,38,38,
705,bloodasp,Blood Asp,bas-prime,Standard,CLAN,90,16.2,15.57,31284,3470;3004;3004;3004;3004,15,58,38,38,30,30,38,38,
706,bloodasp,Blood Asp,bas-a,Standard,CLAN,90,16.2,15.57,31292,3470;3004;3004;3004;3004,15,58,38,38,30,30,38,38,
707,bloodasp,Blood Asp,bas-b,Standard,CLAN,90,16.2,15.57,31300,3470;3004;3004;3004;3004,15,58,38,38,30,30,38,38,
708,bloodasp,Blood Asp,bas-c,Standard,CLAN,90,16.2,15.57,31308,3470;3004;3004;3004;3004,15,58,38,38,30,30,38,38,
709,bloodasp,Blood Asp,bas-d,Standard,CLAN,90,16.2,15.57,31316,3470;3004;3004;3004;3004,15,58,38,38,30,30,38,38,
710,bloodasp,Blood Asp,bas-ra,Hero,CLAN,90,16.2,15.57,31324,3470;3004;3004;3004;3004,15,58,38,38,30,30,38,38,
711,flea,Flea,fle-17s,Standard,IS,20,16.2,6.54,,,15,12,10,10,6,6,8,8,armorresist_ll_additive=6;armorresist_rl_additive=6;internalresist_ct_additive=6;internalresist_la_additive=4;internalresist_lt_additive=6;internalresist_ra_additive=4;internalresist_rt_additive=6
712,flea,Flea,fle-17,Standard,IS,20,16.2,6.54,,,15,12,10,10,6,6,8,8,armorresist_ll_additive=6;armorresist_rl_additive=6;internalresist_ct_additive=6;internalresist_la_additive=4;internalresist_lt_additive=6;internalresist_ra_additive=4;internalresist_rt_additive=6
713,flea,Flea,fle-15,Standard,IS,20,16.2,6.54,,,15,12,10,10,6,6,8,8,armorresist_ct_additive=8;armorresist_la_additive=6;armorresist_ll_additive=8;armorresist_lt_additive=8;armorresist_ra_additive=6;armorresist_rl_additive=8;armorresist_rt_additive=8;ballistic_range_multiplier=0.25
714,flea,Flea,fle-19,Standard,IS,20,16.2,6.54,,,15,12,10,10,6,6,8,8,all_range_multiplier=0.15;armorresist_ct_additive=8;armorresist_la_additive=8;armorresist_ll_additive=8;armorresist_lt_additive=8;armorresist_ra_additive=8;armorresist_rl_additive=8;armorresist_rt_additive=8;mechtopspeed_multiplier=0.05
715,flea,Flea,fle-20,Standard,IS,20,16.2,6.54,,,15,12,10,10,6,6,8,8,all_range_multiplier=0.05;armorresist_ll_additive=6;armorresist_rl_additive=6;internalresist_ct_additive=6;internalresist_la_additive=4;internalresist_lt_additive=6;internalresist_ra_additive=4;internalresist_rt_additive=6
716,flea,Flea,fle-fa,Standard,IS,20,16.2,6.54,,,15,12,10,10,6,6,8,8,armorresist_ct_additive=8;armorresist_la_additive=8;armorresist_ll_additive=8;armorresist_lt_additive=8;armorresist_ra_additive=8;armorresist_rl_additive=8;armorresist_rt_additive=8;energy_range_multiplier=0.1
717,flea,Flea,fle-r5k,Hero,IS,20,16.2,6.54,,,15,12,10,10,6,6,8,8,armorresist_ct_additive=8;armorresist_la_additive=8;armorresist_ll_additive=8;armorresist_lt_additive=8;armorresist_ra_additive=8;armorresist_rl_additive=8;armorresist_rt_additive=8;issmalllaser_range_multiplier=0.2;mechtopspeed_multiplier=0.05
718,hellfire,Hellfire,hlf-1s,Standard,CLAN,60,16.2,13.03,,,15,40,28,28,20,20,28,28,armorresist_ct_additive=12;armorresist_la_additive=10;armorresist_lt_additive=12;armorresist_ra_additive=10;armorresist_rt_additive=12
719,hellfire,Hellfire,hlf-1,Standard,CLAN,60,16.2,13.03,,,15,40,28,28,20,20,28,28,armorresist_ct_additive=12;armorresist_la_additive=10;armorresist_lt_additive=12;armorresist_ra_additive=10;armorresist_rt_additive=12
720,hellfire,Hellfire,hlf-2,Standard,CLAN,60,16.2,13.03,,,15,40,28,28,20,20,28,28,armorresist_ct_additive=12;armorresist_la_additive=10;armorresist_lt_additive=12;armorresist_ra_additive=10;armorresist_rt_additive=12
721,hellfire,Hellfire,hlf-a,Standard,CLAN,60,16.2,13.03,,,15,40,28,28,20,20,28,28,armorresist_ct_additive=12;armorresist_la_additive=10;armorresist_lt_additive=12;armorresist_ra_additive=10;armorresist_rt_additive=12;internalresist_ct_additive=5;internalresist_lt_additive=5;internalresist_rt_additive=5
722,hellfire,Hellfire,hlf-b,Standard,CLAN,60,16.2,13.03,,,15,40,28,28,20,20,28,28,all_range_multiplier=0.05;armorresist_ct_additive=12;armorresist_la_additive=10;armorresist_lt_additive=12;armorresist_ra_additive=10;armorresist_rt_additive=12;heavylaser_range_multiplier=0.05;internalresist_ct_additive=5;internalresist_lt_additive=5;internalresist_rt_additive=5
723,hellfire,Hellfire,hlf-c,Standard,CLAN,60,16.2,13.03,,,15,40,28,28,20,20,28,28,armorresist_ct_additive=12;armorresist_la_additive=10;armorresist_lt_additive=12;armorresist_ra_additive=10;armorresist_rt_additive=12;internalresist_ct_additive=5;internalresist_lt_additive=5;internalresist_rt_additive=5
724,hellfire,Hellfire,hlf-vo,Hero,CLAN,60,16.2,13.03,,,15,40,28,28,20,20,28,28,armorresist_ct_additive=12;armorresist_la_additive=10;armorresist_lt_additive=12;armorresist_ra_additive=10;armorresist_rt_additive=12;internalresist_ct_additive=5;internalresist_lt_additive=5;internalresist_rt_additive=5;laser_range_multiplier=0.05
725,vulcan,Vulcan,vl-2ts,Standard,IS,40,16.2,13.21,,,15,24,20,20,12,12,20,20,all_range_multiplier=0.2;critchance_receiving_multiplier=-0.2;internalresist_ct_additive=16;internalresist_la_additive=10;internalresist_ll_additive=16;internalresist_lt_additive=12;internalresist_ra_additive=10;internalresist_rl_additive=16;internalresist_rt_additive=12;isflamer_range_multiplier=0.1
726,vulcan,Vulcan,vl-2t,Standard,IS,40,16.2,13.21,,,15,24,20,20,12,12,20,20,all_range_multiplier=0.2;critchance_receiving_multiplier=-0.2;internalresist_ct_additive=16;internalresist_la_additive=10;internalresist_ll_additive=16;internalresist_lt_additive=12;internalresist_ra_additive=10;internalresist_rl_additive=16;internalresist_rt_additive=12;isflamer_range_multiplier=0.1
727,vulcan,Vulcan,vl-5t,Standard,IS,40,16.2,13.21,,,15,24,20,20,12,12,20,20,all_range_multiplier=0.1;internalresist_ct_additive=8;internalresist_la_additive=5;internalresist_ll_additive=8;internalresist_lt_additive=6;internalresist_ra_additive=5;internalresist_rl_additive=8;internalresist_rt_additive=6
728,vulcan,Vulcan,vt-5m,Standard,IS,40,16.2,13.21,,,15,24,20,20,12,12,20,20,all_range_multiplier=0.1;internalresist_ct_additive=8;internalresist_la_additive=5;internalresist_ll_additive=8;internalresist_lt_additive=6;internalresist_ra_additive=5;internalresist_rl_additive=8;internalresist_rt_additive=6;isflamer_range_multiplier=0.1;islargepulselaser_range_multiplier=0.15
729,vulcan,Vulcan,vt-5s,Standard,IS,40,16.2,13.21,,,15,24,20,20,12,12,20,20,all_range_multiplier=0.1;internalresist_ct_additive=8;internalresist_la_additive=5;internalresist_ll_additive=8;internalresist_lt_additive=6;internalresist_ra_additive=5;internalresist_rl_additive=8;internalresist_rt_additive=6;isflamer_range_multiplier=0.1
730,vulcan,Vulcan,vt-6m,Standard,IS,40,16.2,13.21,,,15,24,20,20,12,12,20,20,all_range_multiplier=0.1;critchance_receiving_multiplier=-0.2;internalresist_ct_additive=8;internalresist_la_additive=5;internalresist_ll_additive=8;internalresist_lt_additive=6;internalresist_ra_additive=5;internalresist_rl_additive=8;internalresist_rt_additive=6;isflamer_range_multiplier=0.1
731,vulcan,Vulcan,vl-bl,Hero,IS,40,16.2,13.21,,,15,24,20,20,12,12,20,20,all_range_multiplier=0.1;internalresist_ct_additive=8;internalresist_la_additive=5;internalresist_ll_additive=8;internalresist_lt_additive=6;internalresist_ra_additive=5;internalresist_rl_additive=8;internalresist_rt_additive=6
732,incubus,Incubus,inc-1s,Standard,CLAN,30,16.2,10.92,,,15,20,14,14,10,10,14,14,armorresist_ct_additive=10;armorresist_la_additive=10;armorresist_ll_additive=10;armorresist_lt_additive=10;armorresist_ra_additive=10;armorresist_rl_additive=10;armorresist_rt_additive=10
733,incubus,Incubus,inc-1,Standard,CLAN,30,16.2,10.92,,,15,20,14,14,10,10,14,14,armorresist_ct_additive=10;armorresist_la_additive=10;armorresist_ll_additive=10;armorresist_lt_additive=10;armorresist_ra_additive=10;armorresist_rl_additive=10;armorresist_rt_additive=10
734,incubus,Incubus,inc-2,Standard,CLAN,30,16.2,10.92,,,15,20,14,14,10,10,14,14,armorresist_ct_additive=5;armorresist_la_additive=10;armorresist_ll_additive=10;armorresist_lt_additive=5;armorresist_ra_additive=10;armorresist_rl_additive=10;armorresist_rt_additive=5
735,incubus,Incubus,inc-3,Standard,CLAN,30,16.2,10.92,,,15,20,14,14,10,10,14,14,armorresist_ct_additive=14;armorresist_la_additive=10;armorresist_ll_additive=10;armorresist_lt_additive=14;armorresist_ra_additive=10;armorresist_rl_additive=10;armorresist_rt_additive=14
736,incubus,Incubus,inc-4,Standard,CLAN,30,16.2,10.92,,,15,20,14,14,10,10,14,14,armorresist_la_additive=10;internalresist_ct_additive=8;internalresist_ll_additive=8;internalresist_lt_additive=8;internalresist_ra_additive=8;internalresist_rl_additive=8;internalresist_rt_additive=8
737,incubus,Incubus,inc-5,Standard,CLAN,30,16.2,10.92,,,15,20,14,14,10,10,14,14,armorresist_ct_additive=10;armorresist_la_additive=10;armorresist_ll_additive=10;armorresist_lt_additive=10;armorresist_ra_additive=10;armorresist_rl_additive=10;armorresist_rt_additive=10
738,incubus,Incubus,inc-sa,Hero,CLAN,30,16.2,10.92,,,15,20,14,14,10,10,14,14,armorresist_ct_additive=14;armorresist_la_additive=10;armorresist_ll_additive=10;armorresist_lt_additive=14;armorresist_ra_additive=10;armorresist_rl_additive=10;armorresist_rt_additive=14;missile_range_multiplier=0.1
739,champion,Champion,chp-1ns,Standard,IS,60,16.2,11.85,,,15,40,28,28,20,20,28,28,armorresist_ct_additive=12;armorresist_la_additive=12;armorresist_ll_additive=10;armorresist_lt_additive=10;armorresist_ra_additive=12;armorresist_rl_additive=10;armorresist_rt_additive=10
740,champion,Champion,chp-1n,Standard,IS,60,16.2,11.85,,,15,40,28,28,20,20,28,28,armorresist_ct_additive=12;armorresist_la_additive=12;armorresist_ll_additive=10;armorresist_lt_additive=10;armorresist_ra_additive=12;armorresist_rl_additive=10;armorresist_rt_additive=10
741,champion,Champion,chp-2n,Standard,IS,60,16.2,11.85,,,15,40,28,28,20,20,28,28,armorresist_ct_additive=12;armorresist_la_additive=12;armorresist_ll_additive=10;armorresist_lt_additive=10;armorresist_ra_additive=12;armorresist_rl_additive=10;armorresist_rt_additive=10;ballistic_range_multiplier=0.1;mechtopspeed_multiplier=0.075
742,champion,Champion,chp-3n,Standard,IS,60,16.2,11.85,,,15,40,28,28,20,20,28,28,all_range_multiplier=0.1;armorresist_ct_additive=12;armorresist_la_additive=16;armorresist_ll_additive=10;armorresist_lt_additive=10;armorresist_ra_additive=16;armorresist_rl_additive=10;armorresist_rt_additive=10;critchance_receiving_multiplier=-0.4;laser_range_multiplier=0.1
743,champion,Champion,chp-1n2,Standard,IS,60,16.2,11.85,,,15,40,28,28,20,20,28,28,armorresist_ct_additive=12;armorresist_la_additive=12;armorresist_ll_additive=10;armorresist_lt_additive=10;armorresist_ra_additive=12;armorresist_rl_additive=10;armorresist_rt_additive=10
744,champion,Champion,chp-1nb,Standard,IS,60,16.2,11.85,,,15,40,28,28,20,20,28,28,armorresist_ct_additive=12;armorresist_la_additive=12;armorresist_ll_additive=10;armorresist_lt_additive=10;armorresist_ra_additive=12;armorresist_rl_additive=10;armorresist_rt_additive=10
745,champion,Champion,chp-inv,Hero,IS,60,16.2,11.85,,,15,40,28,28,20,20,28,28,all_range_multiplier=0.1;armorresist_ct_additive=16;armorresist_la_additive=20;armorresist_ll_additive=10;armorresist_lt_additive=16;armorresist_ra_additive=20;armorresist_rl_additive=10;armorresist_rt_additive=16
746,vaporeagle,Vapor Eagle,vgl-1s,Standard,CLAN,55,16.2,14.48,,,15,36,26,26,18,18,26,26,
747,vaporeagle,Vapor Eagle,vgl-1,Standard,CLAN,55,16.2,14.48,,,15,36,26,26,18,18,26,26,
748,vaporeagle,Vapor Eagle,vgl-2,Standard,CLAN,55,16.2,14.48,,,15,36,26,26,18,18,26,26,
749,vaporeagle,Vapor Eagle,vgl-3,Standard,CLAN,55,16.2,14.48,,,15,36,26,26,18,18,26,26,
750,vaporeagle,Vapor Eagle,vgl-4,Standard,CLAN,55,16.2,14.48,,,15,36,26,26,18,18,26,26,armorresist_la_additive=22;armorresist_ra_additive=22
751,vaporeagle,Vapor Eagle,vgl-a,Standard,CLAN,55,16.2,14.48,,,15,36,26,26,18,18,26,26,
752,vaporeagle,Vapor Eagle,vgl-ri,Hero,CLAN,55,16.2,14.48,,,15,36,26,26,18,18,26,26,armorresist_ct_additive=9;armorresist_la_additive=15;armorresist_lt_additive=9;armorresist_ra_additive=15;armorresist_rt_additive=9
753,javelin,Javelin,jvn-11fl,Standard,IS,30,16.2,11.44,,,15,20,14,14,10,10,14,14,all_range_multiplier=0.1;armorresist_la_additive=16;armorresist_ra_additive=16;internalresist_ct_additive=8;internalresist_ll_additive=8;internalresist_lt_additive=8;internalresist_rl_additive=8;internalresist_rt_additive=8
754,rifleman,Rifleman,rfl-8dl,Standard,IS,60,16.2,13.28,,,15,40,28,28,20,20,28,28,all_range_multiplier=0.1;armorresist_la_additive=10;armorresist_ra_additive=10;internalresist_ct_additive=15;internalresist_la_additive=10;internalresist_ll_additive=7;internalresist_lt_additive=15;internalresist_ra_additive=10;internalresist_rl_additive=7;internalresist_rt_additive=15
755,warhammer,Warhammer,whm-4ll,Standard,IS,70,16.2,14.56,,,15,44,30,30,22,22,30,30,all_range_multiplier=0.1;armorresist_la_additive=12;armorresist_ra_additive=12;internalresist_ct_additive=11;internalresist_la_additive=5;internalresist_ll_additive=7;internalresist_lt_additive=7;internalresist_ra_additive=5;internalresist_rl_additive=7;internalresist_rt_additive=7
756,nightgyr,Night Gyr,ntg-hl,Standard,CLAN,75,16.2,15.36,31332,3458;3004;3004;1502;1502;1502;1502,15,46,32,32,24,24,32,32,
757,marauderiic,Marauder IIC,mad-iic2l,Standard,CLAN,85,16.2,12.42,,,15,54,36,36,28,28,36,36,armorresist_la_additive=10;armorresist_lt_additive=7;armorresist_ra_additive=10;armorresist_rt_additive=7
758,charger,Charger,cgr-1a1s,Standard,IS,80,16.2,16.27,,,15,50,34,34,26,26,34,34,armorresist_ct_additive=25;armorresist_la_additive=15;armorresist_ll_additive=15;armorresist_lt_additive=20;armorresist_ra_additive=15;armorresist_rl_additive=15;armorresist_rt_additive=20;issmalllaser_range_multiplier=0.65;mechtopspeed_multiplier=0.1
759,charger,Charger,cgr-1a1,Standard,IS,80,16.2,16.27,,,15,50,34,34,26,26,34,34,armorresist_ct_additive=25;armorresist_la_additive=15;armorresist_ll_additive=15;armorresist_lt_additive=20;armorresist_ra_additive=15;armorresist_rl_additive=15;armorresist_rt_additive=20;issmalllaser_range_multiplier=0.65;mechtopspeed_multiplier=0.1
760,charger,Charger,cgr-1a5,Standard,IS,80,16.2,16.27,,,15,50,34,34,26,26,34,34,armorresist_ct_additive=30;armorresist_la_additive=20;armorresist_ll_additive=20;armorresist_lt_additive=25;armorresist_ra_additive=20;armorresist_rl_additive=20;armorresist_rt_additive=25;critchance_receiving_multiplier=-0.25;mechtopspeed_multiplier=0.1
761,charger,Charger,cgr-3k,Standard,IS,80,16.2,16.27,,,15,50,34,34,26,26,34,34,armorresist_ct_additive=25;armorresist_la_additive=15;armorresist_ll_additive=15;armorresist_lt_additive=20;armorresist_ra_additive=15;armorresist_rl_additive=15;armorresist_rt_additive=20;mechtopspeed_multiplier=0.1
762,charger,Charger,cgr-n7,Hero,IS,80,16.2,16.27,,,15,50,34,34,26,26,34,34,critchance_receiving_multiplier=-1;internalresist_ct_additive=35;internalresist_la_additive=25;internalresist_ll_additive=25;internalresist_lt_additive=30;internalresist_ra_additive=25;internalresist_rl_additive=25;internalresist_rt_additive=30;mechtopspeed_multiplier=0.1
763,hatamotochi,Hatamoto-Chi,htm-27ts,Standard,IS,80,16.2,15.94,,,15,50,34,34,26,26,34,34,all_range_multiplier=0.1;armorresist_ct_additive=25;armorresist_la_additive=15;armorresist_ll_additive=10;armorresist_lt_additive=20;armorresist_ra_additive=15;armorresist_rl_additive=10;armorresist_rt_additive=20;internalresist_ct_additive=10
764,hatamotochi,Hatamoto-Chi,htm-27t,Standard,IS,80,16.2,15.94,,,15,50,34,34,26,26,34,34,all_range_multiplier=0.1;armorresist_ct_additive=25;armorresist_la_additive=15;armorresist_ll_additive=10;armorresist_lt_additive=20;armorresist_ra_additive=15;armorresist_rl_additive=10;armorresist_rt_additive=20;internalresist_ct_additive=10
765,hatamotochi,Hatamoto-Chi,htm-27w,Standard,IS,80,16.2,15.94,,,15,50,34,34,26,26,34,34,armorresist_ct_additive=20;armorresist_la_additive=10;armorresist_ll_additive=5;armorresist_lt_additive=20;armorresist_ra_additive=10;armorresist_rl_additive=5;armorresist_rt_additive=25;internalresist_ct_additive=10
766,hatamotochi,Hatamoto-Chi,htm-28tr,Standard,IS,80,16.2,15.94,,,15,50,34,34,26,26,34,34,all_range_multiplier=0.1;armorresist_ct_additive=25;armorresist_la_additive=15;armorresist_ll_additive=10;armorresist_lt_additive=20;armorresist_ra_additive=15;armorresist_rl_additive=10;armorresist_rt_additive=20;internalresist_ct_additive=10
767,hatamotochi,Hatamoto-Chi,htm-sg,Hero,IS,80,16.2,15.94,,,15,50,34,34,26,26,34,34,all_range_multiplier=0.1;armorresist_ct_additive=25;armorresist_la_additive=15;armorresist_ll_additive=10;armorresist_lt_additive=20;armorresist_ra_additive=15;armorresist_rl_additive=10;armorresist_rt_additive=20;internalresist_ct_additive=10
768,warhammeriic,Warhammer IIC,whm-iics,Standard,CLAN,80,16.2,14.89,,,15,50,34,34,26,26,34,34,all_range_multiplier=0.1;armorresist_ct_additive=8;armorresist_la_additive=4;armorresist_ll_additive=4;armorresist_lt_additive=6;armorresist_ra_additive=4;armorresist_rl_additive=4;armorresist_rt_additive=6
769,warhammeriic,Warhammer IIC,whm-iic,Standard,CLAN,80,16.2,14.89,,,15,50,34,34,26,26,34,34,all_range_multiplier=0.1;armorresist_ct_additive=8;armorresist_la_additive=4;armorresist_ll_additive=4;armorresist_lt_additive=6;armorresist_ra_additive=4;armorresist_rl_additive=4;armorresist_rt_additive=6
770,warhammeriic,Warhammer IIC,whm-iic-2,Standard,CLAN,80,16.2,14.89,,,15,50,34,34,26,26,34,34,armorresist_ct_additive=8;armorresist_la_additive=4;armorresist_ll_additive=4;armorresist_lt_additive=6;armorresist_ra_additive=4;armorresist_rl_additive=4;armorresist_rt_additive=6
771,warhammeriic,Warhammer IIC,whm-iic-3,Standard,CLAN,80,16.2,14.89,,,15,50,34,34,26,26,34,34,armorresist_ct_additive=8;armorresist_la_additive=4;armorresist_ll_additive=4;armorresist_lt_additive=6;armorresist_ra_additive=4;armorresist_rl_additive=4;armorresist_rt_additive=6
772,warhammeriic,Warhammer IIC,whm-iic-4,Standard,CLAN,80,16.2,14.89,,,15,50,34,34,26,26,34,34,all_range_multiplier=0.1;armorresist_ct_additive=8;armorresist_la_additive=4;armorresist_ll_additive=4;armorresist_lt_additive=6;armorresist_ra_additive=4;armorresist_rl_additive=4;armorresist_rt_additive=6;missile_range_multiplier=0.15
773,warhammeriic,Warhammer IIC,whm-iic-10,Standard,CLAN,80,16.2,14.89,,,15,50,34,34,26,26,34,34,all_range_multiplier=0.075;armorresist_ct_additive=8;armorresist_la_additive=4;armorresist_ll_additive=4;armorresist_lt_additive=6;armorresist_ra_additive=4;armorresist_rl_additive=4;armorresist_rt_additive=6
774,warhammeriic,Warhammer IIC,whm-iic-ml,Hero,CLAN,80,16.2,14.89,,,15,50,34,34,26,26,34,34,armorresist_ct_additive=8;armorresist_la_additive=4;armorresist_ll_additive=4;armorresist_lt_additive=6;armorresist_ra_additive=4;armorresist_rl_additive=4;armorresist_rt_additive=6
775,warhammeriic,Warhammer IIC,whm-iic-bl,Hero,CLAN,80,16.2,14.89,,,15,50,34,34,26,26,34,34,armorresist_ct_additive=8;armorresist_la_additive=4;armorresist_ll_additive=4;armorresist_lt_additive=6;armorresist_ra_additive=4;armorresist_rl_additive=4;armorresist_rt_additive=6
776,javelin,Javelin,jvn-11f,Standard,IS,30,16.2,11.44,,,15,20,14,14,10,10,14,14,all_range_multiplier=0.1;armorresist_la_additive=16;armorresist_ra_additive=16;internalresist_ct_additive=8;internalresist_ll_additive=8;internalresist_lt_additive=8;internalresist_rl_additive=8;internalresist_rt_additive=8
777,rifleman,Rifleman,rfl-8d,Standard,IS,60,16.2,13.28,,,15,40,28,28,20,20,28,28,all_range_multiplier=0.1;armorresist_la_additive=10;armorresist_ra_additive=10;internalresist_ct_additive=15;internalresist_la_additive=10;internalresist_ll_additive=7;internalresist_lt_additive=15;internalresist_ra_additive=10;internalresist_rl_additive=7;internalresist_rt_additive=15
778,warhammer,Warhammer,whm-4l,Standard,IS,70,16.2,14.56,,,15,44,30,30,22,22,30,30,all_range_multiplier=0.1;armorresist_la_additive=12;armorresist_ra_additive=12;internalresist_ct_additive=11;internalresist_la_additive=5;internalresist_ll_additive=7;internalresist_lt_additive=7;internalresist_ra_additive=5;internalresist_rl_additive=7;internalresist_rt_additive=7
779,nightgyr,Night Gyr,ntg-h,Standard,CLAN,75,16.2,15.36,31332,3458;3004;3004;1502;1502;1502;1502,15,46,32,32,24,24,32,32,
780,marauderiic,Marauder IIC,mad-iic2,Standard,CLAN,85,16.2,12.42,,,15,54,36,36,28,28,36,36,armorresist_la_additive=10;armorresist_lt_additive=7;armorresist_ra_additive=10;armorresist_rt_additive=7
781,warhammeriic,Warhammer IIC,whm-iic-a,Standard,CLAN,80,16.2,14.89,,,15,50,34,34,26,26,34,34,armorresist_ct_additive=8;armorresist_la_additive=4;armorresist_ll_additive=4;armorresist_lt_additive=6;armorresist_ra_additive=4;armorresist_rl_additive=4;armorresist_rt_additive=6;mechtopspeed_multiplier=0.075
782,corsair,Corsair,cor-5rs,Standard,IS,95,16.2,14.12,,,15,60,40,40,32,32,40,40,armorresist_ct_additive=25;armorresist_ll_additive=15;armorresist_lt_additive=25;armorresist_rl_additive=15;armorresist_rt_additive=25;internalresist_ra_additive=10
783,corsair,Corsair,cor-5r,Standard,IS,95,16.2,14.12,,,15,60,40,40,32,32,40,40,armorresist_ct_additive=25;armorresist_ll_additive=15;armorresist_lt_additive=25;armorresist_rl_additive=15;armorresist_rt_additive=25;internalresist_ra_additive=10
784,corsair,Corsair,cor-6r,Standard,IS,95,16.2,14.12,,,15,60,40,40,32,32,40,40,armorresist_ct_additive=25;armorresist_ll_additive=15;armorresist_lt_additive=25;armorresist_rl_additive=15;armorresist_rt_additive=25;internalresist_ra_additive=10
785,corsair,Corsair,cor-7a,Standard,IS,95,16.2,14.12,,,15,60,40,40,32,32,40,40,all_range_multiplier=0.1;armorresist_ct_additive=25;armorresist_ll_additive=15;armorresist_lt_additive=25;armorresist_rl_additive=15;armorresist_rt_additive=25;internalresist_ra_additive=10
786,corsair,Corsair,cor-5t,Standard,IS,95,16.2,14.12,,,15,60,40,40,32,32,40,40,armorresist_ct_additive=25;armorresist_ll_additive=15;armorresist_lt_additive=25;armorresist_rl_additive=15;armorresist_rt_additive=25;internalresist_la_additive=10;internalresist_ra_additive=10
787,corsair,Corsair,cor-7r,Standard,IS,95,16.2,14.12,,,15,60,40,40,32,32,40,40,armorresist_ct_additive=25;armorresist_ll_additive=15;armorresist_lt_additive=25;armorresist_rl_additive=15;armorresist_rt_additive=25
788,corsair,Corsair,cor-ra,Hero,IS,95,16.2,14.12,,,15,60,40,40,32,32,40,40,armorresist_ct_additive=25;armorresist_ll_additive=15;armorresist_lt_additive=25;armorresist_rl_additive=15;armorresist_rt_additive=25;internalresist_la_additive=10
789,corsair,Corsair,cor-br,Hero,IS,95,16.2,14.12,,,15,60,40,40,32,32,40,40,armorresist_ct_additive=25;armorresist_ll_additive=15;armorresist_lt_additive=25;armorresist_rl_additive=15;armorresist_rt_additive=25;internalresist_la_additive=10;internalresist_ra_additive=10
790,marauderii,Marauder II,mad-4as,Standard,IS,100,16.2,13.46,,,15,62,42,42,34,34,42,42,armorresist_ct_additive=26;armorresist_la_additive=15;armorresist_ll_additive=15;armorresist_lt_additive=19;armorresist_ra_additive=15;armorresist_rl_additive=15;armorresist_rt_additive=19
791,marauderii,Marauder II,mad-4a,Standard,IS,100,16.2,13.46,,,15,62,42,42,34,34,42,42,armorresist_ct_additive=26;armorresist_la_additive=15;armorresist_ll_additive=15;armorresist_lt_additive=19;armorresist_ra_additive=15;armorresist_rl_additive=15;armorresist_rt_additive=19
792,marauderii,Marauder II,mad-4hp,Standard,IS,100,16.2,13.46,,,15,62,42,42,34,34,42,42,armorresist_ct_additive=26;armorresist_la_additive=15;armorresist_ll_additive=15;armorresist_lt_additive=19;armorresist_ra_additive=15;armorresist_rl_additive=15;armorresist_rt_additive=19;critchance_receiving_multiplier=-0.25;srm_range_multiplier=0.15
793,marauderii,Marauder II,mad-5a,Standard,IS,100,16.2,13.46,,,15,62,42,42,34,34,42,42,armorresist_ct_additive=26;armorresist_la_additive=15;armorresist_ll_additive=15;armorresist_lt_additive=19;armorresist_ra_additive=15;armorresist_rl_additive=15;armorresist_rt_additive=19;ballistic_range_multiplier=0.1;critchance_receiving_multiplier=-0.25
794,marauderii,Marauder II,mad-4l,Standard,IS,100,16.2,13.46,,,15,62,42,42,34,34,42,42,armorresist_ct_additive=26;armorresist_la_additive=15;armorresist_ll_additive=15;armorresist_lt_additive=19;armorresist_ra_additive=15;armorresist_rl_additive=15;armorresist_rt_additive=19;critchance_receiving_multiplier=-0.25
795,marauderii,Marauder II,mad-6s,Standard,IS,100,16.2,13.46,,,15,62,42,42,34,34,42,42,armorresist_ct_additive=26;armorresist_la_additive=15;armorresist_ll_additive=15;armorresist_lt_additive=19;armorresist_ra_additive=15;armorresist_rl_additive=15;armorresist_rt_additive=19;ballistic_range_multiplier=0.1;critchance_receiving_multiplier=-0.25
796,marauderii,Marauder II,mad-al,Hero,IS,100,16.2,13.46,,,15,62,42,42,34,34,42,42,all_range_multiplier=0.1;armorresist_ct_additive=26;armorresist_la_additive=15;armorresist_ll_additive=15;armorresist_lt_additive=19;armorresist_ra_additive=15;armorresist_rl_additive=15;armorresist_rt_additive=19;critchance_receiving_multiplier=-0.25
797,riflemaniic,Rifleman IIC,rfl-iics,Standard,CLAN,65,16.2,14.01,,,15,42,30,30,20,20,30,30,all_range_multiplier=0.1;armorresist_ct_additive=7;armorresist_la_additive=7;armorresist_ra_additive=7
798,riflemaniic,Rifleman IIC,rfl-iic,Standard,CLAN,65,16.2,14.01,,,15,42,30,30,20,20,30,30,all_range_multiplier=0.1;armorresist_ct_additive=7;armorresist_la_additive=7;armorresist_ra_additive=7
799,riflemaniic,Rifleman IIC,rfl-iic-2,Standard,CLAN,65,16.2,14.01,,,15,42,30,30,20,20,30,30,all_range_multiplier=0.1;armorresist_ct_additive=7;armorresist_la_additive=7;armorresist_ra_additive=7
800,riflemaniic,Rifleman IIC,rfl-iic-3,Standard,CLAN,65,16.2,14.01,,,15,42,30,30,20,20,30,30,all_range_multiplier=0.1;armorresist_ct_additive=7;armorresist_la_additive=7;armorresist_ra_additive=7
801,riflemaniic,Rifleman IIC,rfl-iic-4,Standard,CLAN,65,16.2,14.01,,,15,42,30,30,20,20,30,30,all_range_multiplier=0.1;armorresist_ct_additive=7;armorresist_la_additive=7;armorresist_ra_additive=7
802,riflemaniic,Rifleman IIC,rfl-iic-a,Standard,CLAN,65,16.2,14.01,,,15,42,30,30,20,20,30,30,all_range_multiplier=0.1;armorresist_ct_additive=7;armorresist_la_additive=7;armorresist_ra_additive=7
803,riflemaniic,Rifleman IIC,rfl-iic-ch,Hero,CLAN,65,16.2,14.01,,,15,42,30,30,20,20,30,30,all_range_multiplier=0.1;armorresist_ct_additive=7;armorresist_la_additive=7;armorresist_ra_additive=7
804,catapult,Catapult,cplt-c2s,Standard,IS,65,16.2,9.58,,,15,42,30,30,20,20,30,30,all_range_multiplier=0.15;armorresist_la_additive=15;armorresist_ra_additive=15;internalresist_all_additive=7
805,warhammer,Warhammer,whm-9ds,Standard,IS,70,16.2,14.56,,,15,44,30,30,22,22,30,30,all_range_multiplier=0.1;internalresist_ct_additive=11;internalresist_la_additive=5;internalresist_ll_additive=7;internalresist_lt_additive=7;internalresist_ra_additive=5;internalresist_rl_additive=7;internalresist_rt_additive=7;mechtopspeed_multiplier=0.075
806,marauder,Marauder,mad-9ms,Standard,IS,75,16.2,12.46,,,15,46,32,32,24,24,32,32,armorresist_ct_additive=7;internalresist_all_additive=16
807,kingcrab,King Crab,kgc-001s,Standard,IS,100,16.2,12.17,,,15,62,42,42,34,34,42,42,armorresist_ct_additive=30;armorresist_la_additive=15;armorresist_ll_additive=15;armorresist_lt_additive=20;armorresist_ra_additive=15;armorresist_rl_additive=15;armorresist_rt_additive=20;laser_range_multiplier=0.1
808,dervish,Dervish,dv-6ms,Standard,IS,55,16.2,14.05,,,15,36,26,26,18,18,26,26,all_range_multiplier=0.05;armorresist_ct_additive=10;armorresist_la_additive=18;armorresist_lt_additive=5;armorresist_ra_additive=18;armorresist_rt_additive=5;internalresist_ll_additive=10;internalresist_rl_additive=10
809,dervish,Dervish,dv-6m,Standard,IS,55,16.2,14.05,,,15,36,26,26,18,18,26,26,all_range_multiplier=0.05;armorresist_ct_additive=10;armorresist_la_additive=18;armorresist_lt_additive=5;armorresist_ra_additive=18;armorresist_rt_additive=5;internalresist_ll_additive=10;internalresist_rl_additive=10
810,dervish,Dervish,dv-7d,Standard,IS,55,16.2,14.05,,,15,36,26,26,18,18,26,26,armorresist_ct_additive=10;armorresist_la_additive=18;armorresist_lt_additive=5;armorresist_ra_additive=18;armorresist_rt_additive=5;internalresist_ll_additive=10;internalresist_rl_additive=10;srm_range_multiplier=0.1;streaksrm_range_multiplier=0.1
811,dervish,Dervish,dv-8d,Standard,IS,55,16.2,14.05,,,15,36,26,26,18,18,26,26,armorresist_ct_additive=10;armorresist_la_additive=18;armorresist_lt_additive=5;armorresist_ra_additive=18;armorresist_rt_additive=5;energy_range_multiplier=0.05;internalresist_ll_additive=10;internalresist_rl_additive=10
812,dervish,Dervish,dv-6mr,Standard,IS,55,16.2,14.05,,,15,36,26,26,18,18,26,26,armorresist_ct_additive=10;armorresist_la_additive=18;armorresist_lt_additive=5;armorresist_ra_additive=18;armorresist_rt_additive=5;internalresist_ll_additive=10;internalresist_rl_additive=10;missile_range_multiplier=0.1
813,dervish,Dervish,dv-7p,Standard,IS,55,16.2,14.05,,,15,36,26,26,18,18,26,26,armorresist_ct_additive=10;armorresist_la_additive=18;armorresist_lt_additive=12;armorresist_ra_additive=18;armorresist_rt_additive=12;energy_range_multiplier=0.1;internalresist_ll_additive=10;internalresist_rl_additive=10
814,dervish,Dervish,dv-fr,Hero,IS,55,16.2,14.05,,,15,36,26,26,18,18,26,26,armorresist_ct_additive=10;armorresist_la_additive=18;armorresist_lt_additive=5;armorresist_ra_additive=18;armorresist_rt_additive=5;internalresist_ll_additive=10;internalresist_rl_additive=10
815,catapult,Catapult,cplt-c2,Standard,IS,65,16.2,9.58,,,15,42,30,30,20,20,30,30,all_range_multiplier=0.15;armorresist_la_additive=15;armorresist_ra_additive=15;internalresist_all_additive=7
816,warhammer,Warhammer,whm-9d,Standard,IS,70,16.2,14.56,,,15,44,30,30,22,22,30,30,all_range_multiplier=0.1;internalresist_ct_additive=11;internalresist_la_additive=5;internalresist_ll_additive=7;internalresist_lt_additive=7;internalresist_ra_additive=5;internalresist_rl_additive=7;internalresist_rt_additive=7;mechtopspeed_multiplier=0.075
817,marauder,Marauder,mad-9m,Standard,IS,75,16.2,12.46,,,15,46,32,32,24,24,32,32,armorresist_ct_additive=7;internalresist_all_additive=16
818,kingcrab,King Crab,kgc-001,Standard,IS,100,16.2,12.17,,,15,62,42,42,34,34,42,42,armorresist_ct_additive=30;armorresist_la_additive=15;armorresist_ll_additive=15;armorresist_lt_additive=20;armorresist_ra_additive=15;armorresist_rl_additive=15;armorresist_rt_additive=20;laser_range_multiplier=0.1
819,locust,Locust,lct-1vs,Standard,IS,20,16.2,6.98,,,15,12,10,10,6,6,8,8,all_range_multiplier=0.1;armorresist_ct_additive=11;armorresist_la_additive=11;armorresist_ll_additive=11;armorresist_lt_additive=11;armorresist_ra_additive=11;armorresist_rl_additive=11;armorresist_rt_additive=11
820,shadowhawk,Shadow Hawk,shd-2hs,Standard,IS,55,16.2,14.34,,,15,36,26,26,18,18,26,26,armorresist_lt_additive=12;internalresist_ct_additive=18;internalresist_la_additive=12;internalresist_ll_additive=18;internalresist_lt_additive=14;internalresist_ra_additive=12;internalresist_rl_additive=18;internalresist_rt_additive=14
821,thunderbolt,Thunderbolt,tdr-5sspec,Standard,IS,65,16.2,12.67,,,15,42,30,30,20,20,30,30,energy_range_multiplier=0.1;internalresist_all_additive=15
822,battlemaster,Battlemaster,blr-1gs,Standard,IS,85,16.2,13.82,,,15,54,36,36,28,28,36,36,all_range_multiplier=0.1;armorresist_la_additive=25;armorresist_ra_additive=14;internalresist_ct_additive=18;internalresist_la_additive=14;internalresist_ll_additive=12;internalresist_lt_additive=12;internalresist_ra_additive=14;internalresist_rl_additive=12;internalresist_rt_additive=12;ismediumlaser_range_multiplier=0.1
823,griffin,Griffin,grf-1ns,Standard,IS,55,16.2,13.88,,,15,36,26,26,18,18,26,26,all_range_multiplier=0.1;armorresist_ct_additive=10;armorresist_la_additive=20;armorresist_ra_additive=20;armorresist_rt_additive=30;internalresist_ct_additive=15;internalresist_la_additive=15;internalresist_ll_additive=15;internalresist_lt_additive=15;internalresist_ra_additive=15;internalresist_rl_additive=15;internalresist_rt_additive=15
824,wolverine,Wolverine,wvr-6rs,Standard,IS,55,16.2,13.36,,,15,36,26,26,18,18,26,26,armorresist_ra_additive=15;internalresist_ct_additive=15;internalresist_ra_additive=18
825,urbanmech,UrbanMech,um-r60ls,Standard,IS,30,16.2,9.42,,,15,20,14,14,10,10,14,14,armorresist_ct_additive=20;armorresist_la_additive=20;armorresist_ll_additive=14;armorresist_lt_additive=14;armorresist_ra_additive=20;armorresist_rl_additive=14;armorresist_rt_additive=14;ballistic_range_multiplier=0.2;energy_range_multiplier=0.1;heatdissipation_multiplier=0.05
826,phoenixhawk,Phoenix Hawk,pxh-1ks,Standard,IS,45,16.2,13.08,,,15,28,22,22,14,14,22,22,armorresist_la_additive=21;armorresist_ra_additive=21;energy_range_multiplier=0.1;internalresist_ct_additive=15;internalresist_la_additive=10;internalresist_ll_additive=15;internalresist_lt_additive=12;internalresist_ra_additive=10;internalresist_rl_additive=15;internalresist_rt_additive=12
827,thunderbolt,Thunderbolt,tdr-10ses,Standard,IS,65,16.2,12.67,,,15,42,30,30,20,20,30,30,heatdissipation_multiplier=0.1;internalresist_all_additive=15
828,dragon,Dragon,drg-1gs,Standard,IS,60,16.2,12.92,,,15,40,28,28,20,20,28,28,armorresist_ct_additive=20;armorresist_la_additive=14;armorresist_lt_additive=20;armorresist_ra_additive=30;armorresist_rt_additive=20;internalresist_ct_additive=15;internalresist_ll_additive=18;internalresist_rl_additive=18;mechtopspeed_multiplier=0.075
829,thunderbolt,Thunderbolt,tdr-10se,Standard,IS,65,16.2,12.67,,,15,42,30,30,20,20,30,30,heatdissipation_multiplier=0.1;internalresist_all_additive=15
830,dragon,Dragon,drg-1g,Standard,IS,60,16.2,12.92,,,15,40,28,28,20,20,28,28,armorresist_ct_additive=20;armorresist_la_additive=14;armorresist_lt_additive=20;armorresist_ra_additive=30;armorresist_rt_additive=20;internalresist_ct_additive=15;internalresist_ll_additive=18;internalresist_rl_additive=18;mechtopspeed_multiplier=0.075
831,timberwolf,Timber Wolf,tbr-bhs,Standard,CLAN,75,16.2,12.29,31338,3473;3004;3004;3004;3004;3004,15,46,32,32,24,24,32,32,
832,direwolf,Dire Wolf,dwf-cs,Standard,CLAN,100,16.2,13.42,31346,3458;3004;3004;3004;3004;3004,15,62,42,42,34,34,42,42,
833,timberwolf,Timber Wolf,tbr-bh,Standard,CLAN,75,16.2,12.29,31338,3473;3004;3004;3004;3004;3004,15,46,32,32,24,24,32,32,
834,direwolf,Dire Wolf,dwf-c,Standard,CLAN,100,16.2,13.42,31346,3458;3004;3004;3004;3004;3004,15,62,42,42,34,34,42,42,
835,phoenixhawk,Phoenix Hawk,pxh-7s,Standard,IS,45,16.2,13.08,,,15,28,22,22,14,14,22,22,armorresist_la_additive=21;armorresist_ra_additive=21;internalresist_ct_additive=7;internalresist_la_additive=7;internalresist_ll_additive=6;internalresist_lt_additive=6;internalresist_ra_additive=7;internalresist_rl_additive=6;internalresist_rt_additive=6;laser_range_multiplier=0.1
836,phoenixhawk,Phoenix Hawk,pxh-7ss,Standard,IS,45,16.2,13.08,,,15,28,22,22,14,14,22,22,armorresist_la_additive=21;armorresist_ra_additive=21;internalresist_ct_additive=7;internalresist_la_additive=7;internalresist_ll_additive=6;internalresist_lt_additive=6;internalresist_ra_additive=7;internalresist_rl_additive=6;internalresist_rt_additive=6;laser_range_multiplier=0.1
837,stalker,Stalker,stk-7d,Standard,IS,85,16.2,13.83,,,15,54,36,36,28,28,36,36,armorresist_ct_additive=6;armorresist_ll_additive=10;armorresist_lt_additive=18;armorresist_rl_additive=10;armorresist_rt_additive=18
838,stalker,Stalker,stk-7ds,Standard,IS,85,16.2,13.83,,,15,54,36,36,28,28,36,36,armorresist_ct_additive=6;armorresist_ll_additive=10;armorresist_lt_additive=18;armorresist_rl_additive=10;armorresist_rt_additive=18
839,urbanmech,UrbanMech,um-r80,Standard,IS,30,16.2,9.42,,,15,20,14,14,10,10,14,14,armorresist_ct_additive=20;armorresist_la_additive=20;armorresist_ll_additive=14;armorresist_lt_additive=14;armorresist_ra_additive=20;armorresist_rl_additive=14;armorresist_rt_additive=14;heatdissipation_multiplier=0.05
840,urbanmech,UrbanMech,um-r80l,Standard,IS,30,16.2,9.42,,,15,20,14,14,10,10,14,14,armorresist_ct_additive=20;armorresist_la_additive=20;armorresist_ll_additive=14;armorresist_lt_additive=14;armorresist_ra_additive=20;armorresist_rl_additive=14;armorresist_rt_additive=14;heatdissipation_multiplier=0.05
841,viper,Viper,vpr-f,Standard,CLAN,40,16.2,10.70,31354,3462;1503;1503;1503;1503;1503;1503;1503;1503,15,24,20,20,12,12,20,20,
842,viper,Viper,vpr-fl,Standard,CLAN,40,16.2,10.70,31354,3462;1503;1503;1503;1503;1503;1503;1503;1503,15,24,20,20,12,12,20,20,
843,atlas,Atlas,as7-k3,Standard,IS,100,16.2,16.67,,,15,62,42,42,34,34,42,42,armorresist_ct_additive=36;armorresist_la_additive=17;armorresist_ll_additive=21;armorresist_lt_additive=30;armorresist_ra_additive=17;armorresist_rl_additive=21;armorresist_rt_additive=30;critchance_receiving_multiplier=-0.4
844,atlas,Atlas,as7-k3l,Standard,IS,100,16.2,16.67,,,15,62,42,42,34,34,42,42,armorresist_ct_additive=36;armorresist_la_additive=17;armorresist_ll_additive=21;armorresist_lt_additive=30;armorresist_ra_additive=17;armorresist_rl_additive=21;armorresist_rt_additive=30;critchance_receiving_multiplier=-0.4
845,nightgyr,Night Gyr,ntg-dcs,Standard,CLAN,75,16.2,15.36,30691,3458;3004;3004;1502;1502;1502;1502,15,46,32,32,24,24,32,32,
846,roughneck,Roughneck,rgh-blt,Hero,IS,65,16.2,13.91,,,15,42,30,30,20,20,30,30,armorresist_all_additive=5;armorresist_ct_additive=5;internalresist_all_additive=10;internalresist_ct_additive=10;internalresist_lt_additive=5;internalresist_rt_additive=5
847,sunspider,Sun Spider,sns-amb,Hero,CLAN,70,16.2,13.94,31364,3468;3004;3004;3004;3004,15,44,30,30,22,22,30,30,
848,mauler,Mauler,mal-2ps,Standard,IS,90,16.2,15.55,,,15,58,38,38,30,30,38,38,critchance_receiving_multiplier=-0.5;internalresist_ct_additive=17;internalresist_lt_additive=17;internalresist_rt_additive=17
849,marauderiic,Marauder IIC,mad-iic-as,Standard,CLAN,85,16.2,12.42,,,15,54,36,36,28,28,36,36,armorresist_lt_additive=7;armorresist_rt_additive=14
850,bloodasp,Blood Asp,bas-e,Standard,CLAN,90,16.2,15.57,31370,3470;3004;3004;3004;3004,15,58,38,38,30,30,38,38,
851,bloodasp,Blood Asp,bas-es,Standard,CLAN,90,16.2,15.57,31370,3470;3004;3004;3004;3004,15,58,38,38,30,30,38,38,
852,shadowcat,Shadow Cat,shc-d,Standard,CLAN,45,16.2,10.17,31378,3452;1606;1503;1503;1503;1503;1503;1503,15,28,22,22,14,14,22,22,
853,shadowcat,Shadow Cat,shc-ds,Standard,CLAN,45,16.2,10.17,31378,3452;1606;1503;1503;1503;1503;1503;1503,15,28,22,22,14,14,22,22,
854,incubus,Incubus,inc-5c,Standard,CLAN,30,16.2,10.92,,,15,20,14,14,10,10,14,14,armorresist_ct_additive=10;armorresist_la_additive=10;armorresist_ll_additive=10;armorresist_lt_additive=10;armorresist_ra_additive=10;armorresist_rl_additive=10;armorresist_rt_additive=10
855,kitfox,Kit Fox,kfx-dc,Standard,CLAN,30,16.2,9.36,30083,3434;3004;3004;3004,15,20,14,14,10,10,14,14,
856,flea,Flea,fle-17c,Standard,IS,20,16.2,6.54,,,15,12,10,10,6,6,8,8,armorresist_ll_additive=6;armorresist_rl_additive=6;internalresist_ct_additive=6;internalresist_la_additive=4;internalresist_lt_additive=6;internalresist_ra_additive=4;internalresist_rt_additive=6
857,javelin,Javelin,jvn-11ac,Standard,IS,30,16.2,11.44,,,15,20,14,14,10,10,14,14,heatdissipation_multiplier=0.075;internalresist_ct_additive=8;internalresist_ll_additive=8;internalresist_lt_additive=8;internalresist_rl_additive=8;internalresist_rt_additive=8
858,huntsman,Huntsman,hmn-primec,Standard,CLAN,50,16.2,12.36,30707,3448;1503;1503;1503;1503;1503,15,32,24,24,16,16,24,24,
859,vaporeagle,Vapor Eagle,vgl-2c,Standard,CLAN,55,16.2,14.48,,,15,36,26,26,18,18,26,26,
860,dervish,Dervish,dv-7dc,Standard,IS,55,16.2,14.05,,,15,36,26,26,18,18,26,26,armorresist_ct_additive=10;armorresist_la_additive=18;armorresist_lt_additive=5;armorresist_ra_additive=18;armorresist_rt_additive=5;internalresist_ll_additive=10;internalresist_rl_additive=10;srm_range_multiplier=0.1;streaksrm_range_multiplier=0.1
861,vulcan,Vulcan,vl-5tc,Standard,IS,40,16.2,13.21,,,15,24,20,20,12,12,20,20,all_range_multiplier=0.1;internalresist_ct_additive=8;internalresist_la_additive=5;internalresist_ll_additive=8;internalresist_lt_additive=6;internalresist_ra_additive=5;internalresist_rl_additive=8;internalresist_rt_additive=6
862,linebacker,Linebacker,lbk-hc,Standard,CLAN,65,16.2,10.97,31164,3476;3004;3004;3004;3004,15,42,30,30,20,20,30,30,
863,summoner,Summoner,smn-dc,Standard,CLAN,70,16.2,14.54,30163,3468;1502;3004;3004;3004;3004;1502;1502;1502;1502,15,44,30,30,22,22,30,30,internalresist_all_additive=10
864,archer,Archer,arc-2rc,Standard,IS,70,16.2,11.85,,,15,44,30,30,22,22,30,30,all_range_multiplier=0.1;armorresist_ct_additive=22;armorresist_la_additive=10;armorresist_ll_additive=7;armorresist_lt_additive=15;armorresist_ra_additive=10;armorresist_rl_additive=7;armorresist_rt_additive=15
865,marauder,Marauder,mad-9mc,Standard,IS,75,16.2,12.46,,,15,46,32,32,24,24,32,32,armorresist_ct_additive=7;internalresist_all_additive=16
866,bloodasp,Blood Asp,bas-ac,Standard,CLAN,90,16.2,15.57,31292,3470;3004;3004;3004;3004,15,58,38,38,30,30,38,38,
867,marauderiic,Marauder IIC,mad-iicc,Standard,CLAN,85,16.2,12.42,,,15,54,36,36,28,28,36,36,armorresist_lt_additive=7;armorresist_rt_additive=7
868,annihilator,Annihilator,anh-1ac,Standard,IS,100,16.2,18.74,,,15,62,42,42,34,34,42,42,armorresist_ct_additive=16;armorresist_la_additive=2;armorresist_ll_additive=7;armorresist_lt_additive=12;armorresist_ra_additive=2;armorresist_rl_additive=7;armorresist_rt_additive=12;ballistic_range_multiplier=0.1;critchance_receiving_multiplier=-0.15
869,cyclops,Cyclops,cp-10-qc,Standard,IS,90,16.2,16.67,,,15,58,38,38,30,30,38,38,critchance_receiving_multiplier=-0.3;internalresist_ct_additive=18;internalresist_lt_additive=18;internalresist_rt_additive=18;missile_range_multiplier=0.1
870,atlas,Atlas,as7-d-dcp,Standard,IS,100,16.2,16.67,,,15,62,42,42,34,34,42,42,armorresist_ct_additive=36;armorresist_la_additive=10;armorresist_ll_additive=21;armorresist_lt_additive=30;armorresist_ra_additive=10;armorresist_rl_additive=21;armorresist_rt_additive=30;critchance_receiving_multiplier=-0.4
871,catapult,Catapult,cplt-k2p,Standard,IS,65,16.2,9.58,,,15,42,30,30,20,20,30,30,all_range_multiplier=0.1;internalresist_all_additive=7
872,hunchback,Hunchback,hbk-4pp,Standard,IS,50,16.2,12.76,,,15,32,24,24,16,16,24,24,all_range_multiplier=0.1;armorresist_ct_additive=16;armorresist_lt_additive=16;armorresist_rt_additive=28;internalresist_rt_additive=12
873,jenner,Jenner,jr7-fp,Standard,IS,35,16.2,8.81,,,15,22,16,16,12,12,16,16,armorresist_ct_additive=18;armorresist_ll_additive=10;armorresist_lt_additive=10;armorresist_rl_additive=10;armorresist_rt_additive=10;internalresist_ct_additive=11
874,jenneriic,Jenner IIC,jr7-iic-ap,Standard,CLAN,35,16.2,9.02,,,15,22,16,16,12,12,16,16,armorresist_ct_additive=14;armorresist_ll_additive=10;armorresist_lt_additive=14;armorresist_rl_additive=10;armorresist_rt_additive=14;heatdissipation_multiplier=0.15;internalresist_la_additive=4;internalresist_ra_additive=4
875,hunchbackiic,Hunchback IIC,hbk-iic-bp,Standard,CLAN,50,16.2,12.16,,,15,32,24,24,16,16,24,24,armorresist_ct_additive=10;armorresist_lt_additive=12;armorresist_rt_additive=12;internalresist_ct_additive=12;internalresist_lt_additive=12;internalresist_rt_additive=12;srm_range_multiplier=0.1
876,orioniic,Orion IIC,on1-iic-ap,Standard,CLAN,75,16.2,14.51,,,15,46,32,32,24,24,32,32,armorresist_ct_additive=16;armorresist_la_additive=6;armorresist_ll_additive=8;armorresist_lt_additive=16;armorresist_ra_additive=6;armorresist_rl_additive=8;armorresist_rt_additive=16;mechtopspeed_multiplier=0.075
877,highlanderiic,Highlander IIC,hgn-iic-bp,Standard,CLAN,90,16.2,17.17,,,15,58,38,38,30,30,38,38,armorresist_ct_additive=20;armorresist_la_additive=15;armorresist_ll_additive=15;armorresist_lt_additive=15;armorresist_ra_additive=15;armorresist_rl_additive=15;armorresist_rt_additive=15
878,kitfox,Kit Fox,kfx-p,Standard,CLAN,30,16.2,9.36,31388,3434;3004;3004;3004,15,20,14,14,10,10,14,14,
879,kitfox,Kit Fox,kfx-ps,Standard,CLAN,30,16.2,9.36,31388,3434;3004;3004;3004,15,20,14,14,10,10,14,14,
880,summoner,Summoner,smn-g,Standard,CLAN,70,16.2,14.54,31396,3468;1502;3004;3004;3004;3004;1502;1502;1502;1502,15,44,30,30,22,22,30,30,internalresist_all_additive=10
881,summoner,Summoner,smn-gs,Standard,CLAN,70,16.2,14.54,31396,3468;1502;3004;3004;3004;3004;1502;1502;1502;1502,15,44,30,30,22,22,30,30,internalresist_all_additive=10
882,uziel,Uziel,uzl-6pp,Standard,IS,50,16.2,11.11,,,15,32,24,24,16,16,24,24,all_range_multiplier=0.1;armorresist_ct_additive=13;armorresist_la_additive=8;armorresist_lt_additive=13;armorresist_ra_additive=8;armorresist_rt_additive=13;internalresist_ct_additive=8;internalresist_lt_additive=8;internalresist_rt_additive=8
883,cataphract,Cataphract,ctf-4xp,Standard,IS,70,16.2,12.53,,,15,44,30,30,22,22,30,30,all_range_multiplier=0.25;armorresist_ct_additive=40;armorresist_la_additive=11;armorresist_ll_additive=15;armorresist_lt_additive=32;armorresist_ra_additive=11;armorresist_rl_additive=15;armorresist_rt_additive=32
884,quickdraw,Quickdraw,qkd-5kp,Standard,IS,60,16.2,13.76,,,15,40,28,28,20,20,28,28,armorresist_ct_additive=15;armorresist_la_additive=11;armorresist_ll_additive=10;armorresist_lt_additive=10;armorresist_ra_additive=11;armorresist_rl_additive=10;armorresist_rt_additive=10
885,wolfhound,Wolfhound,wlf-1ap,Standard,IS,35,16.2,12.22,,,15,22,16,16,12,12,16,16,armorresist_ct_additive=11;armorresist_ll_additive=8;armorresist_lt_additive=11;armorresist_ra_additive=6;armorresist_rl_additive=8;armorresist_rt_additive=11
886,crab,Crab,crb-27slp,Standard,IS,50,16.2,11.64,,,15,32,24,24,16,16,24,24,internalresist_ct_additive=20;internalresist_la_additive=20;internalresist_ll_additive=20;internalresist_lt_additive=20;internalresist_ra_additive=20;internalresist_rl_additive=20;internalresist_rt_additive=20
887,blackknight,Black Knight,bl-6b-kntp,Standard,IS,75,16.2,17.00,,,15,46,32,32,24,24,32,32,armorresist_ct_additive=27;armorresist_la_additive=9;armorresist_ll_additive=12;armorresist_lt_additive=12;armorresist_ra_additive=9;armorresist_rl_additive=12;armorresist_rt_additive=12;pulselaser_range_multiplier=0.15
888,mauler,Mauler,mal-mx90p,Standard,IS,90,16.2,15.55,,,15,58,38,38,30,30,38,38,all_range_multiplier=0.1
889,cougar,Cougar,cou-hp,Standard,CLAN,35,16.2,9.74,30924,3433;3004;3004;3004,15,22,16,16,12,12,16,16,
890,arcticwolf,Arctic Wolf,acw-ap,Standard,CLAN,40,16.2,10.54,31092,3446;3004,15,24,20,20,12,12,20,20,
891,novacat,Nova Cat,nct-bp,Standard,CLAN,70,16.2,14.97,31124,3454;3004,15,44,30,30,22,22,30,30,
892,madcatmkii,Mad Cat Mk II,mcii-bp,Standard,CLAN,90,16.2,13.96,,,15,58,38,38,30,30,38,38,armorresist_la_additive=15;armorresist_ra_additive=15
893,crusader,Crusader,crd-3rs,Standard,IS,65,16.2,13.88,,,15,42,30,30,20,20,30,30,armorresist_ct_additive=10;armorresist_la_additive=15;armorresist_ll_additive=10;armorresist_lt_additive=10;armorresist_ra_additive=15;armorresist_rl_additive=10;armorresist_rt_additive=10;mechtopspeed_multiplier=0.075
894,crusader,Crusader,crd-3r,Standard,IS,65,16.2,13.88,,,15,42,30,30,20,20,30,30,armorresist_ct_additive=10;armorresist_la_additive=15;armorresist_ll_additive=10;armorresist_lt_additive=10;armorresist_ra_additive=15;armorresist_rl_additive=10;armorresist_rt_additive=10;mechtopspeed_multiplier=0.075
895,crusader,Crusader,crd-5k,Standard,IS,65,16.2,13.88,,,15,42,30,30,20,20,30,30,armorresist_ct_additive=10;armorresist_la_additive=15;armorresist_ll_additive=10;armorresist_lt_additive=10;armorresist_ra_additive=15;armorresist_rl_additive=10;armorresist_rt_additive=10;laser_range_multiplier=0.1
896,crusader,Crusader,crd-5m,Standard,IS,65,16.2,13.88,,,15,42,30,30,20,20,30,30,armorresist_ct_additive=10;armorresist_la_additive=15;armorresist_ll_additive=10;armorresist_lt_additive=10;armorresist_ra_additive=15;armorresist_rl_additive=10;armorresist_rt_additive=10
897,crusader,Crusader,crd-6t,Standard,IS,65,16.2,13.88,,,15,42,30,30,20,20,30,30,armorresist_la_additive=7;armorresist_ra_additive=7
898,crusader,Crusader,crd-7l,Standard,IS,65,16.2,13.88,,,15,42,30,30,20,20,30,30,armorresist_ct_additive=10;armorresist_la_additive=15;armorresist_ll_additive=10;armorresist_lt_additive=10;armorresist_ra_additive=15;armorresist_rl_additive=10;armorresist_rt_additive=10;srm_range_multiplier=0.1;streaksrm_range_multiplier=0.1
899,crusader,Crusader,crd-cr,Hero,IS,65,16.2,13.88,,,15,42,30,30,20,20,30,30,armorresist_ct_additive=10;armorresist_la_additive=15;armorresist_ll_additive=10;armorresist_lt_additive=10;armorresist_ra_additive=15;armorresist_rl_additive=10;armorresist_rt_additive=10
900,spider,Spider,sdr-5dp,Standard,IS,30,16.2,9.64,,,15,20,14,14,10,10,14,14,armorresist_ct_additive=10;armorresist_la_additive=10;armorresist_ll_additive=10;armorresist_lt_additive=10;armorresist_ra_additive=10;armorresist_rl_additive=10;armorresist_rt_additive=10;energy_range_multiplier=0.1;heatdissipation_multiplier=0.05
901,cicada,Cicada,cda-3mp,Standard,IS,40,16.2,10.87,,,15,24,20,20,12,12,20,20,all_range_multiplier=0.1;armorresist_ct_additive=9;armorresist_lt_additive=9;armorresist_rt_additive=9;internalresist_ct_additive=12;internalresist_ll_additive=15;internalresist_lt_additive=10;internalresist_rl_additive=15;internalresist_rt_additive=10
902,jagermech,JagerMech,jm6-ddp,Standard,IS,65,16.2,11.53,,,15,42,30,30,20,20,30,30,all_range_multiplier=0.15;armorresist_la_additive=14;armorresist_ra_additive=14;internalresist_ct_additive=11;internalresist_ll_additive=15;internalresist_lt_additive=15;internalresist_rl_additive=15;internalresist_rt_additive=15
903,kingcrab,King Crab,kgc-000p,Standard,IS,100,16.2,12.17,,,15,62,42,42,34,34,42,42,armorresist_ct_additive=30;armorresist_la_additive=15;armorresist_ll_additive=15;armorresist_lt_additive=20;armorresist_ra_additive=15;armorresist_rl_additive=15;armorresist_rt_additive=20;missile_range_multiplier=0.1
904,incubus,Incubus,inc-4p,Standard,CLAN,30,16.2,10.92,,,15,20,14,14,10,10,14,14,armorresist_la_additive=10;internalresist_ct_additive=8;internalresist_ll_additive=8;internalresist_lt_additive=8;internalresist_ra_additive=8;internalresist_rl_additive=8;internalresist_rt_additive=8
905,vaporeagle,Vapor Eagle,vgl-3p,Standard,CLAN,55,16.2,14.48,,,15,36,26,26,18,18,26,26,
906,hellfire,Hellfire,hlf-ap,Standard,CLAN,60,16.2,13.03,,,15,40,28,28,20,20,28,28,armorresist_ct_additive=12;armorresist_la_additive=10;armorresist_lt_additive=12;armorresist_ra_additive=10;armorresist_rt_additive=12;internalresist_ct_additive=5;internalresist_lt_additive=5;internalresist_rt_additive=5
907,kodiak,Kodiak,kdk-3p,Standard,CLAN,100,16.2,15.30,,,15,62,42,42,34,34,42,42,armorresist_ct_additive=7;armorresist_ll_additive=20;armorresist_lt_additive=7;armorresist_rl_additive=20;armorresist_rt_additive=7;critchance_receiving_multiplier=-0.6
908,panther,Panther,pnt-9rp,Standard,IS,35,16.2,11.89,,,15,22,16,16,12,12,16,16,all_range_multiplier=0.1;armorresist_ct_additive=15;armorresist_la_additive=10;armorresist_ll_additive=15;armorresist_lt_additive=15;armorresist_ra_additive=30;armorresist_rl_additive=15;armorresist_rt_additive=15;internalresist_ra_additive=8
909,bushwacker,Bushwacker,bsw-x2p,Standard,IS,55,16.2,12.47,,,15,36,26,26,18,18,26,26,armorresist_ct_additive=15;armorresist_la_additive=15;armorresist_ll_additive=8;armorresist_lt_additive=15;armorresist_ra_additive=25;armorresist_rl_additive=8;armorresist_rt_additive=15
910,grasshopper,Grasshopper,ghr-5pp,Standard,IS,70,16.2,17.20,,,15,44,30,30,22,22,30,30,energy_range_multiplier=0.1;internalresist_ct_additive=11;internalresist_ll_additive=15;internalresist_lt_additive=10;internalresist_rl_additive=15;internalresist_rt_additive=10
911,annihilator,Annihilator,anh-1xp,Standard,IS,100,16.2,18.74,,,15,62,42,42,34,34,42,42,armorresist_ct_additive=20;armorresist_la_additive=12;armorresist_ll_additive=16;armorresist_lt_additive=26;armorresist_ra_additive=12;armorresist_rl_additive=16;armorresist_rt_additive=26;critchance_receiving_multiplier=-0.15
912,mistlynx,Mist Lynx,mlx-gp,Standard,CLAN,25,16.2,7.53,31012,3433;3004;3004;1504;1504;1504;3004;1504;1504;1504,15,16,12,12,8,8,12,12,
913,stormcrow,Stormcrow,scr-bp,Standard,CLAN,55,16.2,11.97,30451,3464,15,36,26,26,18,18,26,26,
914,hellbringer,Hellbringer,hbr-bp,Standard,CLAN,65,16.2,13.65,30285,3463;3004;3004;3004,15,42,30,30,20,20,30,30,
915,gargoyle,Gargoyle,gar-ep,Standard,CLAN,80,16.2,15.59,31068,3478;3004;3004;3004;3004;3004;3004,15,50,34,34,26,26,34,34,
916,commando,Commando,com-1bp,Standard,IS,25,16.2,8.67,,,15,16,12,12,8,8,12,12,all_range_multiplier=0.1;armorresist_la_additive=14;armorresist_ll_additive=12;armorresist_ra_additive=14;armorresist_rl_additive=12;internalresist_ct_additive=10;internalresist_la_additive=10;internalresist_lt_additive=12;internalresist_ra_additive=10;internalresist_rt_additive=12
917,centurion,Centurion,cn9-dp,Standard,IS,50,16.2,12.84,,,15,32,24,24,16,16,24,24,armorresist_ct_additive=22;armorresist_la_additive=24;armorresist_ll_additive=18;armorresist_lt_additive=18;armorresist_ra_additive=24;armorresist_rl_additive=18;armorresist_rt_additive=18;critchance_receiving_multiplier=-0.4;internalresist_la_additive=16;internalresist_ra_additive=16
918,orion,Orion,on1-kp,Standard,IS,75,16.2,14.51,,,15,46,32,32,24,24,32,32,armorresist_ct_additive=53;armorresist_la_additive=27;armorresist_ll_additive=31;armorresist_lt_additive=46;armorresist_ra_additive=27;armorresist_rl_additive=31;armorresist_rt_additive=46;critchance_receiving_multiplier=-0.25
919,marauderii,Marauder II,mad-6sp,Standard,IS,100,16.2,13.46,,,15,62,42,42,34,34,42,42,armorresist_ct_additive=26;armorresist_la_additive=15;armorresist_ll_additive=15;armorresist_lt_additive=19;armorresist_ra_additive=15;armorresist_rl_additive=15;armorresist_rt_additive=19;ballistic_range_multiplier=0.1;critchance_receiving_multiplier=-0.25
920,adder,Adder,adr-ap,Standard,CLAN,35,16.2,9.46,30035,3440;3004;3004,15,22,16,16,12,12,16,16,
921,shadowcat,Shadow Cat,shc-bp,Standard,CLAN,45,16.2,10.17,30579,3452;1606;1503;1503;1503;1503;1503;1503,15,28,22,22,14,14,22,22,
922,timberwolf,Timber Wolf,tbr-sp,Standard,CLAN,75,16.2,12.29,30019,3473;3004;3004;3004;3004;3004,15,46,32,32,24,24,32,32,
923,supernova,Supernova,snv-bp,Standard,CLAN,90,16.2,14.81,,,15,58,38,38,30,30,38,38,armorresist_la_additive=12;armorresist_ra_additive=12;internalresist_ct_additive=15;internalresist_ll_additive=15;internalresist_lt_additive=15;internalresist_rl_additive=15;internalresist_rt_additive=15
924,warhammer,Warhammer,whm-7sp,Standard,IS,70,16.2,14.56,,,15,44,30,30,22,22,30,30,armorresist_lt_additive=12;armorresist_rt_additive=12;internalresist_ct_additive=11;internalresist_la_additive=5;internalresist_ll_additive=7;internalresist_lt_additive=7;internalresist_ra_additive=5;internalresist_rl_additive=7;internalresist_rt_additive=7
925,marauder,Marauder,mad-5mp,Standard,IS,75,16.2,12.46,,,15,46,32,32,24,24,32,32,armorresist_ct_additive=7;armorresist_rt_additive=10;internalresist_all_additive=16
926,rifleman,Rifleman,rfl-5dp,Standard,IS,60,16.2,13.28,,,15,40,28,28,20,20,28,28,all_range_multiplier=0.1;armorresist_la_additive=10;armorresist_ra_additive=10;internalresist_ct_additive=15;internalresist_la_additive=10;internalresist_ll_additive=7;internalresist_lt_additive=15;internalresist_ra_additive=10;internalresist_rl_additive=7;internalresist_rt_additive=15;ismediumlaser_range_multiplier=0.1
927,archer,Archer,arc-5wp,Standard,IS,70,16.2,11.85,,,15,44,30,30,22,22,30,30,armorresist_ct_additive=22;armorresist_la_additive=10;armorresist_ll_additive=7;armorresist_lt_additive=10;armorresist_ra_additive=10;armorresist_rl_additive=7;armorresist_rt_additive=10;srm_range_multiplier=0.1
928,warhammeriic,Warhammer IIC,whm-iic-ap,Standard,CLAN,80,16.2,14.89,,,15,50,34,34,26,26,34,34,armorresist_ct_additive=8;armorresist_la_additive=4;armorresist_ll_additive=4;armorresist_lt_additive=6;armorresist_ra_additive=4;armorresist_rl_additive=4;armorresist_rt_additive=6;mechtopspeed_multiplier=0.075
929,marauderiic,Marauder IIC,mad-iic-dp,Standard,CLAN,85,16.2,12.42,,,15,54,36,36,28,28,36,36,energy_range_multiplier=0.1;gaussrifle_range_multiplier=0.1;missile_range_multiplier=0.1
930,riflemaniic,Rifleman IIC,rfl-iic-2p,Standard,CLAN,65,16.2,14.01,,,15,42,30,30,20,20,30,30,all_range_multiplier=0.1;armorresist_ct_additive=7;armorresist_la_additive=7;armorresist_ra_additive=7
931,maddog,Mad Dog,mdd-cp,Standard,CLAN,60,16.2,14.34,30356,3458;3004;3004,15,40,28,28,20,20,28,28,
932,raven,Raven,rvn-2xp,Standard,IS,35,16.2,10.32,,,15,22,16,16,12,12,16,16,all_range_multiplier=0.1;armorresist_la_additive=12;internalresist_ct_additive=6;internalresist_la_additive=12;internalresist_ll_additive=8;internalresist_lt_additive=12;internalresist_ra_additive=12;internalresist_rl_additive=8;internalresist_rt_additive=12;ismediumlaserfamily_range_multiplier=0.2;tag_range_multiplier=0.2
933,blackjack,Blackjack,bj-3p,Standard,IS,45,16.2,13.15,,,15,28,22,22,14,14,22,22,armorresist_ct_additive=19;armorresist_la_additive=10;armorresist_ll_additive=10;armorresist_lt_additive=16;armorresist_ra_additive=10;armorresist_rl_additive=10;armorresist_rt_additive=16;energy_range_multiplier=0.1
934,thanatos,Thanatos,tns-5sp,Standard,IS,75,16.2,14.16,,,15,46,32,32,24,24,32,32,all_range_multiplier=0.1;armorresist_ct_additive=10;armorresist_lt_additive=15;armorresist_rt_additive=15;internalresist_la_additive=8;internalresist_ll_additive=5;internalresist_ra_additive=8;internalresist_rl_additive=5
935,fafnir,Fafnir,fnr-5bp,Standard,IS,100,16.2,13.61,,,15,62,42,42,34,34,42,42,armorresist_ct_additive=26;armorresist_ll_additive=20;armorresist_lt_additive=34;armorresist_rl_additive=20;armorresist_rt_additive=34;critchance_receiving_multiplier=-0.25
936,piranha,Piranha,pir-2p,Standard,CLAN,20,16.2,8.34,,,15,12,10,10,6,6,8,8,internalresist_ct_additive=7;internalresist_la_additive=7;internalresist_ll_additive=7;internalresist_lt_additive=7;internalresist_ra_additive=7;internalresist_rl_additive=7;internalresist_rt_additive=7
937,iceferret,Ice Ferret,ifr-pp,Standard,CLAN,45,16.2,12.62,31028,3470;3004;3004,15,28,22,22,14,14,22,22,
938,ebonjaguar,Ebon Jaguar,ebj-ap,Standard,CLAN,65,16.2,11.88,30507,3463;3004;3004;3004,15,42,30,30,20,20,30,30,
939,bloodasp,Blood Asp,bas-bp,Standard,CLAN,90,16.2,15.57,31300,3470;3004;3004;3004;3004,15,58,38,38,30,30,38,38,
940,trebuchet,Trebuchet,tbt-7kp,Standard,IS,50,16.2,14.17,,,15,32,24,24,16,16,24,24,armorresist_ct_additive=15;armorresist_lt_additive=14;armorresist_rt_additive=14;internalresist_ct_additive=10;internalresist_ll_additive=18;internalresist_lt_additive=14;internalresist_rl_additive=18;internalresist_rt_additive=14
941,assassin,Assassin,asn-27p,Standard,IS,40,16.2,13.24,,,15,24,20,20,12,12,20,20,armorresist_ct_additive=9;armorresist_la_additive=4;armorresist_ll_additive=8;armorresist_lt_additive=8;armorresist_ra_additive=12;armorresist_rl_additive=8;armorresist_rt_additive=8;missile_range_multiplier=0.3
942,hellspawn,Hellspawn,hsn-8pp,Standard,IS,45,16.2,11.95,,,15,28,22,22,14,14,22,22,armorresist_ct_additive=12;armorresist_la_additive=15;armorresist_ll_additive=8;armorresist_lt_additive=18;armorresist_ra_additive=15;armorresist_rl_additive=8;armorresist_rt_additive=10;internalresist_rt_additive=5;missile_range_multiplier=0.1;srm_range_multiplier=0.1
943,stalker,Stalker,stk-5mp,Standard,IS,85,16.2,13.83,,,15,54,36,36,28,28,36,36,armorresist_ct_additive=6;armorresist_ll_additive=10;armorresist_lt_additive=18;armorresist_rl_additive=10;armorresist_rt_additive=18;missile_range_multiplier=0.1
944,arcticcheetah,Arctic Cheetah,ach-ep,Standard,CLAN,30,16.2,9.94,31020,3446;1504;1504;1504;1504;1504;1504;3004,15,20,14,14,10,10,14,14,
945,blacklanner,Black Lanner,bkl-dp,Standard,CLAN,55,16.2,12.48,31196,3475;1606,15,36,26,26,18,18,26,26,
946,nightgyr,Night Gyr,ntg-cp,Standard,CLAN,75,16.2,15.36,30683,3458;3004;3004;1502;1502;1502;1502,15,46,32,32,24,24,32,32,
947,warhawk,Warhawk,whk-bp,Standard,CLAN,85,16.2,12.79,30187,3466;3004;3004;3004;3004;3004;3004;3004;3004;3004;3004,15,54,36,36,28,28,36,36,
948,urbanmech,UrbanMech,um-r60p,Standard,IS,30,16.2,9.42,,,15,20,14,14,10,10,14,14,armorresist_ct_additive=20;armorresist_la_additive=20;armorresist_ll_additive=14;armorresist_lt_additive=14;armorresist_ra_additive=20;armorresist_rl_additive=14;armorresist_rt_additive=14;ballistic_range_multiplier=0.1;heatdissipation_multiplier=0.05;ismachinegun_range_multiplier=0.25
949,enforcer,Enforcer,enf-4pp,Standard,IS,50,16.2,13.85,,,15,32,24,24,16,16,24,24,all_range_multiplier=0.1;armorresist_ct_additive=20;armorresist_la_additive=17;armorresist_ll_additive=19;armorresist_lt_additive=19;armorresist_ra_additive=17;armorresist_rl_additive=19;armorresist_rt_additive=19;ballistic_range_multiplier=0.1;internalresist_all_additive=6
950,dragon,Dragon,drg-1cp,Standard,IS,60,16.2,12.92,,,15,40,28,28,20,20,28,28,armorresist_ct_additive=20;armorresist_la_additive=14;armorresist_lt_additive=20;armorresist_ra_additive=30;armorresist_rt_additive=20;internalresist_ct_additive=15;internalresist_ll_additive=18;internalresist_rl_additive=18;mechtopspeed_multiplier=0.075
951,cyclops,Cyclops,cp-11-pp,Standard,IS,90,16.2,16.67,,,15,58,38,38,30,30,38,38,critchance_receiving_multiplier=-0.3;internalresist_ct_additive=18;internalresist_lt_additive=18;internalresist_rt_additive=18
952,phoenixhawk,Phoenix Hawk,pxh-1bp,Standard,IS,45,16.2,13.08,,,15,28,22,22,14,14,22,22,armorresist_la_additive=21;armorresist_ra_additive=21;internalresist_ct_additive=10;internalresist_la_additive=7;internalresist_ll_additive=9;internalresist_lt_additive=9;internalresist_ra_additive=7;internalresist_rl_additive=9;internalresist_rt_additive=9
953,crusader,Crusader,crd-6tp,Standard,IS,65,16.2,13.88,,,15,42,30,30,20,20,30,30,armorresist_la_additive=7;armorresist_ra_additive=7
954,roughneck,Roughneck,rgh-3ap,Standard,IS,65,16.2,13.91,,,15,42,30,30,20,20,30,30,armorresist_all_additive=5;armorresist_ct_additive=5;internalresist_all_additive=10;internalresist_ct_additive=10;internalresist_lt_additive=5;internalresist_rt_additive=5;pulselaser_range_multiplier=0.1
955,corsair,Corsair,cor-7ap,Standard,IS,95,16.2,14.12,,,15,60,40,40,32,32,40,40,all_range_multiplier=0.1;armorresist_ct_additive=25;armorresist_ll_additive=15;armorresist_lt_additive=25;armorresist_rl_additive=15;armorresist_rt_additive=25;internalresist_ra_additive=10
956,kitfox,Kit Fox,kfx-dp,Standard,CLAN,30,16.2,9.36,30083,3434;3004;3004;3004,15,20,14,14,10,10,14,14,
957,viper,Viper,vpr-bp,Standard,CLAN,40,16.2,10.70,30627,3462;1503;1503;1503;1503;1503;1503;1503;1503,15,24,20,20,12,12,20,20,
958,linebacker,Linebacker,lbk-dp,Standard,CLAN,65,16.2,10.97,30876,3476;3004;3004;3004;3004,15,42,30,30,20,20,30,30,
959,executioner,Executioner,exe-ap,Standard,CLAN,95,16.2,17.10,30475,3474;3004;3004;3004;3004;3004;1500;1500;1500;1500;1608;3004,15,60,40,40,32,32,40,40,
960,huntsman,Huntsman,hmn-pp,Standard,CLAN,50,16.2,12.36,30739,3448;1503;1503;1503;1503;1503,15,32,24,24,16,16,24,24,
961,sunspider,Sun Spider,sns-dp,Standard,CLAN,70,16.2,13.94,31252,3468;3004;3004;3004;3004,15,44,30,30,22,22,30,30,
962,hatchetman,Hatchetman,hct-3f,Standard,IS,45,16.2,13.47,,,15,28,22,22,14,14,22,22,armorresist_ct_additive=24;armorresist_la_additive=18;armorresist_ll_additive=18;armorresist_lt_additive=24;armorresist_ra_additive=18;armorresist_rl_additive=18;armorresist_rt_additive=24;ballistic_range_multiplier=0.15
963,hatchetman,Hatchetman,hct-5s,Standard,IS,45,16.2,13.47,,,15,28,22,22,14,14,22,22,all_range_multiplier=0.1;armorresist_ct_additive=24;armorresist_la_additive=18;armorresist_ll_additive=18;armorresist_lt_additive=24;armorresist_ra_additive=18;armorresist_rl_additive=18;armorresist_rt_additive=24
964,hatchetman,Hatchetman,hct-6d,Standard,IS,45,16.2,13.47,,,15,28,22,22,14,14,22,22,all_range_multiplier=0.1;armorresist_ct_additive=24;armorresist_la_additive=18;armorresist_ll_additive=18;armorresist_lt_additive=24;armorresist_ra_additive=18;armorresist_rl_additive=18;armorresist_rt_additive=24;ballistic_range_multiplier=0.1
965,hatchetman,Hatchetman,hct-5k,Standard,IS,45,16.2,13.47,,,15,28,22,22,14,14,22,22,all_range_multiplier=0.1;armorresist_ct_additive=24;armorresist_la_additive=18;armorresist_ll_additive=18;armorresist_lt_additive=24;armorresist_ra_additive=18;armorresist_rl_additive=18;armorresist_rt_additive=24
966,hatchetman,Hatchetman,hct-7r,Standard,IS,45,16.2,13.47,,,15,28,22,22,14,14,22,22,armorresist_ct_additive=12;armorresist_la_additive=12;armorresist_ll_additive=12;armorresist_lt_additive=12;armorresist_ra_additive=32;armorresist_rl_additive=12;armorresist_rt_additive=12;internalresist_ra_additive=12
967,hatchetman,Hatchetman,hct-tm,Hero,IS,45,16.2,13.47,,,15,28,22,22,14,14,22,22,armorresist_ct_additive=20;armorresist_la_additive=12;armorresist_ll_additive=12;armorresist_lt_additive=16;armorresist_ra_additive=12;armorresist_rl_additive=12;armorresist_rt_additive=16;internalresist_ct_additive=16;internalresist_ll_additive=10;internalresist_rl_additive=10
968,locust,Locust,lct-3sp,Standard,IS,20,16.2,6.98,,,15,12,10,10,6,6,8,8,all_range_multiplier=0.1;armorresist_ct_additive=11;armorresist_la_additive=11;armorresist_ll_additive=11;armorresist_lt_additive=11;armorresist_ra_additive=11;armorresist_rl_additive=11;armorresist_rt_additive=11
969,shadowhawk,Shadow Hawk,shd-2kp,Standard,IS,55,16.2,14.34,,,15,36,26,26,18,18,26,26,armorresist_lt_additive=12;internalresist_ct_additive=18;internalresist_la_additive=12;internalresist_ll_additive=18;internalresist_lt_additive=14;internalresist_ra_additive=12;internalresist_rl_additive=18;internalresist_rt_additive=14
970,thunderbolt,Thunderbolt,tdr-9sp,Standard,IS,65,16.2,12.67,,,15,42,30,30,20,20,30,30,internalresist_all_additive=15
971,battlemaster,Battlemaster,blr-3mp,Standard,IS,85,16.2,13.82,,,15,54,36,36,28,28,36,36,armorresist_la_additive=25;armorresist_ra_additive=14;internalresist_ct_additive=18;internalresist_la_additive=14;internalresist_ll_additive=12;internalresist_lt_additive=12;internalresist_ra_additive=14;internalresist_rl_additive=12;internalresist_rt_additive=12;mechtopspeed_multiplier=0.075
972,wolverine,Wolverine,wvr-7kp,Standard,IS,55,16.2,13.36,,,15,36,26,26,18,18,26,26,all_range_multiplier=0.15;internalresist_ct_additive=15;internalresist_ra_additive=18;mrm_range_multiplier=0.5;srm_range_multiplier=0.5
973,griffin,Griffin,grf-2np,Standard,IS,55,16.2,13.88,,,15,36,26,26,18,18,26,26,armorresist_ct_additive=10;armorresist_la_additive=20;armorresist_lt_additive=10;armorresist_ra_additive=20;armorresist_rt_additive=10;internalresist_ct_additive=15;internalresist_la_additive=15;internalresist_ll_additive=15;internalresist_lt_additive=15;internalresist_ra_additive=15;internalresist_rl_additive=15;internalresist_rt_additive=15;missile_range_multiplier=0.2
974,nova,Nova,nva-ap,Standard,CLAN,50,16.2,10.13,30372,3448;1503;1503;1503;1503;1503;3004;3004;3004;3004,15,32,24,24,16,16,24,24,
975,summoner,Summoner,smn-bp,Standard,CLAN,70,16.2,14.54,30155,3468;1502;3004;3004;3004;3004;1502;1502;1502;1502,15,44,30,30,22,22,30,30,internalresist_all_additive=10
976,direwolf,Dire Wolf,dwf-ap,Standard,CLAN,100,16.2,13.42,30059,3458;3004;3004;3004;3004;3004,15,62,42,42,34,34,42,42,
977,stalker,Stalker,stk-5scs,Standard,IS,85,16.2,13.83,,,15,54,36,36,28,28,36,36,armorresist_ct_additive=6;armorresist_ll_additive=10;armorresist_lt_additive=18;armorresist_rl_additive=10;armorresist_rt_additive=18;energy_range_multiplier=0.1
978,orioniic,Orion IIC,on1-iic-cs,Standard,CLAN,75,16.2,14.51,,,15,46,32,32,24,24,32,32,armorresist_ct_additive=16;armorresist_la_additive=6;armorresist_ll_additive=8;armorresist_lt_additive=16;armorresist_ra_additive=6;armorresist_rl_additive=8;armorresist_rt_additive=16;mechtopspeed_multiplier=0.075
979,banshee,Banshee,bnc-3es,Standard,IS,95,16.2,16.32,,,15,60,40,40,32,32,40,40,armorresist_ct_additive=25;armorresist_la_additive=10;armorresist_lt_additive=16;armorresist_ra_additive=10;armorresist_rt_additive=16
980,fafnir,Fafnir,fnr-jlgd,Legend,IS,100,16.2,13.61,,,15,62,42,42,34,34,42,42,armorresist_ct_additive=26;armorresist_ll_additive=20;armorresist_lt_additive=34;armorresist_rl_additive=20;armorresist_rt_additive=34;critchance_receiving_multiplier=-0.25;ismachinegun_range_multiplier=0.5
981,firestarter,Firestarter,fs9-ap,Standard,IS,35,16.2,11.55,,,15,22,16,16,12,12,16,16,all_range_multiplier=0.1;internalresist_ct_additive=11;internalresist_la_additive=12;internalresist_ll_additive=16;internalresist_lt_additive=8;internalresist_ra_additive=12;internalresist_rl_additive=16;internalresist_rt_additive=8;isflamer_range_multiplier=0.25
982,javelin,Javelin,jvn-10pp,Standard,IS,30,16.2,11.44,,,15,20,14,14,10,10,14,14,internalresist_ct_additive=8;internalresist_ll_additive=8;internalresist_lt_additive=8;internalresist_rl_additive=8;internalresist_rt_additive=8
983,vulcan,Vulcan,vt-5sp,Standard,IS,40,16.2,13.21,,,15,24,20,20,12,12,20,20,all_range_multiplier=0.1;internalresist_ct_additive=8;internalresist_la_additive=5;internalresist_ll_additive=8;internalresist_lt_additive=6;internalresist_ra_additive=5;internalresist_rl_additive=8;internalresist_rt_additive=6;isflamer_range_multiplier=0.1
984,dervish,Dervish,dv-6mrp,Standard,IS,55,16.2,14.05,,,15,36,26,26,18,18,26,26,armorresist_ct_additive=10;armorresist_la_additive=18;armorresist_lt_additive=5;armorresist_ra_additive=18;armorresist_rt_additive=5;internalresist_ll_additive=10;internalresist_rl_additive=10;missile_range_multiplier=0.1
985,kintaro,Kintaro,kto-19p,Standard,IS,55,16.2,14.08,,,15,36,26,26,18,18,26,26,all_range_multiplier=0.1;armorresist_ct_additive=20;armorresist_la_additive=20;armorresist_ll_additive=7;armorresist_lt_additive=13;armorresist_ra_additive=20;armorresist_rl_additive=7;armorresist_rt_additive=13;isstreaksrm_range_multiplier=0.1;mechtopspeed_multiplier=0.075
986,champion,Champion,chp-3np,Standard,IS,60,16.2,11.85,,,15,40,28,28,20,20,28,28,all_range_multiplier=0.1;armorresist_ct_additive=12;armorresist_la_additive=16;armorresist_ll_additive=10;armorresist_lt_additive=10;armorresist_ra_additive=16;armorresist_rl_additive=10;armorresist_rt_additive=10;critchance_receiving_multiplier=-0.4;laser_range_multiplier=0.1
987,awesome,Awesome,aws-8qp,Standard,IS,80,16.2,12.34,,,15,50,34,34,26,26,34,34,critchance_receiving_multiplier=-0.4;energy_range_multiplier=0.1;heatdissipation_multiplier=0.1;internalresist_ct_additive=25;internalresist_lt_additive=18;internalresist_rt_additive=18
988,highlander,Highlander,hgn-732bp,Standard,IS,90,16.2,16.69,,,15,58,38,38,30,30,38,38,all_range_multiplier=0.1;armorresist_ct_additive=29;armorresist_la_additive=19;armorresist_ll_additive=15;armorresist_lt_additive=18;armorresist_ra_additive=19;armorresist_rl_additive=15;armorresist_rt_additive=18
989,victor,Victor,vtr-9bp,Standard,IS,80,16.2,15.40,,,15,50,34,34,26,26,34,34,armorresist_ct_additive=23;armorresist_la_additive=16;armorresist_ll_additive=16;armorresist_lt_additive=16;armorresist_ra_additive=16;armorresist_rl_additive=16;armorresist_rt_additive=16
990,atlas,Atlas,as7-d-dc-escort,Standard,IS,100,20.0,16.67,,,15,62,42,42,34,34,42,42,
991,banshee,Banshee,bnc-3sp,Standard,IS,95,16.2,16.32,,,15,60,40,40,32,32,40,40,armorresist_ct_additive=25;armorresist_la_additive=10;armorresist_lt_additive=16;armorresist_ra_additive=10;armorresist_rt_additive=16;ismediumlaser_range_multiplier=0.1
992,hatchetman,Hatchetman,hct-7rp,Standard,IS,45,16.2,13.47,,,15,28,22,22,14,14,22,22,armorresist_ct_additive=12;armorresist_la_additive=12;armorresist_ll_additive=12;armorresist_lt_additive=12;armorresist_ra_additive=32;armorresist_rl_additive=12;armorresist_rt_additive=12;internalresist_ra_additive=12
993,osiris,Osiris,osr-4dp,Standard,IS,30,16.2,9.77,,,15,20,14,14,10,10,14,14,all_range_multiplier=0.1;internalresist_all_additive=5
994,flea,Flea,fle-20p,Standard,IS,20,16.2,6.54,,,15,12,10,10,6,6,8,8,all_range_multiplier=0.05;armorresist_ll_additive=6;armorresist_rl_additive=6;internalresist_ct_additive=6;internalresist_la_additive=4;internalresist_lt_additive=6;internalresist_ra_additive=4;internalresist_rt_additive=6
995,vindicator,Vindicator,vnd-1xp,Standard,IS,45,16.2,13.36,,,15,28,22,22,14,14,22,22,all_range_multiplier=0.15;armorresist_ct_additive=20;armorresist_la_additive=24;armorresist_ll_additive=17;armorresist_lt_additive=18;armorresist_ra_additive=24;armorresist_rl_additive=17;armorresist_rt_additive=18;heatdissipation_multiplier=0.05
996,jenner,Jenner,jr7-d-founder,Standard,IS,35,16.2,8.81,,,15,22,16,16,12,12,16,16,armorresist_ct_additive=18;armorresist_ll_additive=10;armorresist_lt_additive=10;armorresist_rl_additive=10;armorresist_rt_additive=10;internalresist_ct_additive=11;mechtopspeed_multiplier=0.05
997,catapult,Catapult,cplt-c1-founder,Standard,IS,65,16.2,9.58,,,15,42,30,30,20,20,30,30,all_range_multiplier=0.1;armorresist_la_additive=15;armorresist_ra_additive=15;internalresist_all_additive=7
998,hunchback,Hunchback,hbk-4g-founder,Standard,IS,50,16.2,12.76,,,15,32,24,24,16,16,24,24,all_range_multiplier=0.15;armorresist_ct_additive=16;armorresist_lt_additive=16;armorresist_rt_additive=40;critchance_receiving_multiplier=-0.5;internalresist_rt_additive=12;isautocannon20_range_multiplier=0.15
999,atlas,Atlas,as7-d-founder,Standard,IS,100,16.2,16.67,,,15,62,42,42,34,34,42,42,armorresist_ct_additive=36;armorresist_la_additive=10;armorresist_ll_additive=21;armorresist_lt_additive=30;armorresist_ra_additive=10;armorresist_rl_additive=21;armorresist_rt_additive=30;critchance_receiving_multiplier=-0.4
3601,zeus,Zeus,zeu-9sp,Standard,IS,80,16.2,14.86,,,15,50,34,34,26,26,34,34,all_range_multiplier=0.1;critchance_receiving_multiplier=-0.25;internalresist_ct_additive=30;internalresist_la_additive=15;internalresist_ll_additive=20;internalresist_lt_additive=20;internalresist_ra_additive=15;internalresist_rl_additive=20;internalresist_rt_additive=20
3602,nightstar,Nightstar,nsr-10pp,Standard,IS,95,16.2,13.08,,,15,60,40,40,32,32,40,40,all_range_multiplier=0.1;armorresist_ct_additive=23;armorresist_la_additive=8;armorresist_ll_additive=15;armorresist_lt_additive=16;armorresist_ra_additive=8;armorresist_rl_additive=15;armorresist_rt_additive=16
3603,charger,Charger,cgr-3kp,Standard,IS,80,16.2,16.27,,,15,50,34,34,26,26,34,34,armorresist_ct_additive=25;armorresist_la_additive=15;armorresist_ll_additive=15;armorresist_lt_additive=20;armorresist_ra_additive=15;armorresist_rl_additive=15;armorresist_rt_additive=20;mechtopspeed_multiplier=0.1
3604,hatamotochi,Hatamoto-Chi,htm-27wp,Standard,IS,80,16.2,15.94,,,15,50,34,34,26,26,34,34,armorresist_ct_additive=20;armorresist_la_additive=10;armorresist_ll_additive=5;armorresist_lt_additive=20;armorresist_ra_additive=10;armorresist_rl_additive=5;armorresist_rt_additive=25;internalresist_ct_additive=10
3605,madcatmkii,Mad Cat Mk II,mcii-mwklgd,Legend,CLAN,90,16.2,13.96,,,15,58,38,38,30,30,38,38,armorresist_la_additive=15;armorresist_ra_additive=15
3606,marauderiic,Marauder IIC,mad-iic-dnlgd,Legend,CLAN,85,16.2,12.42,,,15,54,36,36,28,28,36,36,
3607,shadowhawk,Shadow Hawk,shd-slgd,Legend,IS,55,16.2,14.34,,,15,36,26,26,18,18,26,26,armorresist_lt_additive=12;internalresist_ct_additive=18;internalresist_la_additive=12;internalresist_ll_additive=18;internalresist_lt_additive=14;internalresist_ra_additive=12;internalresist_rl_additive=18;internalresist_rt_additive=14
3608,cyclops,Cyclops,cp-arlgd,Legend,IS,90,16.2,16.67,,,15,58,38,38,30,30,38,38,critchance_receiving_multiplier=-0.3;internalresist_ct_additive=18;internalresist_lt_additive=18;internalresist_rt_additive=18
3609,supernova,Supernova,snv-srlgd,Legend,CLAN,90,16.2,14.81,,,15,58,38,38,30,30,38,38,armorresist_la_additive=12;armorresist_ra_additive=12;internalresist_ct_additive=10;internalresist_ll_additive=10;internalresist_lt_additive=10;internalresist_rl_additive=10;internalresist_rt_additive=10
3610,quickdraw,Quickdraw,qkd-dlgd,Legend,IS,60,16.2,13.76,,,15,40,28,28,20,20,28,28,armorresist_ct_additive=8;armorresist_la_additive=6;armorresist_ll_additive=4;armorresist_lt_additive=6;armorresist_ra_additive=6;armorresist_rl_additive=4;armorresist_rt_additive=6
3611,timberwolf,Timber Wolf,tbr-hlgd,Legend,CLAN,75,16.2,12.29,,,15,46,32,32,24,24,32,32,armorresist_ct_additive=8;armorresist_lt_additive=8;armorresist_rt_additive=8;atm_range_multiplier=0.6
3612,clanannihilator,Annihilator Clan,anh-gzlgd,Legend,CLAN,100,16.2,18.74,,,15,62,42,42,34,34,42,42,armorresist_ct_additive=8;armorresist_lt_additive=7;armorresist_rt_additive=7;critchance_receiving_multiplier=-0.15
3613,annihilator,Annihilator,anh-sclgd,Legend,IS,100,16.2,18.74,,,15,62,42,42,34,34,42,42,armorresist_ct_additive=16;armorresist_la_additive=2;armorresist_ll_additive=7;armorresist_lt_additive=12;armorresist_ra_additive=2;armorresist_rl_additive=7;armorresist_rt_additive=12
3614,stonerhino,Stone Rhino,sr-1,Standard,CLAN,100,16.2,12.38,,,15,62,42,42,34,34,42,42,armorresist_ct_additive=10;armorresist_la_additive=10;armorresist_ll_additive=10;armorresist_lt_additive=10;armorresist_ra_additive=10;armorresist_rl_additive=10;armorresist_rt_additive=10;critchance_receiving_multiplier=-0.2
3615,stonerhino,Stone Rhino,sr-2,Standard,CLAN,100,16.2,12.38,,,15,62,42,42,34,34,42,42,all_range_multiplier=0.05;armorresist_ct_additive=10;armorresist_la_additive=10;armorresist_ll_additive=10;armorresist_lt_additive=10;armorresist_ra_additive=10;armorresist_rl_additive=10;armorresist_rt_additive=10
3616,stonerhino,Stone Rhino,sr-3,Standard,CLAN,100,16.2,12.38,,,15,62,42,42,34,34,42,42,armorresist_ct_additive=20;armorresist_la_additive=20;armorresist_ll_additive=15;armorresist_lt_additive=20;armorresist_ra_additive=20;armorresist_rl_additive=15;armorresist_rt_additive=20;missile_range_multiplier=0.1
3617,stonerhino,Stone Rhino,sr-4,Standard,CLAN,100,16.2,12.38,,,15,62,42,42,34,34,42,42,armorresist_ct_additive=20;armorresist_la_additive=20;armorresist_ll_additive=15;armorresist_lt_additive=20;armorresist_ra_additive=20;armorresist_rl_additive=15;armorresist_rt_additive=20
3618,stonerhino,Stone Rhino,sr-6,Standard,CLAN,100,16.2,12.38,,,15,62,42,42,34,34,42,42,armorresist_ct_additive=10;armorresist_la_additive=7;armorresist_ll_additive=10;armorresist_lt_additive=10;armorresist_ra_additive=7;armorresist_rl_additive=10;armorresist_rt_additive=10
3619,stonerhino,Stone Rhino,sr-7,Standard,CLAN,100,16.2,12.38,,,15,62,42,42,34,34,42,42,all_range_multiplier=0.05;armorresist_ct_additive=20;armorresist_la_additive=20;armorresist_ll_additive=15;armorresist_lt_additive=20;armorresist_ra_additive=20;armorresist_rl_additive=15;armorresist_rt_additive=20
3620,stonerhino,Stone Rhino,sr-k,Hero,CLAN,100,16.2,12.38,,,15,62,42,42,34,34,42,42,armorresist_ct_additive=10;armorresist_la_additive=10;armorresist_ll_additive=10;armorresist_lt_additive=10;armorresist_ra_additive=10;armorresist_rl_additive=10;armorresist_rt_additive=10;missile_range_multiplier=0.1
3621,stonerhino,Stone Rhino,sr-6s,Standard,CLAN,100,16.2,12.38,,,15,62,42,42,34,34,42,42,armorresist_ct_additive=10;armorresist_la_additive=7;armorresist_ll_additive=10;armorresist_lt_additive=10;armorresist_ra_additive=7;armorresist_rl_additive=10;armorresist_rt_additive=10
3622,viper,Viper,vpr-dilgd,Legend,CLAN,40,16.2,10.70,31402,3462;1503;1503;1503;1503;1503;1503;1503;1503,15,24,20,20,12,12,20,20,
3623,timberwolf,Timber Wolf,tbr-scs,Standard,CLAN,75,16.2,12.29,30019,3473;3004;3004;3004;3004;3004,15,46,32,32,24,24,32,32,
3624,executioner,Executioner,exe-mtsp,Standard,CLAN,95,16.2,17.10,31409,3474;3004;3004;3004;3004;3004;1500;1500;1500;1500;1608;3004,15,60,40,40,32,32,40,40,
3625,stalker,Stalker,stk-wulgd,Legend,IS,85,16.2,13.83,,,15,54,36,36,28,28,36,36,armorresist_ll_additive=10;armorresist_rl_additive=10;critchance_receiving_multiplier=-0.68;internalresist_ct_additive=25;internalresist_la_additive=15;internalresist_ll_additive=15;internalresist_lt_additive=25;internalresist_ra_additive=15;internalresist_rl_additive=15;internalresist_rt_additive=25
3626,atlas,Atlas,as7-wlgd,Legend,IS,100,16.2,16.67,,,15,62,42,42,34,34,42,42,armorresist_ct_additive=36;armorresist_la_additive=10;armorresist_ll_additive=21;armorresist_lt_additive=30;armorresist_ra_additive=10;armorresist_rl_additive=21;armorresist_rt_additive=30;critchance_receiving_multiplier=-0.4
3627,urbanmechiic,UrbanMech IIC,um-iiclgd,Legend,CLAN,30,16.2,9.42,,,15,20,14,14,10,10,14,14,all_range_multiplier=0.1;armorresist_ct_additive=10;armorresist_la_additive=14;armorresist_ll_additive=7;armorresist_lt_additive=7;armorresist_ra_additive=14;armorresist_rl_additive=7;armorresist_rt_additive=7;heatdissipation_multiplier=0.15
3628,urbanmechiic,UrbanMech IIC,um-iic-2lgd,Legend,CLAN,30,16.2,9.42,,,15,20,14,14,10,10,14,14,armorresist_ct_additive=10;armorresist_la_additive=14;armorresist_ll_additive=7;armorresist_lt_additive=7;armorresist_ra_additive=14;armorresist_rl_additive=7;armorresist_rt_additive=7;clansmalllaserfamily_range_multiplier=0.25;heatdissipation_multiplier=0.15
3629,firestarter,Firestarter,fs9-at,Standard,IS,35,16.2,11.55,,,15,22,16,16,12,12,16,16,all_range_multiplier=0.25;heatdissipation_multiplier=0.1;increasedstructure_multiplier=0.38;internalresist_ct_additive=11;internalresist_la_additive=12;internalresist_ll_additive=16;internalresist_lt_additive=8;internalresist_ra_additive=12;internalresist_rl_additive=16;internalresist_rt_additive=8;isflamer_range_multiplier=0.25;mechtopspeed_multiplier=0.075
3630,javelin,Javelin,jvn-10pt,Standard,IS,30,16.2,11.44,,,15,20,14,14,10,10,14,14,heatdissipation_multiplier=0.1;increasedstructure_multiplier=0.39;internalresist_ct_additive=8;internalresist_ll_additive=8;internalresist_lt_additive=8;internalresist_rl_additive=8;internalresist_rt_additive=8;mechtopspeed_multiplier=0.075
3631,incubus,Incubus,inc-1t,Standard,CLAN,30,16.2,10.92,,,15,20,14,14,10,10,14,14,all_range_multiplier=0.15;armorresist_ct_additive=10;armorresist_la_additive=10;armorresist_ll_additive=10;armorresist_lt_additive=10;armorresist_ra_additive=10;armorresist_rl_additive=10;armorresist_rt_additive=10;heatdissipation_multiplier=0.1;increasedstructure_multiplier=0.39;mechtopspeed_multiplier=0.075
3632,mistlynx,Mist Lynx,mlx-gt,Standard,CLAN,25,16.2,7.53,31012,3433;3004;3004;1504;1504;1504;3004;1504;1504;1504,15,16,12,12,8,8,12,12,all_range_multiplier=0.15;heatdissipation_multiplier=0.1;increasedstructure_multiplier=0.4;mechtopspeed_multiplier=0.075
3633,bushwacker,Bushwacker,bsw-p2t,Standard,IS,55,16.2,12.47,,,15,36,26,26,19,18,26,26,all_range_multiplier=0.15;armorresist_ct_additive=15;armorresist_la_additive=15;armorresist_ll_additive=8;armorresist_lt_additive=15;armorresist_ra_additive=25;armorresist_rl_additive=8;armorresist_rt_additive=15;critchance_receiving_multiplier=-0.12;heatdissipation_multiplier=0.1;increasedstructure_multiplier=0.34;mechtopspeed_multiplier=0.075
3634,wolverine,Wolverine,wvr-7dt,Standard,IS,55,16.2,13.36,,,15,36,26,26,18,18,26,26,all_range_multiplier=0.29;armorresist_ra_additive=25;heatdissipation_multiplier=0.1;increasedstructure_multiplier=0.34;internalresist_ct_additive=15;internalresist_ra_additive=18;mechtopspeed_multiplier=0.075
3635,huntsman,Huntsman,hmn-bt,Standard,CLAN,50,16.2,12.36,30723,3448;1503;1503;1503;1503;1503,15,32,24,24,16,16,24,24,all_range_multiplier=0.15;heatdissipation_multiplier=0.1;increasedstructure_multiplier=0.35
3636,hunchbackiic,Hunchback IIC,hbk-iic-at,Standard,CLAN,50,16.2,12.16,,,15,32,24,24,16,16,24,24,all_range_multiplier=0.15;heatdissipation_multiplier=0.1;increasedstructure_multiplier=0.35;internalresist_ct_additive=6;internalresist_lt_additive=6;internalresist_rt_additive=6;maxheat_multiplier=0.15;mechtopspeed_multiplier=0.075
3637,warhammer,Warhammer,whm-7st,Standard,IS,70,16.2,14.56,,,15,44,30,30,22,22,30,30,all_range_multiplier=0.15;armorresist_lt_additive=12;armorresist_rt_additive=12;heatdissipation_multiplier=0.1;internalresist_ct_additive=11;internalresist_la_additive=5;internalresist_ll_additive=7;internalresist_lt_additive=7;internalresist_ra_additive=5;internalresist_rl_additive=7;internalresist_rt_additive=7;mechtopspeed_multiplier=0.075
3638,thunderbolt,Thunderbolt,tdr-9st,Standard,IS,65,16.2,12.67,,,15,42,30,30,20,20,30,30,all_range_multiplier=0.2;heatdissipation_multiplier=0.1;increasedstructure_multiplier=0.33;internalresist_all_additive=15;mechtopspeed_multiplier=0.075
3639,riflemaniic,Rifleman IIC,rfl-iic-2t,Standard,CLAN,65,16.2,14.01,,,15,42,30,30,20,20,30,30,all_range_multiplier=0.25;armorresist_ct_additive=7;armorresist_la_additive=7;armorresist_ra_additive=7;heatdissipation_multiplier=0.1;increasedstructure_multiplier=0.33;maxheat_multiplier=0.09
3640,nightgyr,Night Gyr,ntg-ht,Standard,CLAN,75,16.2,15.36,31332,3458;3004;3004;1502;1502;1502;1502,15,46,32,32,24,24,32,32,all_range_multiplier=0.15;heatdissipation_multiplier=0.1;increasedstructure_multiplier=0.33
3641,stalker,Stalker,stk-4nt,Standard,IS,85,16.2,13.83,,,15,54,36,36,28,28,36,36,all_range_multiplier=0.15;armorresist_ct_additive=6;armorresist_ll_additive=10;armorresist_lt_additive=18;armorresist_rl_additive=10;armorresist_rt_additive=18;heatdissipation_multiplier=0.1;increasedstructure_multiplier=0.33;maxheat_multiplier=0.15;mechtopspeed_multiplier=0.075
3642,fafnir,Fafnir,fnr-5t,Standard,IS,100,16.2,13.61,,,15,62,42,42,34,34,42,42,all_range_multiplier=0.15;armorresist_ct_additive=26;armorresist_ll_additive=20;armorresist_lt_additive=34;armorresist_rl_additive=20;armorresist_rt_additive=34;critchance_receiving_multiplier=-0.67;increasedstructure_multiplier=0.33
3643,madcatmkii,Mad Cat Mk II,mcii-2t,Standard,CLAN,90,16.2,13.96,,,15,58,38,38,30,30,38,38,armorresist_la_additive=15;armorresist_lt_additive=8;armorresist_ra_additive=15;armorresist_rt_additive=8;heatdissipation_multiplier=0.1;increasedstructure_multiplier=0.33;maxheat_multiplier=0.15;mechtopspeed_multiplier=0.075
3644,direwolf,Dire Wolf,dwf-bt,Standard,CLAN,100,16.2,13.42,30067,3458;3004;3004;3004;3004;3004,15,62,42,42,34,34,42,42,all_range_multiplier=0.15;heatdissipation_multiplier=0.1;increasedstructure_multiplier=0.33
3645,fafnir,Fafnir,fnr-j,Legend,IS,100,16.2,13.61,,,15,62,42,42,34,34,42,42,armorresist_ct_additive=26;armorresist_ll_additive=20;armorresist_lt_additive=34;armorresist_rl_additive=20;armorresist_rt_additive=34;critchance_receiving_multiplier=-0.25;ismachinegun_range_multiplier=0.5
3646,madcatmkii,Mad Cat Mk II,mcii-mwk,Legend,CLAN,90,16.2,13.96,,,15,58,38,38,30,30,38,38,armorresist_la_additive=15;armorresist_ra_additive=15
3647,longbow,Longbow,lgb-10c,Standard,IS,85,16.2,13.91,,,15,54,36,36,28,28,36,36,armorresist_la_additive=30;armorresist_ra_additive=30;internalresist_ct_additive=15;internalresist_la_additive=15;internalresist_ll_additive=15;internalresist_lt_additive=20;internalresist_ra_additive=15;internalresist_rl_additive=15;internalresist_rt_additive=20
3648,longbow,Longbow,lgb-12rs,Standard,IS,85,16.2,13.91,,,15,54,36,36,28,28,36,36,armorresist_la_additive=30;armorresist_ra_additive=30;internalresist_ct_additive=15;internalresist_la_additive=15;internalresist_ll_additive=15;internalresist_lt_additive=20;internalresist_ra_additive=15;internalresist_rl_additive=15;internalresist_rt_additive=20
3649,longbow,Longbow,lgb-10k,Standard,IS,85,16.2,13.91,,,15,54,36,36,28,28,36,36,armorresist_la_additive=30;armorresist_ra_additive=30;internalresist_ct_additive=15;internalresist_la_additive=15;internalresist_ll_additive=15;internalresist_lt_additive=20;internalresist_ra_additive=15;internalresist_rl_additive=15;internalresist_rt_additive=20;ultraautocannon20_range_multiplier=0.15
3650,longbow,Longbow,lgb-12c,Standard,IS,85,16.2,13.91,,,15,54,36,36,28,28,36,36,all_range_multiplier=0.15;armorresist_la_additive=30;armorresist_ra_additive=30;internalresist_ct_additive=15;internalresist_la_additive=15;internalresist_ll_additive=15;internalresist_lt_additive=20;internalresist_ra_additive=15;internalresist_rl_additive=15;internalresist_rt_additive=20
3651,longbow,Longbow,lgb-12r,Standard,IS,85,16.2,13.91,,,15,54,36,36,28,28,36,36,armorresist_la_additive=30;armorresist_ra_additive=30;internalresist_ct_additive=15;internalresist_la_additive=15;internalresist_ll_additive=15;internalresist_lt_additive=20;internalresist_ra_additive=15;internalresist_rl_additive=15;internalresist_rt_additive=20
3652,longbow,Longbow,lgb-7v,Standard,IS,85,16.2,13.91,,,15,54,36,36,28,28,36,36,armorresist_la_additive=30;armorresist_ra_additive=30;internalresist_ct_additive=15;internalresist_la_additive=15;internalresist_ll_additive=15;internalresist_lt_additive=20;internalresist_ra_additive=15;internalresist_rl_additive=15;internalresist_rt_additive=20
3653,longbow,Longbow,lgb-13nais,Standard,IS,85,16.2,13.91,,,15,54,36,36,28,28,36,36,armorresist_la_additive=30;armorresist_ra_additive=30;internalresist_ct_additive=15;internalresist_la_additive=15;internalresist_ll_additive=15;internalresist_lt_additive=20;internalresist_ra_additive=15;internalresist_rl_additive=15;internalresist_rt_additive=20
3654,longbow,Longbow,lgb-oc,Hero,IS,85,16.2,13.91,,,15,54,36,36,28,28,36,36,armorresist_la_additive=30;armorresist_ra_additive=30;internalresist_ct_additive=10;internalresist_la_additive=10;internalresist_ll_additive=10;internalresist_lt_additive=15;internalresist_ra_additive=10;internalresist_rl_additive=10;internalresist_rt_additive=15
3655,vaporeagle,Vapor Eagle,vgl-gwlgd,Legend,CLAN,55,16.2,14.48,,,15,36,26,26,18,18,26,26,armorresist_la_additive=22;armorresist_ra_additive=22
3656,marauder,Marauder,mad-blgd,Legend,IS,75,16.2,12.46,,,15,46,32,32,24,24,32,32,armorresist_ct_additive=7;critchance_receiving_multiplier=-0.68;internalresist_all_additive=16
3657,shadowhawk,Shadow Hawk,shd-s,Legend,IS,55,16.2,14.34,,,15,36,26,26,18,18,26,26,armorresist_lt_additive=12;internalresist_ct_additive=18;internalresist_la_additive=12;internalresist_ll_additive=18;internalresist_lt_additive=14;internalresist_ra_additive=12;internalresist_rl_additive=18;internalresist_rt_additive=14
3658,marauderiic,Marauder IIC,mad-iic-dn,Legend,CLAN,85,16.2,12.42,,,15,54,36,36,28,28,36,36,
3659,adder,Adder,adr-wl,Standard,CLAN,35,16.2,9.46,31417,3440;3004;3004,15,22,16,16,12,12,16,16,
3660,iceferret,Ice Ferret,ifr-jl,Standard,CLAN,45,16.2,12.62,31426,3470;3004;3004;1606,15,28,22,22,14,14,22,22,
3661,urbanmech,UrbanMech,um-rl,Standard,IS,30,16.2,9.42,,,15,20,14,14,10,10,14,14,armorresist_ct_additive=13;armorresist_la_additive=8;armorresist_ll_additive=11;armorresist_lt_additive=8;armorresist_ra_additive=8;armorresist_rl_additive=11;armorresist_rt_additive=8
3662,jenner,Jenner,jr7-al,Standard,IS,35,16.2,8.81,,,15,22,16,16,12,12,16,16,armorresist_ct_additive=18;armorresist_ll_additive=10;armorresist_lt_additive=10;armorresist_rl_additive=10;armorresist_rt_additive=10;internalresist_ct_additive=11
3663,jagermech,JagerMech,jm6-del,Standard,IS,65,16.2,11.53,,,15,42,30,30,20,20,30,30,all_range_multiplier=0.1;armorresist_la_additive=14;armorresist_ra_additive=14;internalresist_ct_additive=11;internalresist_ll_additive=15;internalresist_lt_additive=15;internalresist_rl_additive=15;internalresist_rt_additive=15;isheavygaussrifle_range_multiplier=0.6;lbxautocannon_range_multiplier=0.2
3664,wolfhoundclan,Wolfhound Clan,wlf-cl,Standard,CLAN,35,16.2,12.22,,,15,22,16,16,12,12,16,16,armorresist_ct_additive=11;armorresist_ll_additive=8;armorresist_lt_additive=11;armorresist_ra_additive=6;armorresist_rl_additive=8;armorresist_rt_additive=11
3665,centurion,Centurion,cn9-onlgd,Legend,IS,50,16.2,12.84,,,15,32,24,24,16,16,24,24,armorresist_ct_additive=22;armorresist_la_additive=100;armorresist_ll_additive=18;armorresist_lt_additive=18;armorresist_ra_additive=24;armorresist_rl_additive=18;armorresist_rt_additive=18;internalresist_la_additive=32;internalresist_ra_additive=16
3666,stonerhino,Stone Rhino,sr-1p,Standard,CLAN,100,16.2,12.38,,,15,62,42,42,34,34,42,42,armorresist_ct_additive=10;armorresist_la_additive=10;armorresist_ll_additive=10;armorresist_lt_additive=10;armorresist_ra_additive=10;armorresist_rl_additive=10;armorresist_rt_additive=10;critchance_receiving_multiplier=-0.2
3667,piranha,Piranha,pir-dl,Standard,CLAN,20,16.2,8.34,,,15,12,10,10,6,6,8,8,heatdissipation_multiplier=0.15;internalresist_ct_additive=10;internalresist_la_additive=10;internalresist_ll_additive=10;internalresist_lt_additive=10;internalresist_ra_additive=10;internalresist_rl_additive=10;internalresist_rt_additive=10
3668,cyclops,Cyclops,cp-ar,Legend,IS,90,16.2,16.67,,,15,58,38,38,30,30,38,38,critchance_receiving_multiplier=-0.3;internalresist_ct_additive=18;internalresist_lt_additive=18;internalresist_rt_additive=18
3669,supernova,Supernova,snv-sr,Legend,CLAN,90,16.2,14.81,,,15,58,38,38,30,30,38,38,armorresist_la_additive=12;armorresist_ra_additive=12;internalresist_ct_additive=10;internalresist_ll_additive=10;internalresist_lt_additive=10;internalresist_rl_additive=10;internalresist_rt_additive=10
3670,stonerhino,Stone Rhino,sr-aklgd,Legend,CLAN,100,16.2,12.38,,,15,62,42,42,34,34,42,42,armorresist_ct_additive=10;armorresist_la_additive=7;armorresist_ll_additive=10;armorresist_lt_additive=7;armorresist_ra_additive=7;armorresist_rl_additive=10;armorresist_rt_additive=7
3671,commando,Commando,com-d03h,Standard,IS,25,16.2,8.67,,,15,16,12,12,8,8,12,12,internalresist_ct_additive=15;internalresist_ll_additive=15;internalresist_rl_additive=15;issmalllaser_range_multiplier=0.2;issmallpulselaser_range_multiplier=0.2
3672,longbow,Longbow,lgb-ohlgd,Legend,IS,85,16.2,13.91,,,15,54,36,36,28,28,36,36,armorresist_la_additive=30;armorresist_ra_additive=30;internalresist_ct_additive=15;internalresist_la_additive=15;internalresist_ll_additive=15;internalresist_lt_additive=20;internalresist_ra_additive=15;internalresist_rl_additive=15;internalresist_rt_additive=20
3673,warhammer,Warhammer,whm-6rh,Standard,IS,70,16.2,14.56,,,15,44,30,30,22,22,30,30,internalresist_ct_additive=11;internalresist_la_additive=5;internalresist_ll_additive=7;internalresist_lt_additive=7;internalresist_ra_additive=5;internalresist_rl_additive=7;internalresist_rt_additive=7
3674,quickdraw,Quickdraw,qkd-d,Legend,IS,60,16.2,13.76,,,15,40,28,28,20,20,28,28,armorresist_ct_additive=8;armorresist_la_additive=6;armorresist_ll_additive=4;armorresist_lt_additive=6;armorresist_ra_additive=6;armorresist_rl_additive=4;armorresist_rt_additive=6
3675,timberwolf,Timber Wolf,tbr-h,Legend,CLAN,75,16.2,12.29,,,15,46,32,32,24,24,32,32,armorresist_ct_additive=8;armorresist_lt_additive=8;armorresist_rt_additive=8;atm_range_multiplier=0.6
3676,victor,Victor,vtr-9b-lilgd,Legend,IS,80,16.2,15.40,,,15,50,34,34,26,26,34,34,armorresist_ct_additive=23;armorresist_la_additive=16;armorresist_ll_additive=16;armorresist_lt_additive=16;armorresist_ra_additive=60;armorresist_rl_additive=16;armorresist_rt_additive=16
3677,executioner,Executioner,exe-b-clgd,Legend,CLAN,95,16.2,17.10,31433,3455;3004;1500;1500;3004,15,60,40,40,32,32,40,40,
3678,clanannihilator,Annihilator Clan,anh-gz,Legend,CLAN,100,16.2,18.74,,,15,62,42,42,34,34,42,42,armorresist_ct_additive=8;armorresist_lt_additive=7;armorresist_rt_additive=7;critchance_receiving_multiplier=-0.15
3679,annihilator,Annihilator,anh-sc,Legend,IS,100,16.2,18.74,,,15,62,42,42,34,34,42,42,armorresist_ct_additive=16;armorresist_la_additive=2;armorresist_ll_additive=7;armorresist_lt_additive=12;armorresist_ra_additive=2;armorresist_rl_additive=7;armorresist_rt_additive=12
3680,executioner,Executioner,exe-m,Standard,CLAN,95,16.2,17.10,31409,3474;3004;3004;3004;3004;3004;1500;1500;1500;1500;1608;3004,15,60,40,40,32,32,40,40,
3681,blackknight,Black Knight,bl-x-knt-2lgd,Legend,IS,75,16.2,17.00,,,15,46,32,32,24,24,32,32,armorresist_all_additive=12;armorresist_ct_additive=15;armorresist_ra_additive=138;internalresist_ra_additive=32
3682,warhawk,Warhawk,whk-klgd,Legend,CLAN,85,16.2,12.79,31442,3466;3004;3004;3004;1609;3004;3004;3004;3004;3004;3004;3004,15,54,36,36,28,28,36,36,
3683,viper,Viper,vpr-sc,Hero,CLAN,40,16.2,10.70,31402,3462;1503;1503;1503;1503;1503;1503;1503;1503,15,24,20,20,12,12,20,20,
3684,stalker,Stalker,stk-wu,Legend,IS,85,16.2,13.83,,,15,54,36,36,28,28,36,36,armorresist_ll_additive=10;armorresist_rl_additive=10;critchance_receiving_multiplier=-0.68;internalresist_ct_additive=25;internalresist_la_additive=15;internalresist_ll_additive=15;internalresist_lt_additive=25;internalresist_ra_additive=15;internalresist_rl_additive=15;internalresist_rt_additive=25
3685,blackhawkku,Black Hawk-KU,bhku-os,Standard,IS,60,16.2,10.13,31451,3358;3001;3001;1502;1502;1502;1502;1502;3001;3001,15,40,28,28,20,20,28,28,
3686,blackhawkku,Black Hawk-KU,bhku-o,Standard,IS,60,16.2,10.13,31451,3358;3001;3001;1502;1502;1502;1502;1502;3001;3001,15,40,28,28,20,20,28,28,
3687,blackhawkku,Black Hawk-KU,bhku-ox,Standard,IS,60,16.2,10.13,31459,3358;3001;3001;1502;1502;1502;1502;1502;3001;3001,15,40,28,28,20,20,28,28,
3688,blackhawkku,Black Hawk-KU,bhku-oxs,Standard,IS,60,16.2,10.13,31459,3358;3001;3001;1502;1502;1502;1502;1502;3001;3001,15,40,28,28,20,20,28,28,
3689,dragon,Dragon,drg-1no,Standard,IS,60,16.2,12.92,,,15,40,28,28,20,20,28,28,armorresist_ct_additive=20;armorresist_la_additive=14;armorresist_lt_additive=20;armorresist_ra_additive=30;armorresist_rt_additive=20;internalresist_ct_additive=15;internalresist_ll_additive=18;internalresist_rl_additive=18;mechtopspeed_multiplier=0.075
3690,catapult,Catapult,cplt-k2o,Standard,IS,65,16.2,9.58,,,15,42,30,30,20,20,30,30,all_range_multiplier=0.1;internalresist_all_additive=7
3691,charger,Charger,cgr-3ko,Standard,IS,80,16.2,16.27,,,15,50,34,34,26,26,34,34,armorresist_ct_additive=25;armorresist_la_additive=15;armorresist_ll_additive=15;armorresist_lt_additive=20;armorresist_ra_additive=15;armorresist_rl_additive=15;armorresist_rt_additive=20;mechtopspeed_multiplier=0.1
3692,hatamotochi,Hatamoto-Chi,htm-28tro,Standard,IS,80,16.2,15.94,,,15,50,34,34,26,26,34,34,all_range_multiplier=0.1;armorresist_ct_additive=25;armorresist_la_additive=15;armorresist_ll_additive=10;armorresist_lt_additive=20;armorresist_ra_additive=15;armorresist_rl_additive=10;armorresist_rt_additive=20;internalresist_ct_additive=10
3693,battlemaster,Battlemaster,blr-2co,Standard,IS,85,16.2,13.82,,,15,54,36,36,28,28,36,36,armorresist_la_additive=14;armorresist_ra_additive=14;internalresist_ct_additive=18;internalresist_la_additive=14;internalresist_ll_additive=12;internalresist_lt_additive=12;internalresist_ra_additive=14;internalresist_rl_additive=12;internalresist_rt_additive=12
3694,mauler,Mauler,mal-1po,Standard,IS,90,16.2,15.55,,,15,58,38,38,30,30,38,38,internalresist_ct_additive=10;internalresist_lt_additive=10;internalresist_rt_additive=10
3695,thunderbolt,Thunderbolt,tdr-9ss,Standard,IS,65,16.2,12.67,,,15,42,30,30,20,20,30,30,internalresist_all_additive=15
3696,atlas,Atlas,as7-w,Legend,IS,100,16.2,16.67,,,15,62,42,42,34,34,42,42,armorresist_ct_additive=36;armorresist_la_additive=10;armorresist_ll_additive=21;armorresist_lt_additive=30;armorresist_ra_additive=10;armorresist_rl_additive=21;armorresist_rt_additive=30;critchance_receiving_multiplier=-0.4
3697,urbanmechiic,UrbanMech IIC,um-iic,Legend,CLAN,30,16.2,9.42,,,15,20,14,14,10,10,14,14,all_range_multiplier=0.1;armorresist_ct_additive=10;armorresist_la_additive=14;armorresist_ll_additive=7;armorresist_lt_additive=7;armorresist_ra_additive=14;armorresist_rl_additive=7;armorresist_rt_additive=7;heatdissipation_multiplier=0.15
3698,urbanmechiic,UrbanMech IIC,um-iic-2,Legend,CLAN,30,16.2,9.42,,,15,20,14,14,10,10,14,14,armorresist_ct_additive=10;armorresist_la_additive=14;armorresist_ll_additive=7;armorresist_lt_additive=7;armorresist_ra_additive=14;armorresist_rl_additive=7;armorresist_rt_additive=7;clansmalllaserfamily_range_multiplier=0.25;heatdissipation_multiplier=0.15
3699,vaporeagle,Vapor Eagle,vgl-gw,Legend,CLAN,55,16.2,14.48,,,15,36,26,26,18,18,26,26,armorresist_la_additive=22;armorresist_ra_additive=22
3700,marauder,Marauder,mad-b,Legend,IS,75,16.2,12.46,,,15,46,32,32,24,24,32,32,armorresist_ct_additive=7;critchance_receiving_multiplier=-0.68;internalresist_all_additive=16
3701,ebonjaguar,Ebon Jaguar,ebj-bs,Standard,CLAN,65,16.2,11.88,30515,3463;3004;3004;3004,15,42,30,30,20,20,30,30,
3702,bullshark,Bullshark,bsk-1,Standard,IS,95,16.2,13.84,,,15,60,40,40,32,32,40,40,armorresist_ct_additive=20;armorresist_la_additive=20;armorresist_ll_additive=20;armorresist_lt_additive=25;armorresist_ra_additive=20;armorresist_rl_additive=20;armorresist_rt_additive=25
3703,bullshark,Bullshark,bsk-2,Standard,IS,95,16.2,13.84,,,15,60,40,40,32,32,40,40,armorresist_ct_additive=15;armorresist_la_additive=15;armorresist_ll_additive=20;armorresist_lt_additive=20;armorresist_ra_additive=15;armorresist_rl_additive=20;armorresist_rt_additive=20
3704,bullshark,Bullshark,bsk-2s,Standard,IS,95,16.2,13.84,,,15,60,40,40,32,32,40,40,armorresist_ct_additive=15;armorresist_la_additive=15;armorresist_ll_additive=20;armorresist_lt_additive=20;armorresist_ra_additive=15;armorresist_rl_additive=20;armorresist_rt_additive=20
3705,bullshark,Bullshark,bsk-3,Standard,IS,95,16.2,13.84,,,15,60,40,40,32,32,40,40,armorresist_ct_additive=20;armorresist_la_additive=20;armorresist_ll_additive=20;armorresist_lt_additive=25;armorresist_ra_additive=20;armorresist_rl_additive=20;armorresist_rt_additive=25
3706,clanbullshark,Bullshark Clan,bsk-4,Standard,CLAN,95,16.2,13.84,,,15,60,40,40,32,32,40,40,armorresist_ct_additive=20;armorresist_la_additive=20;armorresist_ll_additive=20;armorresist_lt_additive=25;armorresist_ra_additive=20;armorresist_rl_additive=20;armorresist_rt_additive=25
3707,bullshark,Bullshark,bsk-5,Standard,IS,95,16.2,13.84,,,15,60,40,40,32,32,40,40,armorresist_ct_additive=20;armorresist_la_additive=20;armorresist_ll_additive=20;armorresist_lt_additive=25;armorresist_ra_additive=20;armorresist_rl_additive=20;armorresist_rt_additive=25
3708,bullshark,Bullshark,bsk-6,Standard,IS,95,16.2,13.84,,,15,60,40,40,32,32,40,40,armorresist_ct_additive=15;armorresist_la_additive=15;armorresist_ll_additive=20;armorresist_lt_additive=15;armorresist_ra_additive=15;armorresist_rl_additive=20;armorresist_rt_additive=15
3709,clanbullshark,Bullshark Clan,bsk-m,Hero,CLAN,95,16.2,13.84,,,15,60,40,40,32,32,40,40,armorresist_ct_additive=5;armorresist_la_additive=10;armorresist_ll_additive=20;armorresist_lt_additive=8;armorresist_ra_additive=10;armorresist_rl_additive=20;armorresist_rt_additive=8
3710,centurion,Centurion,cn9-on,Legend,IS,50,16.2,12.84,,,15,32,24,24,16,16,24,24,armorresist_ct_additive=22;armorresist_la_additive=100;armorresist_ll_additive=18;armorresist_lt_additive=18;armorresist_ra_additive=24;armorresist_rl_additive=18;armorresist_rt_additive=18;internalresist_la_additive=32;internalresist_ra_additive=16
3711,adder,Adder,adr-w,Standard,CLAN,35,16.2,9.46,31417,3440;3004;3004,15,22,16,16,12,12,16,16,
3712,iceferret,Ice Ferret,ifr-j,Standard,CLAN,45,16.2,12.62,31426,3470;3004;3004;1606,15,28,22,22,14,14,22,22,
3713,urbanmech,UrbanMech,um-r,Standard,IS,30,16.2,9.42,,,15,20,14,14,10,10,14,14,armorresist_ct_additive=13;armorresist_la_additive=8;armorresist_ll_additive=11;armorresist_lt_additive=8;armorresist_ra_additive=8;armorresist_rl_additive=11;armorresist_rt_additive=8
3714,jenner,Jenner,jr7-a,Standard,IS,35,16.2,8.81,,,15,22,16,16,12,12,16,16,armorresist_ct_additive=18;armorresist_ll_additive=10;armorresist_lt_additive=10;armorresist_rl_additive=10;armorresist_rt_additive=10;internalresist_ct_additive=11
3715,jagermech,JagerMech,jm6-de,Standard,IS,65,16.2,11.53,,,15,42,30,30,20,20,30,30,all_range_multiplier=0.1;armorresist_la_additive=14;armorresist_ra_additive=14;internalresist_ct_additive=11;internalresist_ll_additive=15;internalresist_lt_additive=15;internalresist_rl_additive=15;internalresist_rt_additive=15;isheavygaussrifle_range_multiplier=0.6;lbxautocannon_range_multiplier=0.2
3716,wolfhoundclan,Wolfhound Clan,wlf-c,Standard,CLAN,35,16.2,12.22,,,15,22,16,16,12,12,16,16,armorresist_ct_additive=11;armorresist_ll_additive=8;armorresist_lt_additive=11;armorresist_ra_additive=6;armorresist_rl_additive=8;armorresist_rt_additive=11
3717,piranha,Piranha,pir-d,Standard,CLAN,20,16.2,8.34,,,15,12,10,10,6,6,8,8,heatdissipation_multiplier=0.15;internalresist_ct_additive=10;internalresist_la_additive=10;internalresist_ll_additive=10;internalresist_lt_additive=10;internalresist_ra_additive=10;internalresist_rl_additive=10;internalresist_rt_additive=10
3718,commando,Commando,com-d03,Standard,IS,25,16.2,8.67,,,15,16,12,12,8,8,12,12,internalresist_ct_additive=15;internalresist_ll_additive=15;internalresist_rl_additive=15;issmalllaser_range_multiplier=0.2;issmallpulselaser_range_multiplier=0.2
3719,catapult,Catapult,cplt-fblgd,Legend,IS,65,16.2,9.58,,1610,15,42,30,30,20,20,30,30,armorresist_la_additive=23;armorresist_ra_additive=23;internalresist_all_additive=7;mechtopspeed_multiplier=0.2
3720,behemoth,Behemoth,bhn-6hlgd,Legend,IS,100,16.2,12.38,,,15,62,42,42,34,34,42,42,armorresist_ct_additive=26;armorresist_la_additive=20;armorresist_ll_additive=15;armorresist_lt_additive=20;armorresist_ra_additive=20;armorresist_rl_additive=15;armorresist_rt_additive=20;critchance_receiving_multiplier=-0.25
3721,stonerhino,Stone Rhino,sr-ak,Legend,CLAN,100,16.2,12.38,,,15,62,42,42,34,34,42,42,armorresist_ct_additive=10;armorresist_la_additive=7;armorresist_ll_additive=10;armorresist_lt_additive=7;armorresist_ra_additive=7;armorresist_rl_additive=10;armorresist_rt_additive=7
3722,longbow,Longbow,lgb-oh,Legend,IS,85,16.2,13.91,,,15,54,36,36,28,28,36,36,armorresist_la_additive=30;armorresist_ra_additive=30;internalresist_ct_additive=15;internalresist_la_additive=15;internalresist_ll_additive=15;internalresist_lt_additive=20;internalresist_ra_additive=15;internalresist_rl_additive=15;internalresist_rt_additive=20
3723,victor,Victor,vtr-9b-li,Legend,IS,80,16.2,15.40,,,15,50,34,34,26,26,34,34,armorresist_ct_additive=23;armorresist_la_additive=16;armorresist_ll_additive=16;armorresist_lt_additive=16;armorresist_ra_additive=60;armorresist_rl_additive=16;armorresist_rt_additive=16
3724,executioner,Executioner,exe-b-c,Legend,CLAN,95,16.2,17.10,31433,3455;3004;1500;1500;3004,15,60,40,40,32,32,40,40,
3725,atlas,Atlas,as7-mtsp,Standard,IS,100,16.2,16.67,,,15,62,42,42,34,34,42,42,armorresist_ct_additive=36;armorresist_la_additive=10;armorresist_ll_additive=21;armorresist_lt_additive=30;armorresist_ra_additive=10;armorresist_rl_additive=21;armorresist_rt_additive=30
3726,zeus,Zeus,zeu-mtsp,Standard,IS,80,16.2,14.86,,,15,50,34,34,26,26,34,34,armorresist_rt_additive=10;internalresist_ct_additive=25;internalresist_la_additive=10;internalresist_ll_additive=15;internalresist_lt_additive=15;internalresist_ra_additive=10;internalresist_rl_additive=15;internalresist_rt_additive=15
3727,cicada,Cicada,cda-mtsp,Standard,IS,40,16.2,10.87,,,15,24,20,20,12,12,20,20,armorresist_ct_additive=5;armorresist_la_additive=10;armorresist_lt_additive=5;armorresist_ra_additive=10;armorresist_rt_additive=5;ballistic_range_multiplier=0.1;internalresist_ct_additive=12;internalresist_lt_additive=10;internalresist_rt_additive=10;ismachinegun_range_multiplier=0.2
3728,kingcrab,King Crab,kgc-algd,Legend,IS,100,16.2,12.17,,,15,62,42,42,34,34,42,42,armorresist_ct_additive=30;armorresist_la_additive=15;armorresist_ll_additive=15;armorresist_lt_additive=20;armorresist_ra_additive=15;armorresist_rl_additive=15;armorresist_rt_additive=20
3729,blackknight,Black Knight,bl-x-knt-2,Legend,IS,75,16.2,17.00,,,15,46,32,32,24,24,32,32,armorresist_all_additive=12;armorresist_ct_additive=15;armorresist_ra_additive=138;internalresist_ra_additive=32
3730,warhawk,Warhawk,whk-k,Legend,CLAN,85,16.2,12.79,31442,3466;3004;3004;3004;1609;3004;3004;3004;3004;3004;3004;3004,15,54,36,36,28,28,36,36,
3731,phoenixhawk,Phoenix Hawk,pxh-s(lgd),Standard,IS,45,16.2,13.08,,1505;1505,15,28,22,22,14,14,22,22,armorresist_la_additive=21;armorresist_ll_additive=14;armorresist_lt_additive=5;armorresist_ltr_additive=7;armorresist_ra_additive=21;armorresist_rl_additive=14;armorresist_rt_additive=5;armorresist_rtr_additive=7;ballistic_range_multiplier=0.25;internalresist_ct_additive=10;internalresist_la_additive=7;internalresist_lt_additive=9;internalresist_ra_additive=7;internalresist_rt_additive=9;ismachinegun_range_multiplier=0.25;mechtopspeed_multiplier=0.125
3732,champion,Champion,chp-ap(lgd),Standard,IS,60,16.2,11.85,,1506;1506,15,40,28,28,20,20,28,28,armorresist_ct_additive=12;armorresist_la_additive=12;armorresist_ll_additive=10;armorresist_lt_additive=10;armorresist_ra_additive=12;armorresist_rl_additive=10;armorresist_rt_additive=10;rotaryautocannon_range_multiplier=0.15
3733,grandsummoner,Grand Summoner,smn-ii-ps,Standard,CLAN,70,16.2,14.54,31470,3468;3004;3004;3004;3004,15,44,30,30,22,22,30,30,
3734,grandsummoner,Grand Summoner,smn-ii-b,Standard,CLAN,70,16.2,14.54,31478,3468;3004;3004;3004;3004,15,44,30,30,22,22,30,30,
3735,grandsummoner,Grand Summoner,smn-ii-c,Standard,CLAN,70,16.2,14.54,31486,3468;3004;3004;3004;3004,15,44,30,30,22,22,30,30,
3736,grandsummoner,Grand Summoner,smn-ii-t,Hero,CLAN,70,16.2,14.54,31494,3468;3004;3004;3004;3004;1609,15,44,30,30,22,22,30,30,
3737,cougar,Cougar,cou-fl,Standard,CLAN,35,16.2,9.74,31505,3433;3004;3004;3004,15,22,16,16,12,12,16,16,
3738,commandoiic,Commando IIC,com-iicl,Standard,CLAN,25,16.2,8.67,,,15,16,12,12,8,8,12,12,all_range_multiplier=0.1;internalresist_ct_additive=10;internalresist_la_additive=24;internalresist_ll_additive=12;internalresist_lt_additive=12;internalresist_ra_additive=24;internalresist_rl_additive=12;internalresist_rt_additive=12
3739,firestarter,Firestarter,fs9-cl,Standard,IS,35,16.2,11.55,,,15,22,16,16,12,12,16,16,internalresist_ct_additive=11;internalresist_la_additive=12;internalresist_ll_additive=16;internalresist_lt_additive=8;internalresist_ra_additive=12;internalresist_rl_additive=16;internalresist_rt_additive=8
3740,vindicator,Vindicator,vnd-5ll,Standard,IS,45,16.2,13.36,,,15,28,22,22,14,14,22,22,armorresist_ct_additive=20;armorresist_la_additive=24;armorresist_ll_additive=17;armorresist_lt_additive=18;armorresist_ra_additive=24;armorresist_rl_additive=17;armorresist_rt_additive=18
3741,novacat,Nova Cat,nct-pl,Standard,CLAN,70,16.2,14.97,31513,3454;3004,15,44,30,30,22,22,30,30,
3742,longbow,Longbow,lgb-12cp,Standard,IS,85,16.2,13.91,,,15,54,36,36,28,28,36,36,all_range_multiplier=0.15;armorresist_la_additive=30;armorresist_ra_additive=30;internalresist_ct_additive=15;internalresist_la_additive=15;internalresist_ll_additive=15;internalresist_lt_additive=20;internalresist_ra_additive=15;internalresist_rl_additive=15;internalresist_rt_additive=20
3743,bullshark,Bullshark,bsk-6p,Standard,IS,95,16.2,13.84,,,15,60,40,40,32,32,40,40,armorresist_ct_additive=15;armorresist_la_additive=15;armorresist_ll_additive=20;armorresist_lt_additive=15;armorresist_ra_additive=15;armorresist_rl_additive=20;armorresist_rt_additive=15
3744,bane,Bane,bane-1s,Standard,CLAN,100,16.2,13.46,,,15,62,42,42,34,34,42,42,armorresist_la_additive=12;armorresist_ra_additive=12;armorresist_rt_additive=5
3745,bane,Bane,bane-1,Standard,CLAN,100,16.2,13.46,,,15,62,42,42,34,34,42,42,armorresist_la_additive=12;armorresist_ra_additive=12;armorresist_rt_additive=5
3746,bane,Bane,bane-2,Standard,CLAN,100,16.2,13.46,,,15,62,42,42,34,34,42,42,armorresist_la_additive=12;armorresist_lt_additive=7;armorresist_ra_additive=12;armorresist_rt_additive=10
3747,bane,Bane,bane-3,Standard,CLAN,100,16.2,13.46,,,15,62,42,42,34,34,42,42,armorresist_la_additive=30;armorresist_lt_additive=7;armorresist_ra_additive=30;armorresist_rt_additive=7;missile_range_multiplier=0.15
3748,bane,Bane,bane-3p,Standard,CLAN,100,16.2,13.46,,,15,62,42,42,34,34,42,42,armorresist_la_additive=30;armorresist_lt_additive=7;armorresist_ra_additive=30;armorresist_rt_additive=7;missile_range_multiplier=0.15
3749,bane,Bane,bane-4,Standard,CLAN,100,16.2,13.46,,,15,62,42,42,34,34,42,42,armorresist_ct_additive=18;armorresist_la_additive=24;armorresist_ll_additive=10;armorresist_lt_additive=24;armorresist_ra_additive=24;armorresist_rl_additive=10;armorresist_rt_additive=24
3750,bane,Bane,bane-6,Standard,CLAN,100,16.2,13.46,,,15,62,42,42,34,34,42,42,armorresist_la_additive=12;armorresist_lt_additive=7;armorresist_ra_additive=12;armorresist_rt_additive=10
3751,bane,Bane,bane-7,Standard,CLAN,100,16.2,13.46,,,15,62,42,42,34,34,42,42,armorresist_la_additive=12;armorresist_lt_additive=7;armorresist_ra_additive=12;armorresist_rt_additive=10
3752,bane,Bane,bane-l,Hero,CLAN,100,16.2,13.46,,9031,15,62,42,42,34,34,42,42,armorresist_ct_additive=18;armorresist_la_additive=24;armorresist_ll_additive=10;armorresist_lt_additive=24;armorresist_ra_additive=24;armorresist_rl_additive=10;armorresist_rt_additive=24;ballistic_range_multiplier=0.2
3753,firemoth,Fire Moth,fmt-primes,Standard,CLAN,20,16.2,6.89,31523,3438;1612;3004;3004,15,12,10,10,6,6,8,8,internalresist_all_additive=6
3754,firemoth,Fire Moth,fmt-prime,Standard,CLAN,20,16.2,6.89,31523,3438;1612;3004;3004,15,12,10,10,6,6,8,8,internalresist_all_additive=6
3755,firemoth,Fire Moth,fmt-b,Standard,CLAN,20,16.2,6.89,31531,3438;1612;3004;3004,15,12,10,10,6,6,8,8,internalresist_all_additive=6
3756,firemoth,Fire Moth,fmt-c,Standard,CLAN,20,16.2,6.89,31539,3438;1612;3004;3004,15,12,10,10,6,6,8,8,internalresist_all_additive=6
3757,firemoth,Fire Moth,fmt-d,Standard,CLAN,20,16.2,6.89,31547,3438;1612;3004;3004,15,12,10,10,6,6,8,8,internalresist_all_additive=6
3758,firemoth,Fire Moth,fmt-h,Standard,CLAN,20,16.2,6.89,31555,3438;1612;3004;3004,15,12,10,10,6,6,8,8,internalresist_all_additive=6
3759,firemoth,Fire Moth,fmt-k,Standard,CLAN,20,16.2,6.89,31563,3438;1612;3004;3004,15,12,10,10,6,6,8,8,internalresist_all_additive=6
3760,firemoth,Fire Moth,fmt-al,Hero,CLAN,20,16.2,6.89,31571,3438;1612;3004;3004,15,12,10,10,6,6,8,8,internalresist_all_additive=6
3761,cataphract,Cataphract,ctf-5moclgd,Legend,IS,70,16.2,12.53,,,15,44,30,30,22,22,30,30,armorresist_ct_additive=22;armorresist_la_additive=11;armorresist_ll_additive=15;armorresist_lt_additive=15;armorresist_ra_additive=11;armorresist_rl_additive=15;armorresist_rt_additive=15
3762,wolverine,Wolverine,wvr-slgd,Legend,IS,55,16.2,13.36,,,15,36,26,26,18,18,26,26,armorresist_la_additive=15;armorresist_ra_additive=15;internalresist_ct_additive=15;internalresist_la_additive=15;internalresist_ra_additive=15;ismachinegun_range_multiplier=0.2
3763,viper,Viper,vpr-primei,Standard,CLAN,40,16.2,10.70,30611,3462;1503;1503;1503;1503;1503;1503;1503;1503,15,24,20,20,12,12,20,20,
3764,catapult,Catapult,cplt-fb,Legend,IS,65,16.2,9.58,,1610,15,42,30,30,20,20,30,30,armorresist_la_additive=23;armorresist_ra_additive=23;internalresist_all_additive=7;mechtopspeed_multiplier=0.2
3765,behemoth,Behemoth,bhn-6h,Legend,IS,100,16.2,12.38,,,15,62,42,42,34,34,42,42,armorresist_ct_additive=26;armorresist_la_additive=20;armorresist_ll_additive=15;armorresist_lt_additive=20;armorresist_ra_additive=20;armorresist_rl_additive=15;armorresist_rt_additive=20;critchance_receiving_multiplier=-0.25
3766,atlas,Atlas,as7-m,Standard,IS,100,16.2,16.67,,,15,62,42,42,34,34,42,42,armorresist_ct_additive=36;armorresist_la_additive=10;armorresist_ll_additive=21;armorresist_lt_additive=30;armorresist_ra_additive=10;armorresist_rl_additive=21;armorresist_rt_additive=30
3767,zeus,Zeus,zeu-m,Standard,IS,80,16.2,14.86,,,15,50,34,34,26,26,34,34,armorresist_rt_additive=10;internalresist_ct_additive=25;internalresist_la_additive=10;internalresist_ll_additive=15;internalresist_lt_additive=15;internalresist_ra_additive=10;internalresist_rl_additive=15;internalresist_rt_additive=15
3768,cicada,Cicada,cda-m,Standard,IS,40,16.2,10.87,,,15,24,20,20,12,12,20,20,armorresist_ct_additive=5;armorresist_la_additive=10;armorresist_lt_additive=5;armorresist_ra_additive=10;armorresist_rt_additive=5;ballistic_range_multiplier=0.1;internalresist_ct_additive=12;internalresist_lt_additive=10;internalresist_rt_additive=10;ismachinegun_range_multiplier=0.2
3769,kingcrab,King Crab,kgc-a,Legend,IS,100,16.2,12.17,,,15,62,42,42,34,34,42,42,armorresist_ct_additive=30;armorresist_la_additive=15;armorresist_ll_additive=15;armorresist_lt_additive=20;armorresist_ra_additive=15;armorresist_rl_additive=15;armorresist_rt_additive=20
3770,clanstalker,Stalker Clan,stk-3f-cs,Standard,CLAN,85,16.2,13.83,,,15,54,36,36,28,28,36,36,armorresist_ll_additive=10;armorresist_rl_additive=10;internalresist_ct_additive=6;internalresist_lt_additive=18;internalresist_rt_additive=18
3771,clanarcher,Archer Clan,arc-2w-cs,Standard,CLAN,70,16.2,11.85,,,15,44,30,30,22,22,30,30,armorresist_ct_additive=22;armorresist_la_additive=10;armorresist_ll_additive=7;armorresist_lt_additive=15;armorresist_ra_additive=10;armorresist_rl_additive=7;armorresist_rt_additive=15;missile_range_multiplier=0.1
3772,clanflea,Flea Clan,fle-16-cs,Standard,CLAN,20,16.2,6.54,,,15,12,10,10,6,6,8,8,armorresist_ct_additive=8;armorresist_la_additive=8;armorresist_ll_additive=8;armorresist_lt_additive=8;armorresist_ra_additive=8;armorresist_rl_additive=8;armorresist_rt_additive=8;heatdissipation_multiplier=0.1
3773,clannightstar,Nightstar Clan,nsr-9j-cs,Standard,CLAN,95,16.2,13.08,,,15,60,40,40,32,32,40,40,armorresist_ll_additive=15;armorresist_rl_additive=15;internalresist_ct_additive=12;internalresist_la_additive=8;internalresist_lt_additive=8;internalresist_ra_additive=8;internalresist_rt_additive=8
3774,summoner,Summoner,smn-bcs,Standard,CLAN,70,16.2,14.54,30155,3468;1502;3004;3004;3004;3004;1502;1502;1502;1502,15,44,30,30,22,22,30,30,internalresist_all_additive=10
3775,charger,Charger,cgr-1a1cs,Standard,IS,80,16.2,16.27,,,15,50,34,34,26,26,34,34,armorresist_ct_additive=25;armorresist_la_additive=15;armorresist_ll_additive=15;armorresist_lt_additive=20;armorresist_ra_additive=15;armorresist_rl_additive=15;armorresist_rt_additive=20;issmalllaser_range_multiplier=0.65;mechtopspeed_multiplier=0.1
3776,maddog,Mad Dog,mdd-silgd,Legend,CLAN,60,16.2,14.34,31579,3458;3004;3004,15,40,28,28,20,20,28,28,
3777,phoenixhawk,Phoenix Hawk,pxh-s,Hero,IS,45,16.2,13.08,,1505;1505,15,28,22,22,14,14,22,22,armorresist_la_additive=21;armorresist_ll_additive=14;armorresist_lt_additive=5;armorresist_ltr_additive=7;armorresist_ra_additive=21;armorresist_rl_additive=14;armorresist_rt_additive=5;armorresist_rtr_additive=7;ballistic_range_multiplier=0.25;internalresist_ct_additive=10;internalresist_la_additive=7;internalresist_lt_additive=9;internalresist_ra_additive=7;internalresist_rt_additive=9;ismachinegun_range_multiplier=0.25;mechtopspeed_multiplier=0.125
3778,champion,Champion,chp-ap,Hero,IS,60,16.2,11.85,,1506;1506,15,40,28,28,20,20,28,28,armorresist_ct_additive=12;armorresist_la_additive=12;armorresist_ll_additive=10;armorresist_lt_additive=10;armorresist_ra_additive=12;armorresist_rl_additive=10;armorresist_rt_additive=10;rotaryautocannon_range_multiplier=0.15
3779,cougar,Cougar,cou-f,Standard,CLAN,35,16.2,9.74,31505,3433;3004;3004;3004,15,22,16,16,12,12,16,16,
3780,commandoiic,Commando IIC,com-iic,Standard,CLAN,25,16.2,8.67,,,15,16,12,12,8,8,12,12,all_range_multiplier=0.1;internalresist_ct_additive=10;internalresist_la_additive=24;internalresist_ll_additive=12;internalresist_lt_additive=12;internalresist_ra_additive=24;internalresist_rl_additive=12;internalresist_rt_additive=12
3781,firestarter,Firestarter,fs9-c,Standard,IS,35,16.2,11.55,,,15,22,16,16,12,12,16,16,internalresist_ct_additive=11;internalresist_la_additive=12;internalresist_ll_additive=16;internalresist_lt_additive=8;internalresist_ra_additive=12;internalresist_rl_additive=16;internalresist_rt_additive=8
3782,vindicator,Vindicator,vnd-5l,Standard,IS,45,16.2,13.36,,,15,28,22,22,14,14,22,22,armorresist_ct_additive=20;armorresist_la_additive=24;armorresist_ll_additive=17;armorresist_lt_additive=18;armorresist_ra_additive=24;armorresist_rl_additive=17;armorresist_rt_additive=18
3783,novacat,Nova Cat,nct-p,Standard,CLAN,70,16.2,14.97,31513,3454;3004,15,44,30,30,22,22,30,30,
3784,grandsummoner,Grand Summoner,smn-ii-p,Standard,CLAN,70,16.2,14.54,31470,3468;3004;3004;3004;3004,15,44,30,30,22,22,30,30,
3785,shadowcat,Shadow Cat,shc-nolgd,Legend,CLAN,45,16.2,10.17,31587,3448;1606;1503;1503;1503;1503;1264,15,28,22,22,14,14,22,22,
3786,direwolf,Dire Wolf,dwf-bs,Standard,CLAN,100,16.2,13.42,30067,3458;3004;3004;3004;3004;3004,15,62,42,42,34,34,42,42,
3787,timberwolf,Timber Wolf,tbr-as,Standard,CLAN,75,16.2,12.29,30459,3473;3004;3004;3004;3004;3004,15,46,32,32,24,24,32,32,
3788,stonerhino,Stone Rhino,sr-4s,Standard,CLAN,100,16.2,12.38,,,15,62,42,42,34,34,42,42,armorresist_ct_additive=20;armorresist_la_additive=20;armorresist_ll_additive=15;armorresist_lt_additive=20;armorresist_ra_additive=20;armorresist_rl_additive=15;armorresist_rt_additive=20
3789,arcticwolf,Arctic Wolf,acw-1s,Standard,CLAN,40,16.2,10.54,,,15,24,20,20,12,12,20,20,armorresist_all_additive=5
3790,iceferret,Ice Ferret,ifr-js,Standard,CLAN,45,16.2,12.62,31426,3470;3004;3004;1606,15,28,22,22,14,14,22,22,
3791,incubus,Incubus,inc-2s,Standard,CLAN,30,16.2,10.92,,,15,20,14,14,10,10,14,14,armorresist_ct_additive=5;armorresist_la_additive=10;armorresist_ll_additive=10;armorresist_lt_additive=5;armorresist_ra_additive=10;armorresist_rl_additive=10;armorresist_rt_additive=5
3792,gauntlet,Gauntlet,GTL-1O,Standard,IS,55,16.2,12.47,31595,3553;1611,15,36,26,26,18,18,26,26,
3793,gauntlet,Gauntlet,GTL-1OS,Standard,IS,55,16.2,12.47,31595,3553;1611,15,36,26,26,18,18,26,26,
3794,gauntlet,Gauntlet,GTL-1OA,Standard,IS,55,16.2,12.47,31603,3553;1602,15,36,26,26,18,18,26,26,
3795,gauntlet,Gauntlet,GTL-1OB,Standard,IS,55,16.2,12.47,31611,3553;1602,15,36,26,26,18,18,26,26,
3796,gauntlet,Gauntlet,GTL-1OC,Standard,IS,55,16.2,12.47,31619,3553;1602,15,36,26,26,18,18,26,26,
3797,gargoyle,Gargoyle,gar-mtsp,Standard,CLAN,80,16.2,15.59,31635,3478;3004;3004;3004;3004;3004;3004,15,50,34,34,26,26,34,34,
3798,summoner,Summoner,smn-ptsp,Standard,CLAN,70,16.2,14.54,31627,3468;1502;3004;3004;3004;3004;1502;1502;1502;1502,15,44,30,30,22,22,30,30,internalresist_all_additive=10
3799,blacklanner,Black Lanner,bkl-mtsp,Standard,CLAN,55,16.2,12.48,,1609,15,36,26,26,18,18,26,26,armorresist_ct_additive=10;armorresist_hd_additive=12;armorresist_la_additive=10;armorresist_ll_additive=16;armorresist_lt_additive=10;armorresist_ra_additive=10;armorresist_rl_additive=16;armorresist_rt_additive=10
3800,urbanmechiic,UrbanMech IIC,um-iic-mtsp,Standard,CLAN,30,16.2,9.42,,,15,20,14,14,10,10,14,14,armorresist_all_additive=30;heatdissipation_multiplier=0.15
3801,clanstalker,Stalker Clan,stk-3f-c,Standard,CLAN,85,16.2,13.83,,,15,54,36,36,28,28,36,36,armorresist_ll_additive=10;armorresist_rl_additive=10;internalresist_ct_additive=6;internalresist_lt_additive=18;internalresist_rt_additive=18
3802,clanarcher,Archer Clan,arc-2w-c,Standard,CLAN,70,16.2,11.85,,,15,44,30,30,22,22,30,30,armorresist_ct_additive=22;armorresist_la_additive=10;armorresist_ll_additive=7;armorresist_lt_additive=15;armorresist_ra_additive=10;armorresist_rl_additive=7;armorresist_rt_additive=15;missile_range_multiplier=0.1
3803,clanflea,Flea Clan,fle-16-c,Standard,CLAN,20,16.2,6.54,,,15,12,10,10,6,6,8,8,armorresist_ct_additive=8;armorresist_la_additive=8;armorresist_ll_additive=8;armorresist_lt_additive=8;armorresist_ra_additive=8;armorresist_rl_additive=8;armorresist_rt_additive=8;heatdissipation_multiplier=0.1
3804,clannightstar,Nightstar Clan,nsr-9j-c,Standard,CLAN,95,16.2,13.08,,,15,60,40,40,32,32,40,40,armorresist_ll_additive=15;armorresist_rl_additive=15;internalresist_ct_additive=12;internalresist_la_additive=8;internalresist_lt_additive=8;internalresist_ra_additive=8;internalresist_rt_additive=8
3805,shadowhawkiic,Shadow Hawk IIC,shd-iic,Standard,CLAN,45,16.2,13.01,,,15,28,22,22,14,14,22,22,internalresist_ct_additive=8;internalresist_la_additive=6;internalresist_ll_additive=8;internalresist_lt_additive=8;internalresist_ra_additive=6;internalresist_rl_additive=8;internalresist_rt_additive=8
3806,shadowhawkiic,Shadow Hawk IIC,shd-iics,Standard,CLAN,45,16.2,13.01,,,15,28,22,22,14,14,22,22,internalresist_ct_additive=8;internalresist_la_additive=6;internalresist_ll_additive=8;internalresist_lt_additive=8;internalresist_ra_additive=6;internalresist_rl_additive=8;internalresist_rt_additive=8
3807,shadowhawkiic,Shadow Hawk IIC,shd-iic-2,Standard,CLAN,45,16.2,13.01,,,15,28,22,22,14,14,22,22,internalresist_ct_additive=8;internalresist_la_additive=6;internalresist_ll_additive=8;internalresist_lt_additive=8;internalresist_ra_additive=6;internalresist_rl_additive=8;internalresist_rt_additive=8
3808,shadowhawkiic,Shadow Hawk IIC,shd-iic-4,Standard,CLAN,45,16.2,13.01,,,15,28,22,22,14,14,22,22,armorresist_la_additive=8;armorresist_ra_additive=8;internalresist_ct_additive=8;internalresist_la_additive=6;internalresist_ll_additive=8;internalresist_lt_additive=8;internalresist_ra_additive=6;internalresist_rl_additive=8;internalresist_rt_additive=8
3809,shadowhawkiic,Shadow Hawk IIC,shd-iic-5,Standard,CLAN,45,16.2,13.01,,,15,28,22,22,14,14,22,22,all_range_multiplier=0.1;armorresist_la_additive=8;armorresist_ra_additive=8;internalresist_ct_additive=8;internalresist_la_additive=6;internalresist_ll_additive=8;internalresist_lt_additive=8;internalresist_ra_additive=6;internalresist_rl_additive=8;internalresist_rt_additive=8
3810,shadowhawkiic,Shadow Hawk IIC,shd-iic-6,Standard,CLAN,45,16.2,13.01,,,15,28,22,22,14,14,22,22,armorresist_lt_additive=5;internalresist_ct_additive=8;internalresist_la_additive=6;internalresist_ll_additive=8;internalresist_lt_additive=8;internalresist_ra_additive=6;internalresist_rl_additive=8;internalresist_rt_additive=8
3811,shadowhawkiic,Shadow Hawk IIC,shd-iic-a,Standard,CLAN,45,16.2,13.01,,,15,28,22,22,14,14,22,22,internalresist_ct_additive=8;internalresist_la_additive=6;internalresist_ll_additive=8;internalresist_lt_additive=8;internalresist_ra_additive=6;internalresist_rl_additive=8;internalresist_rt_additive=8
3812,shadowhawkiic,Shadow Hawk IIC,shd-iic-b,Standard,CLAN,45,16.2,13.01,,,15,28,22,22,14,14,22,22,armorresist_ct_additive=15;armorresist_lt_additive=15;internalresist_ct_additive=8;internalresist_la_additive=6;internalresist_ll_additive=8;internalresist_lt_additive=8;internalresist_ra_additive=6;internalresist_rl_additive=8;internalresist_rt_additive=8
3813,shadowhawkiic,Shadow Hawk IIC,shd-iic-dt,Hero,CLAN,45,16.2,13.01,,,15,28,22,22,14,14,22,22,internalresist_ct_additive=8;internalresist_la_additive=6;internalresist_ll_additive=8;internalresist_lt_additive=8;internalresist_ra_additive=6;internalresist_rl_additive=8;internalresist_rt_additive=8
3814,clanbullshark,Bullshark Clan,bsk-vklgd,Legend,CLAN,95,16.2,13.84,,1265;9033;9033,15,60,40,40,32,32,40,40,armorresist_ct_additive=5;armorresist_la_additive=5;armorresist_ll_additive=10;armorresist_lt_additive=8;armorresist_ra_additive=5;armorresist_rl_additive=10;armorresist_rt_additive=8
3815,bullshark,Bullshark,bsk-wglgd,Legend,IS,95,16.2,13.84,,1085;9034;9034,15,60,40,40,32,32,40,40,armorresist_ct_additive=15;armorresist_la_additive=15;armorresist_ll_additive=20;armorresist_lt_additive=20;armorresist_ra_additive=15;armorresist_rl_additive=20;armorresist_rt_additive=20;heatdissipation_multiplier=0.1
3816,cataphract,Cataphract,ctf-5moc,Legend,IS,70,16.2,12.53,,,15,44,30,30,22,22,30,30,armorresist_ct_additive=22;armorresist_la_additive=11;armorresist_ll_additive=15;armorresist_lt_additive=15;armorresist_ra_additive=11;armorresist_rl_additive=15;armorresist_rt_additive=15
3817,wolverine,Wolverine,wvr-s,Legend,IS,55,16.2,13.36,,,15,36,26,26,18,18,26,26,armorresist_la_additive=15;armorresist_ra_additive=15;internalresist_ct_additive=15;internalresist_la_additive=15;internalresist_ra_additive=15;ismachinegun_range_multiplier=0.2
3818,maddog,Mad Dog,mdd-si,Legend,CLAN,60,16.2,14.34,31579,3458;3004;3004,15,40,28,28,20,20,28,28,
3819,shadowhawk,Shadow Hawk,shd-5dss,Standard,IS,55,16.2,14.34,,,15,36,26,26,18,18,26,26,armorresist_lt_additive=12;internalresist_ct_additive=18;internalresist_la_additive=12;internalresist_ll_additive=18;internalresist_lt_additive=12;internalresist_ra_additive=12;internalresist_rl_additive=18;internalresist_rt_additive=12;ismediumlaserfamily_range_multiplier=0.15
3820,timberwolf,Timber Wolf,tbr-bh2s,Standard,CLAN,75,16.2,12.29,31642,3473;3004;3004;3004;3004;3004,15,46,32,32,24,24,32,32,
3821,direwolf,Dire Wolf,dwf-wms,Standard,CLAN,100,16.2,13.42,31650,3458;3004;3004;3004;3004;3004,15,62,42,42,34,34,42,42,
3822,hellbringer,Hellbringer,hbr-ahs,Standard,CLAN,65,16.2,13.65,31660,3463;3004;3004;3004,15,42,30,30,20,20,30,30,
3823,shadowcat,Shadow Cat,shc-no,Legend,CLAN,45,16.2,10.17,31587,3448;1606;1503;1503;1503;1503;1264,15,28,22,22,14,14,22,22,
3824,raven,Raven,rvn-mnl,Standard,IS,35,16.2,10.32,,,15,22,16,16,12,12,16,16,armorresist_la_additive=6;armorresist_ra_additive=6;internalresist_ct_additive=6;internalresist_la_additive=12;internalresist_ll_additive=8;internalresist_lt_additive=12;internalresist_ra_additive=12;internalresist_rl_additive=8;internalresist_rt_additive=12
3825,huntsman,Huntsman,hmn-hl,Standard,CLAN,50,16.2,12.36,31668,3448;1503;1503;1503;1503;1503,15,32,24,24,16,16,24,24,
3826,timberwolf,Timber Wolf,tbr-nl,Standard,CLAN,75,16.2,12.29,31674,3473;3004;3004;3004;3004;3004,15,46,32,32,24,24,32,32,
3827,heavystalker,Stalker,stk-4pl,Standard,IS,75,16.2,13.83,,,15,54,36,36,28,28,36,36,armorresist_ct_additive=6;armorresist_lt_additive=18;armorresist_rt_additive=18
3828,battlemaster,Battlemaster,blr-6cl,Standard,IS,85,16.2,13.82,,,15,54,36,36,28,28,36,36,armorresist_la_additive=25;armorresist_ra_additive=14;internalresist_ct_additive=18;internalresist_la_additive=14;internalresist_ll_additive=12;internalresist_lt_additive=12;internalresist_ra_additive=14;internalresist_rl_additive=12;internalresist_rt_additive=12
3829,shadowhawkiic,Shadow Hawk IIC,shd-iic-2p,Standard,CLAN,45,16.2,13.01,,,15,28,22,22,14,14,22,22,internalresist_ct_additive=8;internalresist_la_additive=6;internalresist_ll_additive=8;internalresist_lt_additive=8;internalresist_ra_additive=6;internalresist_rl_additive=8;internalresist_rt_additive=8
3830,firemoth,Fire Moth,fmt-hp,Standard,CLAN,20,16.2,6.89,31555,3438;1612;3004;3004,15,12,10,10,6,6,8,8,internalresist_all_additive=6
3831,naga,Naga,nga-prime,Standard,CLAN,80,16.2,14.59,31684,3478;3004;3004,15,50,34,34,26,26,34,34,
3832,naga,Naga,nga-primes,Standard,CLAN,80,16.2,14.59,31684,3478;3004;3004,15,50,34,34,26,26,34,34,
3833,naga,Naga,nga-b,Standard,CLAN,80,16.2,14.59,31692,3478;3004;3004,15,50,34,34,26,26,34,34,
3834,naga,Naga,nga-ii-prime,Standard,CLAN,80,16.2,14.59,31700,3478;3004;3004,15,50,34,34,26,26,34,34,
3835,naga,Naga,nga-ii-a,Standard,CLAN,80,16.2,14.59,31708,3478;3004;3004,15,50,34,34,26,26,34,34,
3836,naga,Naga,nga-ii-b,Standard,CLAN,80,16.2,14.59,31716,3478;3004;3004,15,50,34,34,26,26,34,34,
3837,naga,Naga,nga-ii-c,Standard,CLAN,80,16.2,14.59,31724,3478;3004;3004,15,50,34,34,26,26,34,34,
3838,naga,Naga,nga-ii-h,Standard,CLAN,80,16.2,14.59,31732,3478;3004;3004,15,50,34,34,26,26,34,34,
3839,naga,Naga,nga-am,Hero,CLAN,80,16.2,14.59,31740,3478;3004;3004;9032,15,50,34,34,26,26,34,34,
3840,incubus,Incubus,inc-z0lgd,Legend,CLAN,30,16.2,10.92,,1509;1509,15,20,14,14,10,10,14,14,armorresist_ct_additive=10;armorresist_la_additive=75;armorresist_ll_additive=15;armorresist_lt_additive=10;armorresist_ra_additive=20;armorresist_rl_additive=15;armorresist_rt_additive=10;heavylaser_range_multiplier=0.25
3841,bullshark,Bullshark,bsk-6cs,Standard,IS,95,16.2,13.84,,,15,60,40,40,32,32,40,40,armorresist_ct_additive=15;armorresist_la_additive=15;armorresist_ll_additive=20;armorresist_lt_additive=15;armorresist_ra_additive=15;armorresist_rl_additive=20;armorresist_rt_additive=15
3842,marauder,Marauder,mad-3rcs,Standard,IS,75,16.2,12.46,,,15,46,32,32,24,24,32,32,armorresist_ct_additive=7;armorresist_rt_additive=10;internalresist_all_additive=16
3843,gargoyle,Gargoyle,gar-m,Standard,CLAN,80,16.2,15.59,31635,3478;3004;3004;3004;3004;3004;3004,15,50,34,34,26,26,34,34,
3844,summoner,Summoner,smn-p,Standard,CLAN,70,16.2,14.54,31627,3468;1502;3004;3004;3004;3004;1502;1502;1502;1502,15,44,30,30,22,22,30,30,internalresist_all_additive=10
3845,blacklanner,Black Lanner,bkl-m,Standard,CLAN,55,16.2,12.48,,1609,15,36,26,26,18,18,26,26,armorresist_ct_additive=10;armorresist_hd_additive=12;armorresist_la_additive=10;armorresist_ll_additive=16;armorresist_lt_additive=10;armorresist_ra_additive=10;armorresist_rl_additive=16;armorresist_rt_additive=10
3846,urbanmechiic,UrbanMech IIC,um-iic-m,Standard,CLAN,30,16.2,9.42,,,15,20,14,14,10,10,14,14,armorresist_all_additive=30;heatdissipation_multiplier=0.15
3847,clanatlas,Atlas II Clan,as7-d-hs,Standard,CLAN,100,16.2,16.67,,,15,62,42,42,34,34,42,42,armorresist_ct_additive=30;armorresist_la_additive=10;armorresist_ll_additive=21;armorresist_lt_additive=25;armorresist_ra_additive=10;armorresist_rl_additive=21;armorresist_rt_additive=25
3848,clanbattlemaster,Battlemaster Clan,blr-1gbcs,Standard,CLAN,85,16.2,13.82,,,15,54,36,36,28,28,36,36,armorresist_la_additive=14;armorresist_ra_additive=14;internalresist_ct_additive=18;internalresist_la_additive=14;internalresist_ll_additive=12;internalresist_lt_additive=12;internalresist_ra_additive=14;internalresist_rl_additive=12;internalresist_rt_additive=12
3849,clanawesome,Awesome Clan,aws-8qss,Standard,CLAN,80,16.2,12.34,,,15,50,34,34,26,26,34,34,all_range_multiplier=0.1;heatdissipation_multiplier=0.1;internalresist_ct_additive=25;internalresist_lt_additive=18;internalresist_rt_additive=18
3850,ebonjaguar,Ebon Jaguar,ebj-ss,Standard,CLAN,65,16.2,11.88,31748,3463;3004;3004;3004,15,42,30,30,20,20,30,30,
3851,clanbullshark,Bullshark Clan,bsk-vk,Legend,CLAN,95,16.2,13.84,,1265;9033;9033,15,60,40,40,32,32,40,40,armorresist_ct_additive=5;armorresist_la_additive=5;armorresist_ll_additive=10;armorresist_lt_additive=8;armorresist_ra_additive=5;armorresist_rl_additive=10;armorresist_rt_additive=8
3852,bullshark,Bullshark,bsk-wg,Legend,IS,95,16.2,13.84,,1085;9034;9034,15,60,40,40,32,32,40,40,armorresist_ct_additive=15;armorresist_la_additive=15;armorresist_ll_additive=20;armorresist_lt_additive=20;armorresist_ra_additive=15;armorresist_rl_additive=20;armorresist_rt_additive=20;heatdissipation_multiplier=0.1
3853,shadowhawk,Shadow Hawk,shd-5ds,Standard,IS,55,16.2,14.34,,,15,36,26,26,18,18,26,26,armorresist_lt_additive=12;internalresist_ct_additive=18;internalresist_la_additive=12;internalresist_ll_additive=18;internalresist_lt_additive=12;internalresist_ra_additive=12;internalresist_rl_additive=18;internalresist_rt_additive=12;ismediumlaserfamily_range_multiplier=0.15
3854,timberwolf,Timber Wolf,tbr-bh2,Standard,CLAN,75,16.2,12.29,31642,3473;3004;3004;3004;3004;3004,15,46,32,32,24,24,32,32,
3855,direwolf,Dire Wolf,dwf-wm,Standard,CLAN,100,16.2,13.42,31650,3458;3004;3004;3004;3004;3004,15,62,42,42,34,34,42,42,
3856,hellbringer,Hellbringer,hbr-ah,Standard,CLAN,65,16.2,13.65,31660,3463;3004;3004;3004,15,42,30,30,20,20,30,30,
3857,stonerhino,Stone Rhino,sr-xs,Standard,CLAN,100,16.2,12.38,,1265;9033;9033,15,62,42,42,34,34,42,42,armorresist_ct_additive=10;armorresist_la_additive=7;armorresist_ll_additive=10;armorresist_lt_additive=10;armorresist_ra_additive=7;armorresist_rl_additive=10;armorresist_rt_additive=10
3858,marauderii,Marauder II,mad-xs,Standard,IS,100,16.2,13.46,,1085;9034;9034,15,62,42,42,34,34,42,42,armorresist_ct_additive=26;armorresist_la_additive=15;armorresist_ll_additive=15;armorresist_lt_additive=19;armorresist_ra_additive=15;armorresist_rl_additive=15;armorresist_rt_additive=19;critchance_receiving_multiplier=-0.25
3859,longbow,Longbow,lgb-8vs,Standard,IS,85,16.2,13.91,,1086;1086,15,54,36,36,28,28,36,36,armorresist_la_additive=30;armorresist_ra_additive=30;internalresist_ct_additive=15;internalresist_la_additive=15;internalresist_ll_additive=15;internalresist_lt_additive=20;internalresist_ra_additive=15;internalresist_rl_additive=15;internalresist_rt_additive=20;tag_range_multiplier=0.45
3860,maddog,Mad Dog,mdd-vs,Standard,CLAN,60,16.2,14.34,31756,3458;3004;3004,15,40,28,28,20,20,28,28,
3861,catapult,Catapult,cplt-c3s,Standard,IS,65,16.2,9.58,,1086,15,42,30,30,20,20,30,30,all_range_multiplier=0.1;armorresist_la_additive=15;armorresist_ra_additive=15;internalresist_all_additive=7;tag_range_multiplier=0.45
3862,urbanmech,UrbanMech,um-aivs,Standard,IS,30,16.2,9.42,,1086,15,20,14,14,10,10,14,14,all_range_multiplier=0.15;armorresist_ct_additive=20;armorresist_la_additive=20;armorresist_ll_additive=14;armorresist_lt_additive=14;armorresist_ra_additive=20;armorresist_rl_additive=14;armorresist_rt_additive=14;tag_range_multiplier=0.3
3863,sunder,Sunder,sd1-o,Standard,IS,90,16.2,13.57,31828,3370;3001;3001;3001;3001,15,58,38,38,30,30,38,38,
3864,sunder,Sunder,sd1-oa,Standard,IS,90,16.2,13.57,31772,3370;3001;3001;3001;3001,15,58,38,38,30,30,38,38,
3865,sunder,Sunder,sd1-ob,Standard,IS,90,16.2,13.57,31780,3370;3001;3001;3001;3001,15,58,38,38,30,30,38,38,
3866,sunder,Sunder,sd1-oc,Standard,IS,90,16.2,13.57,31788,3370;3001;3001;3001;3001,15,58,38,38,30,30,38,38,
3867,sunder,Sunder,sd1-od,Standard,IS,90,16.2,13.57,31796,3370;3001;3001;3001;3001,15,58,38,38,30,30,38,38,
3868,sunder,Sunder,sd1-ods,Standard,IS,90,16.2,13.57,31796,3370;3001;3001;3001;3001,15,58,38,38,30,30,38,38,
3869,sunder,Sunder,sd1-oe,Standard,IS,90,16.2,13.57,31804,3370;3001;3001;3001;3001,15,58,38,38,30,30,38,38,
3870,sunder,Sunder,sd1-ox,Standard,IS,90,16.2,13.57,31812,3370;3001;3001;3001;3001,15,58,38,38,30,30,38,38,
3871,sunder,Sunder,sd1-o-sam,Hero,IS,90,16.2,13.57,31820,3370;3001;3001;3001;3001,15,58,38,38,30,30,38,38,
3872,raven,Raven,rvn-mn,Standard,IS,35,16.2,10.32,,,15,22,16,16,12,12,16,16,armorresist_la_additive=6;armorresist_ra_additive=6;internalresist_ct_additive=6;internalresist_la_additive=12;internalresist_ll_additive=8;internalresist_lt_additive=12;internalresist_ra_additive=12;internalresist_rl_additive=8;internalresist_rt_additive=12
3873,huntsman,Huntsman,hmn-h,Standard,CLAN,50,16.2,12.36,31668,3448;1503;1503;1503;1503;1503,15,32,24,24,16,16,24,24,
3874,timberwolf,Timber Wolf,tbr-n,Standard,CLAN,75,16.2,12.29,31674,3473;3004;3004;3004;3004;3004,15,46,32,32,24,24,32,32,
3875,heavystalker,Stalker,stk-4p,Standard,IS,75,16.2,13.83,,,15,54,36,36,28,28,36,36,armorresist_ct_additive=6;armorresist_lt_additive=18;armorresist_rt_additive=18
3876,battlemaster,Battlemaster,blr-6c,Standard,IS,85,16.2,13.82,,,15,54,36,36,28,28,36,36,armorresist_la_additive=25;armorresist_ra_additive=14;internalresist_ct_additive=18;internalresist_la_additive=14;internalresist_ll_additive=12;internalresist_lt_additive=12;internalresist_ra_additive=14;internalresist_rl_additive=12;internalresist_rt_additive=12
3877,hunchback,Hunchback,hbk-az,Standard,IS,50,16.2,12.76,,,15,32,24,24,16,16,24,24,armorresist_ct_additive=30;armorresist_ctr_additive=10;armorresist_lt_additive=30;armorresist_ltr_additive=10;armorresist_rt_additive=55;armorresist_rtr_additive=10;critchance_receiving_multiplier=-0.5;internalresist_rt_additive=16;ismediumlaserfamily_range_multiplier=0.25
3878,locust,Locust,lct-mtsp,Standard,IS,20,16.2,6.98,,,15,12,10,10,6,6,8,8,armorresist_ct_additive=5;armorresist_la_additive=8;armorresist_ll_additive=8;armorresist_lt_additive=5;armorresist_ra_additive=8;armorresist_rl_additive=8;armorresist_rt_additive=5
3879,crab,Crab,crb-mtsp,Standard,IS,50,16.2,11.64,,1613,15,32,24,24,16,16,24,24,internalresist_ct_additive=20;internalresist_la_additive=20;internalresist_ll_additive=20;internalresist_lt_additive=20;internalresist_ra_additive=20;internalresist_rl_additive=20;internalresist_rt_additive=20
3880,marauder,Marauder,mad-mtsp,Standard,IS,75,16.2,12.46,,1085;9034;9034,15,46,32,32,24,24,32,32,heatdissipation_multiplier=0.1;internalresist_all_additive=10
3881,timberwolf,Timber Wolf,tbr-mtsp,Standard,CLAN,75,16.2,12.29,31764,3473;3004;3004;3004;3004;3004;1609,15,46,32,32,24,24,32,32,
3882,kodiak,Kodiak,kdk-mtsp,Standard,CLAN,100,16.2,15.30,,,15,62,42,42,34,34,42,42,all_range_multiplier=0.1;armorresist_ct_additive=18;armorresist_ll_additive=20;armorresist_lt_additive=18;armorresist_rl_additive=20;armorresist_rt_additive=18
3883,clanatlas,Atlas II Clan,as7-d-h,Standard,CLAN,100,16.2,16.67,,,15,62,42,42,34,34,42,42,armorresist_ct_additive=30;armorresist_la_additive=10;armorresist_ll_additive=21;armorresist_lt_additive=25;armorresist_ra_additive=10;armorresist_rl_additive=21;armorresist_rt_additive=25
3884,clanbattlemaster,Battlemaster Clan,blr-1gbc,Standard,CLAN,85,16.2,13.82,,,15,54,36,36,28,28,36,36,armorresist_la_additive=14;armorresist_ra_additive=14;internalresist_ct_additive=18;internalresist_la_additive=14;internalresist_ll_additive=12;internalresist_lt_additive=12;internalresist_ra_additive=14;internalresist_rl_additive=12;internalresist_rt_additive=12
3885,clanawesome,Awesome Clan,aws-8qs,Standard,CLAN,80,16.2,12.34,,,15,50,34,34,26,26,34,34,all_range_multiplier=0.1;heatdissipation_multiplier=0.1;internalresist_ct_additive=25;internalresist_lt_additive=18;internalresist_rt_additive=18
3886,ebonjaguar,Ebon Jaguar,ebj-s,Standard,CLAN,65,16.2,11.88,31748,3463;3004;3004;3004,15,42,30,30,20,20,30,30,
3887,centurion,Centurion,cn9-ylw2lgd,Legend,IS,50,16.2,12.84,,,15,32,24,24,16,16,24,24,armorresist_ct_additive=22;armorresist_la_additive=24;armorresist_ll_additive=18;armorresist_lt_additive=18;armorresist_ra_additive=24;armorresist_rl_additive=18;armorresist_rt_additive=18;internalresist_la_additive=16;internalresist_ra_additive=16
3888,stonerhino,Stone Rhino,sr-x,Standard,CLAN,100,16.2,12.38,,1265;9033;9033,15,62,42,42,34,34,42,42,armorresist_ct_additive=10;armorresist_la_additive=7;armorresist_ll_additive=10;armorresist_lt_additive=10;armorresist_ra_additive=7;armorresist_rl_additive=10;armorresist_rt_additive=10
3889,marauderii,Marauder II,mad-x,Standard,IS,100,16.2,13.46,,1085;9034;9034,15,62,42,42,34,34,42,42,armorresist_ct_additive=26;armorresist_la_additive=15;armorresist_ll_additive=15;armorresist_lt_additive=19;armorresist_ra_additive=15;armorresist_rl_additive=15;armorresist_rt_additive=19;critchance_receiving_multiplier=-0.25
3890,longbow,Longbow,lgb-8v,Standard,IS,85,16.2,13.91,,1086;1086,15,54,36,36,28,28,36,36,armorresist_la_additive=30;armorresist_ra_additive=30;internalresist_ct_additive=15;internalresist_la_additive=15;internalresist_ll_additive=15;internalresist_lt_additive=20;internalresist_ra_additive=15;internalresist_rl_additive=15;internalresist_rt_additive=20;tag_range_multiplier=0.45
3891,maddog,Mad Dog,mdd-v,Standard,CLAN,60,16.2,14.34,31756,3458;3004;3004,15,40,28,28,20,20,28,28,
3892,catapult,Catapult,cplt-c3,Standard,IS,65,16.2,9.58,,1086,15,42,30,30,20,20,30,30,all_range_multiplier=0.1;armorresist_la_additive=15;armorresist_ra_additive=15;internalresist_all_additive=7;tag_range_multiplier=0.45
3893,urbanmech,UrbanMech,um-aiv,Standard,IS,30,16.2,9.42,,1086,15,20,14,14,10,10,14,14,all_range_multiplier=0.15;armorresist_ct_additive=20;armorresist_la_additive=20;armorresist_ll_additive=14;armorresist_lt_additive=14;armorresist_ra_additive=20;armorresist_rl_additive=14;armorresist_rt_additive=14;tag_range_multiplier=0.3
3894,incubus,Incubus,inc-z0,Legend,CLAN,30,16.2,10.92,,1509;1509,15,20,14,14,10,10,14,14,armorresist_ct_additive=10;armorresist_la_additive=75;armorresist_ll_additive=15;armorresist_lt_additive=10;armorresist_ra_additive=20;armorresist_rl_additive=15;armorresist_rt_additive=10;heavylaser_range_multiplier=0.25
3895,sneede,Sneede,rfl-3n-shlgd,Legend,IS,60,16.2,14.19,,,15,40,30,28,22,22,28,28,armorresist_ct_additive=25;armorresist_la_additive=15;armorresist_ll_additive=15;armorresist_lt_additive=25;armorresist_ra_additive=15;armorresist_rl_additive=15;armorresist_rt_additive=25;critchance_receiving_multiplier=-0.4
3896,clansneede,Sneede Clan,rfl-3n-lzlgd,Legend,CLAN,60,16.2,14.19,,,15,40,30,28,22,22,28,28,critchance_receiving_multiplier=-0.4;internalresist_ct_additive=20;internalresist_la_additive=10;internalresist_ll_additive=10;internalresist_lt_additive=20;internalresist_ra_additive=10;internalresist_rl_additive=10;internalresist_rt_additive=20
3897,stormcrow,Stormcrow,scr-corlgd,Legend,CLAN,55,16.2,11.97,31836,9035;3464,15,36,26,26,18,18,26,26,
3898,stonerhino,Stone Rhino,sr-2s,Standard,CLAN,100,16.2,12.38,,,15,62,42,42,34,34,42,42,all_range_multiplier=0.05;armorresist_ct_additive=10;armorresist_la_additive=10;armorresist_ll_additive=10;armorresist_lt_additive=10;armorresist_ra_additive=10;armorresist_rl_additive=10;armorresist_rt_additive=10
