id,chassis,set,component,fixed_items,quirks
30536,arcticcheetah,ach-a,head,,
30537,arcticcheetah,ach-a,left_arm,,armorresist_la_additive=10;energy_range_multiplier=0.05;internalresist_la_additive=6
30538,arcticcheetah,ach-a,left_torso,,armorresist_lt_additive=10;internalresist_lt_additive=6
30539,arcticcheetah,ach-a,centre_torso,,internalresist_ct_additive=8
30540,arcticcheetah,ach-a,right_torso,,armorresist_rt_additive=10;internalresist_rt_additive=6
30541,arcticcheetah,ach-a,right_arm,,armorresist_ra_additive=10;energy_range_multiplier=0.05;internalresist_ra_additive=6
30542,arcticcheetah,ach-a,left_leg,,internalresist_ll_additive=8
30543,arcticcheetah,ach-a,right_leg,,internalresist_rl_additive=8
,arcticcheetah,ach-a,set_bonus_8,,all_range_multiplier=0.05;armorresist_ct_additive=7
30544,arcticcheetah,ach-b,head,,
30545,arcticcheetah,ach-b,left_arm,,armorresist_la_additive=10;internalresist_la_additive=6
30546,arcticcheetah,ach-b,left_torso,,internalresist_lt_additive=14
30547,arcticcheetah,ach-b,centre_torso,,internalresist_ct_additive=8
30548,arcticcheetah,ach-b,right_torso,,internalresist_rt_additive=14
30549,arcticcheetah,ach-b,right_arm,,armorresist_ra_additive=12;internalresist_ra_additive=8
30550,arcticcheetah,ach-b,left_leg,,internalresist_ll_additive=8
30551,arcticcheetah,ach-b,right_leg,,internalresist_rl_additive=8
,arcticcheetah,ach-b,set_bonus_8,,armorresist_all_additive=8
30552,arcticcheetah,ach-c,head,,
30553,arcticcheetah,ach-c,left_arm,,armorresist_la_additive=10;internalresist_la_additive=6
30554,arcticcheetah,ach-c,left_torso,,internalresist_lt_additive=6
30555,arcticcheetah,ach-c,centre_torso,,internalresist_ct_additive=8
30556,arcticcheetah,ach-c,right_torso,,internalresist_rt_additive=6
30557,arcticcheetah,ach-c,right_arm,,armorresist_ra_additive=10;internalresist_ra_additive=6
30558,arcticcheetah,ach-c,left_leg,,internalresist_ll_additive=8
30559,arcticcheetah,ach-c,right_leg,,internalresist_rl_additive=8
31017,arcticcheetah,ach-e,head,,
31018,arcticcheetah,ach-e,left_arm,,armorresist_la_additive=10;internalresist_la_additive=6
31019,arcticcheetah,ach-e,left_torso,,internalresist_lt_additive=6
31020,arcticcheetah,ach-e,centre_torso,,internalresist_ct_additive=8
31021,arcticcheetah,ach-e,right_torso,,internalresist_rt_additive=6
31022,arcticcheetah,ach-e,right_arm,,armorresist_ra_additive=10;internalresist_ra_additive=6
31023,arcticcheetah,ach-e,left_leg,,internalresist_ll_additive=8
31024,arcticcheetah,ach-e,right_leg,,internalresist_rl_additive=8
,arcticcheetah,ach-e,set_bonus_8,,clanmediumpulselaser_range_multiplier=0.05
30528,arcticcheetah,ach-prime,head,,
30529,arcticcheetah,ach-prime,left_arm,,armorresist_la_additive=10;internalresist_la_additive=6
30530,arcticcheetah,ach-prime,left_torso,,internalresist_lt_additive=6
30531,arcticcheetah,ach-prime,centre_torso,,internalresist_ct_additive=8
30532,arcticcheetah,ach-prime,right_torso,,internalresist_rt_additive=6
30533,arcticcheetah,ach-prime,right_arm,,armorresist_ra_additive=10;internalresist_ra_additive=6
30534,arcticcheetah,ach-prime,left_leg,,internalresist_ll_additive=8
30535,arcticcheetah,ach-prime,right_leg,,internalresist_rl_additive=8
30945,arcticcheetah,ach-sh,head,,
30946,arcticcheetah,ach-sh,left_arm,,internalresist_la_additive=8
30947,arcticcheetah,ach-sh,left_torso,,internalresist_lt_additive=8
30948,arcticcheetah,ach-sh,centre_torso,,internalresist_ct_additive=8
30949,arcticcheetah,ach-sh,right_torso,,internalresist_rt_additive=8
30950,arcticcheetah,ach-sh,right_arm,,internalresist_ra_additive=8
30951,arcticcheetah,ach-sh,left_leg,,internalresist_ll_additive=8
30952,arcticcheetah,ach-sh,right_leg,,internalresist_rl_additive=8
31089,arcticwolf,acw-a,head,,
31090,arcticwolf,acw-a,left_arm,,armorresist_la_additive=10
31091,arcticwolf,acw-a,left_torso,,armorresist_lt_additive=10
31092,arcticwolf,acw-a,centre_torso,,armorresist_ct_additive=12
31093,arcticwolf,acw-a,right_torso,,armorresist_rt_additive=10
31094,arcticwolf,acw-a,right_arm,,armorresist_ra_additive=10
31095,arcticwolf,acw-a,left_leg,,armorresist_ll_additive=10
31096,arcticwolf,acw-a,right_leg,,armorresist_rl_additive=10
31097,arcticwolf,acw-p,head,,
31098,arcticwolf,acw-p,left_arm,,armorresist_la_additive=10
31099,arcticwolf,acw-p,left_torso,,armorresist_lt_additive=10
31100,arcticwolf,acw-p,centre_torso,,armorresist_ct_additive=12
31101,arcticwolf,acw-p,right_torso,,armorresist_rt_additive=10
31102,arcticwolf,acw-p,right_arm,,armorresist_ra_additive=10
31103,arcticwolf,acw-p,left_leg,,armorresist_ll_additive=10
31104,arcticwolf,acw-p,right_leg,,armorresist_rl_additive=10
31081,arcticwolf,acw-prime,head,,
31082,arcticwolf,acw-prime,left_arm,,armorresist_la_additive=10
31083,arcticwolf,acw-prime,left_torso,1503;1503;1503,armorresist_lt_additive=10
31084,arcticwolf,acw-prime,centre_torso,,armorresist_ct_additive=12
31085,arcticwolf,acw-prime,right_torso,1503;1503;1503,armorresist_rt_additive=10
31086,arcticwolf,acw-prime,right_arm,,armorresist_ra_additive=10
31087,arcticwolf,acw-prime,left_leg,,armorresist_ll_additive=10
31088,arcticwolf,acw-prime,right_leg,,armorresist_rl_additive=10
30032,adder,adr-a,head,,
30033,adder,adr-a,left_arm,,armorresist_la_additive=6;internalresist_la_additive=6
30034,adder,adr-a,left_torso,,armorresist_lt_additive=8
30035,adder,adr-a,centre_torso,,armorresist_ct_additive=15
30036,adder,adr-a,right_torso,,armorresist_rt_additive=8
30037,adder,adr-a,right_arm,,armorresist_ra_additive=6;internalresist_ra_additive=6
30038,adder,adr-a,left_leg,,internalresist_ll_additive=16
30039,adder,adr-a,right_leg,,internalresist_rl_additive=16
,adder,adr-a,set_bonus_8,,all_range_multiplier=0.05;missile_range_multiplier=0.15
30314,adder,adr-b,head,,
30315,adder,adr-b,left_arm,,armorresist_la_additive=12;internalresist_la_additive=6
30316,adder,adr-b,left_torso,,armorresist_lt_additive=8
30317,adder,adr-b,centre_torso,,armorresist_ct_additive=15
30318,adder,adr-b,right_torso,,armorresist_rt_additive=8
30319,adder,adr-b,right_arm,,armorresist_ra_additive=6;internalresist_ra_additive=6
30320,adder,adr-b,left_leg,,internalresist_ll_additive=16
30321,adder,adr-b,right_leg,,internalresist_rl_additive=16
30817,adder,adr-cn,head,,
30818,adder,adr-cn,left_arm,,armorresist_la_additive=6;internalresist_la_additive=6;laser_range_multiplier=0.025
30819,adder,adr-cn,left_torso,,armorresist_lt_additive=8
30820,adder,adr-cn,centre_torso,,armorresist_ct_additive=15
30821,adder,adr-cn,right_torso,,armorresist_rt_additive=8
30822,adder,adr-cn,right_arm,,armorresist_ra_additive=6;internalresist_ra_additive=6;laser_range_multiplier=0.025
30823,adder,adr-cn,left_leg,,internalresist_ll_additive=16
30824,adder,adr-cn,right_leg,,internalresist_rl_additive=16
,adder,adr-cn,set_bonus_8,,energy_range_multiplier=0.05
30040,adder,adr-d,head,,
30041,adder,adr-d,left_arm,,armorresist_la_additive=6;internalresist_la_additive=6
30042,adder,adr-d,left_torso,,armorresist_lt_additive=8
30043,adder,adr-d,centre_torso,,armorresist_ct_additive=15
30044,adder,adr-d,right_torso,,armorresist_rt_additive=8
30045,adder,adr-d,right_arm,,armorresist_ra_additive=12;internalresist_ra_additive=6
30046,adder,adr-d,left_leg,,internalresist_ll_additive=16
30047,adder,adr-d,right_leg,,internalresist_rl_additive=16
30024,adder,adr-prime,head,,
30025,adder,adr-prime,left_arm,,armorresist_la_additive=6;internalresist_la_additive=6
30026,adder,adr-prime,left_torso,,armorresist_lt_additive=12
30027,adder,adr-prime,centre_torso,,armorresist_ct_additive=15
30028,adder,adr-prime,right_torso,,armorresist_rt_additive=12
30029,adder,adr-prime,right_arm,,armorresist_ra_additive=6;internalresist_ra_additive=6
30030,adder,adr-prime,left_leg,,internalresist_ll_additive=16
30031,adder,adr-prime,right_leg,,internalresist_rl_additive=16
31417,adder,adr-wl,centre_torso,,armorresist_ct_additive=15
31418,adder,adr-wl,left_torso,,armorresist_lt_additive=4
31419,adder,adr-wl,left_arm,,armorresist_la_additive=6;internalresist_la_additive=6
31420,adder,adr-wl,left_leg,,internalresist_ll_additive=16
31421,adder,adr-wl,right_leg,,internalresist_rl_additive=16
31422,adder,adr-wl,right_torso,,armorresist_rt_additive=4
31423,adder,adr-wl,right_arm,,armorresist_ra_additive=6;internalresist_ra_additive=6
31424,adder,adr-wl,head,,
,adder,adr-wl,set_bonus_8,,clanmachinegun_range_multiplier=0.25
31289,bloodasp,bas-a,head,,
31290,bloodasp,bas-a,left_arm,,armorresist_la_additive=8
31291,bloodasp,bas-a,left_torso,1500,armorresist_lt_additive=14
31292,bloodasp,bas-a,centre_torso,1500,
31293,bloodasp,bas-a,right_torso,1500,armorresist_rt_additive=14
31294,bloodasp,bas-a,right_arm,,armorresist_ra_additive=8
31295,bloodasp,bas-a,left_leg,,
31296,bloodasp,bas-a,right_leg,,
,bloodasp,bas-a,set_bonus_8,,all_range_multiplier=0.1
31297,bloodasp,bas-b,head,,
31298,bloodasp,bas-b,left_arm,,armorresist_la_additive=10
31299,bloodasp,bas-b,left_torso,,
31300,bloodasp,bas-b,centre_torso,,
31301,bloodasp,bas-b,right_torso,,armorresist_rt_additive=7
31302,bloodasp,bas-b,right_arm,,armorresist_ra_additive=10
31303,bloodasp,bas-b,left_leg,,
31304,bloodasp,bas-b,right_leg,,
,bloodasp,bas-b,set_bonus_8,,armorresist_rt_additive=7
31305,bloodasp,bas-c,head,,
31306,bloodasp,bas-c,left_arm,,armorresist_la_additive=10
31307,bloodasp,bas-c,left_torso,,armorresist_lt_additive=7
31308,bloodasp,bas-c,centre_torso,,
31309,bloodasp,bas-c,right_torso,,armorresist_rt_additive=7
31310,bloodasp,bas-c,right_arm,,armorresist_ra_additive=10
31311,bloodasp,bas-c,left_leg,,
31312,bloodasp,bas-c,right_leg,,
,bloodasp,bas-c,set_bonus_8,,armorresist_lt_additive=7;armorresist_rt_additive=7
31313,bloodasp,bas-d,head,,
31314,bloodasp,bas-d,left_arm,,armorresist_la_additive=8
31315,bloodasp,bas-d,left_torso,,armorresist_lt_additive=7
31316,bloodasp,bas-d,centre_torso,,
31317,bloodasp,bas-d,right_torso,,
31318,bloodasp,bas-d,right_arm,,armorresist_ra_additive=8
31319,bloodasp,bas-d,left_leg,,
31320,bloodasp,bas-d,right_leg,,
,bloodasp,bas-d,set_bonus_8,,all_range_multiplier=0.05;armorresist_lt_additive=7
31369,bloodasp,bas-e,head,,
31370,bloodasp,bas-e,centre_torso,,
31371,bloodasp,bas-e,left_torso,,armorresist_lt_additive=7
31372,bloodasp,bas-e,left_leg,1500;1500,
31373,bloodasp,bas-e,right_torso,,armorresist_rt_additive=7
31374,bloodasp,bas-e,right_leg,1500;1500,
31375,bloodasp,bas-e,right_arm,,armorresist_ra_additive=7
31376,bloodasp,bas-e,left_arm,,armorresist_la_additive=7
,bloodasp,bas-e,set_bonus_8,,all_range_multiplier=0.05;armorresist_lt_additive=5;armorresist_rt_additive=5
31281,bloodasp,bas-prime,head,,
31282,bloodasp,bas-prime,left_arm,,
31283,bloodasp,bas-prime,left_torso,,armorresist_lt_additive=7
31284,bloodasp,bas-prime,centre_torso,,
31285,bloodasp,bas-prime,right_torso,,armorresist_rt_additive=7
31286,bloodasp,bas-prime,right_arm,,
31287,bloodasp,bas-prime,left_leg,,
31288,bloodasp,bas-prime,right_leg,,
,bloodasp,bas-prime,set_bonus_8,,armorresist_lt_additive=7;armorresist_rt_additive=7
31321,bloodasp,bas-ra,head,,
31322,bloodasp,bas-ra,left_arm,,armorresist_la_additive=8
31323,bloodasp,bas-ra,left_torso,,armorresist_lt_additive=7
31324,bloodasp,bas-ra,centre_torso,,all_range_multiplier=0.05
31325,bloodasp,bas-ra,right_torso,,armorresist_rt_additive=7
31326,bloodasp,bas-ra,right_arm,,armorresist_ra_additive=8
31327,bloodasp,bas-ra,left_leg,,
31328,bloodasp,bas-ra,right_leg,,
,bloodasp,bas-ra,set_bonus_8,,armorresist_lt_additive=7;armorresist_rt_additive=7;energy_range_multiplier=0.05
31451,blackhawkku,bhku-o,centre_torso,,internalresist_ct_additive=10
31452,blackhawkku,bhku-o,left_torso,,armorresist_lt_additive=7;internalresist_lt_additive=15
31453,blackhawkku,bhku-o,left_arm,,internalresist_la_additive=15
31454,blackhawkku,bhku-o,left_leg,,internalresist_ll_additive=5
31455,blackhawkku,bhku-o,right_leg,,internalresist_rl_additive=5
31456,blackhawkku,bhku-o,right_torso,,armorresist_rt_additive=7;internalresist_rt_additive=15
31457,blackhawkku,bhku-o,right_arm,,internalresist_ra_additive=15
31458,blackhawkku,bhku-o,head,,
,blackhawkku,bhku-o,set_bonus_8,,all_range_multiplier=0.1
31467,blackhawkku,bhku-ob,right_arm,,armorresist_ra_additive=20
31468,blackhawkku,bhku-oc,left_arm,,armorresist_la_additive=20
31469,blackhawkku,bhku-od,left_arm,,armorresist_la_additive=20
31459,blackhawkku,bhku-ox,centre_torso,,internalresist_ct_additive=10
31460,blackhawkku,bhku-ox,left_torso,,armorresist_lt_additive=7;internalresist_lt_additive=15
31461,blackhawkku,bhku-ox,left_arm,,internalresist_la_additive=10
31462,blackhawkku,bhku-ox,left_leg,,internalresist_ll_additive=5
31463,blackhawkku,bhku-ox,right_leg,,internalresist_rl_additive=5
31464,blackhawkku,bhku-ox,right_torso,,armorresist_rt_additive=7;internalresist_rt_additive=15
31465,blackhawkku,bhku-ox,right_arm,,internalresist_ra_additive=10
31466,blackhawkku,bhku-ox,head,,
,blackhawkku,bhku-ox,set_bonus_8,,internalresist_la_additive=5;internalresist_ra_additive=5;ismediumlaserfamily_range_multiplier=0.1
31177,blacklanner,bkl-a,head,,
31178,blacklanner,bkl-a,left_arm,,
31179,blacklanner,bkl-a,left_torso,,
31180,blacklanner,bkl-a,centre_torso,,armorresist_ct_additive=10;armorresist_hd_additive=12;armorresist_la_additive=10;armorresist_ll_additive=16;armorresist_lt_additive=10;armorresist_ra_additive=10;armorresist_rl_additive=16;armorresist_rt_additive=10
31181,blacklanner,bkl-a,right_torso,,all_range_multiplier=0.075
31182,blacklanner,bkl-a,right_arm,,
31183,blacklanner,bkl-a,left_leg,,
31184,blacklanner,bkl-a,right_leg,,
31209,blacklanner,bkl-bl,head,,
31210,blacklanner,bkl-bl,left_arm,,ballistic_range_multiplier=0.1
31211,blacklanner,bkl-bl,left_torso,,
31212,blacklanner,bkl-bl,centre_torso,,armorresist_ct_additive=10;armorresist_hd_additive=12;armorresist_la_additive=10;armorresist_ll_additive=16;armorresist_lt_additive=10;armorresist_ra_additive=10;armorresist_rl_additive=16;armorresist_rt_additive=10
31213,blacklanner,bkl-bl,right_torso,,
31214,blacklanner,bkl-bl,right_arm,,ballistic_range_multiplier=0.1
31215,blacklanner,bkl-bl,left_leg,,
31216,blacklanner,bkl-bl,right_leg,,
31185,blacklanner,bkl-c,head,,
31186,blacklanner,bkl-c,left_arm,,
31187,blacklanner,bkl-c,left_torso,,
31188,blacklanner,bkl-c,centre_torso,,armorresist_ct_additive=10;armorresist_hd_additive=12;armorresist_la_additive=10;armorresist_ll_additive=16;armorresist_lt_additive=10;armorresist_ra_additive=10;armorresist_rl_additive=16;armorresist_rt_additive=10
31189,blacklanner,bkl-c,right_torso,,
31190,blacklanner,bkl-c,right_arm,,
31191,blacklanner,bkl-c,left_leg,,
31192,blacklanner,bkl-c,right_leg,,
31193,blacklanner,bkl-d,head,,
31194,blacklanner,bkl-d,left_arm,,
31195,blacklanner,bkl-d,left_torso,,
31196,blacklanner,bkl-d,centre_torso,,armorresist_ct_additive=10;armorresist_hd_additive=12;armorresist_la_additive=10;armorresist_ll_additive=16;armorresist_lt_additive=10;armorresist_ra_additive=10;armorresist_rl_additive=16;armorresist_rt_additive=10
31197,blacklanner,bkl-d,right_torso,,
31198,blacklanner,bkl-d,right_arm,,
31199,blacklanner,bkl-d,left_leg,,
31200,blacklanner,bkl-d,right_leg,,
31201,blacklanner,bkl-e,head,,
31202,blacklanner,bkl-e,left_arm,,
31203,blacklanner,bkl-e,left_torso,,all_range_multiplier=0.05
31204,blacklanner,bkl-e,centre_torso,,all_range_multiplier=0.1;armorresist_ct_additive=10;armorresist_hd_additive=12;armorresist_la_additive=10;armorresist_ll_additive=16;armorresist_lt_additive=10;armorresist_ra_additive=10;armorresist_rl_additive=16;armorresist_rt_additive=10
31205,blacklanner,bkl-e,right_torso,,
31206,blacklanner,bkl-e,right_arm,,
31207,blacklanner,bkl-e,left_leg,,
31208,blacklanner,bkl-e,right_leg,,
31169,blacklanner,bkl-prime,head,,
31170,blacklanner,bkl-prime,left_arm,,
31171,blacklanner,bkl-prime,left_torso,,
31172,blacklanner,bkl-prime,centre_torso,,armorresist_ct_additive=10;armorresist_hd_additive=12;armorresist_la_additive=10;armorresist_ll_additive=16;armorresist_lt_additive=10;armorresist_ra_additive=10;armorresist_rl_additive=16;armorresist_rt_additive=10
31173,blacklanner,bkl-prime,right_torso,,
31174,blacklanner,bkl-prime,right_arm,,
31175,blacklanner,bkl-prime,left_leg,,
31176,blacklanner,bkl-prime,right_leg,,
,blacklanner,bkl-prime,set_bonus_8,,mechtopspeed_multiplier=0.05
30929,cougar,cou-ba,head,,
30930,cougar,cou-ba,left_arm,,armorresist_la_additive=10
30931,cougar,cou-ba,left_torso,,armorresist_lt_additive=12;internalresist_lt_additive=7
30932,cougar,cou-ba,centre_torso,,armorresist_ct_additive=15
30933,cougar,cou-ba,right_torso,,armorresist_rt_additive=12;internalresist_rt_additive=7
30934,cougar,cou-ba,right_arm,,armorresist_ra_additive=10
30935,cougar,cou-ba,left_leg,,internalresist_ll_additive=16
30936,cougar,cou-ba,right_leg,,internalresist_rl_additive=16
,cougar,cou-ba,set_bonus_8,,missile_range_multiplier=0.1
30897,cougar,cou-c,head,,
30898,cougar,cou-c,left_arm,,armorresist_la_additive=10
30899,cougar,cou-c,left_torso,,armorresist_lt_additive=12;internalresist_lt_additive=7
30900,cougar,cou-c,centre_torso,,armorresist_ct_additive=15
30901,cougar,cou-c,right_torso,,armorresist_rt_additive=12;internalresist_rt_additive=7
30902,cougar,cou-c,right_arm,,armorresist_ra_additive=10
30903,cougar,cou-c,left_leg,,internalresist_ll_additive=16
30904,cougar,cou-c,right_leg,,internalresist_rl_additive=16
,cougar,cou-c,set_bonus_8,,clanerlaser_range_multiplier=0.05
30905,cougar,cou-d,head,,
30906,cougar,cou-d,left_arm,,armorresist_la_additive=10
30907,cougar,cou-d,left_torso,,armorresist_lt_additive=12;internalresist_lt_additive=7;missile_range_multiplier=0.05
30908,cougar,cou-d,centre_torso,,armorresist_ct_additive=15
30909,cougar,cou-d,right_torso,,armorresist_rt_additive=12;internalresist_rt_additive=7;missile_range_multiplier=0.05
30910,cougar,cou-d,right_arm,,armorresist_ra_additive=10
30911,cougar,cou-d,left_leg,,internalresist_ll_additive=16
30912,cougar,cou-d,right_leg,,internalresist_rl_additive=16
30913,cougar,cou-e,head,,
30914,cougar,cou-e,left_arm,,armorresist_la_additive=10
30915,cougar,cou-e,left_torso,,armorresist_lt_additive=12;internalresist_lt_additive=7
30916,cougar,cou-e,centre_torso,,armorresist_ct_additive=15
30917,cougar,cou-e,right_torso,,armorresist_rt_additive=12;internalresist_rt_additive=7
30918,cougar,cou-e,right_arm,,armorresist_ra_additive=10
30919,cougar,cou-e,left_leg,,internalresist_ll_additive=16
30920,cougar,cou-e,right_leg,,internalresist_rl_additive=16
,cougar,cou-e,set_bonus_8,,missile_range_multiplier=0.1
31502,cougar,cou-f,head,,
31503,cougar,cou-f,left_arm,,armorresist_la_additive=10
31504,cougar,cou-f,left_torso,1504;1504;1504,armorresist_lt_additive=12;internalresist_lt_additive=7
31505,cougar,cou-f,centre_torso,,armorresist_ct_additive=15
31506,cougar,cou-f,right_torso,1504;1504,armorresist_rt_additive=12;internalresist_rt_additive=7
31507,cougar,cou-f,right_arm,,armorresist_ra_additive=10
31508,cougar,cou-f,left_leg,,internalresist_ll_additive=16
31509,cougar,cou-f,right_leg,,internalresist_rl_additive=16
,cougar,cou-f,set_bonus_8,,all_range_multiplier=0.1
30921,cougar,cou-h,head,,
30922,cougar,cou-h,left_arm,,armorresist_la_additive=10
30923,cougar,cou-h,left_torso,1504;1504,armorresist_lt_additive=12;internalresist_lt_additive=7
30924,cougar,cou-h,centre_torso,,armorresist_ct_additive=15
30925,cougar,cou-h,right_torso,1504;1504,armorresist_rt_additive=12;internalresist_rt_additive=7
30926,cougar,cou-h,right_arm,,armorresist_ra_additive=10
30927,cougar,cou-h,left_leg,,internalresist_ll_additive=16
30928,cougar,cou-h,right_leg,,internalresist_rl_additive=16
30889,cougar,cou-prime,head,,all_range_multiplier=0.05
30890,cougar,cou-prime,left_arm,,armorresist_la_additive=10
30891,cougar,cou-prime,left_torso,,armorresist_lt_additive=12;internalresist_lt_additive=7;missile_range_multiplier=0.05
30892,cougar,cou-prime,centre_torso,,armorresist_ct_additive=15
30893,cougar,cou-prime,right_torso,,armorresist_rt_additive=12;internalresist_rt_additive=7;missile_range_multiplier=0.05
30894,cougar,cou-prime,right_arm,,armorresist_ra_additive=10;energy_range_multiplier=0.05
30895,cougar,cou-prime,left_leg,,internalresist_ll_additive=16
30896,cougar,cou-prime,right_leg,,internalresist_rl_additive=16
30056,direwolf,dwf-a,head,,
30057,direwolf,dwf-a,left_arm,,armorresist_la_additive=10
30058,direwolf,dwf-a,left_torso,,armorresist_lt_additive=22
30059,direwolf,dwf-a,centre_torso,,armorresist_ct_additive=26
30060,direwolf,dwf-a,right_torso,,armorresist_rt_additive=26
30061,direwolf,dwf-a,right_arm,,internalresist_ra_additive=10
30062,direwolf,dwf-a,left_leg,,
30063,direwolf,dwf-a,right_leg,,
30064,direwolf,dwf-b,head,,
30065,direwolf,dwf-b,left_arm,,internalresist_la_additive=5
30066,direwolf,dwf-b,left_torso,,armorresist_lt_additive=17
30067,direwolf,dwf-b,centre_torso,,armorresist_ct_additive=21
30068,direwolf,dwf-b,right_torso,,armorresist_rt_additive=17
30069,direwolf,dwf-b,right_arm,,armorresist_ra_additive=10
30070,direwolf,dwf-b,left_leg,,internalresist_ll_additive=9
30071,direwolf,dwf-b,right_leg,,internalresist_rl_additive=9
,direwolf,dwf-b,set_bonus_8,,energy_range_multiplier=0.05
31345,direwolf,dwf-c,head,,armorresist_hd_additive=6
31346,direwolf,dwf-c,centre_torso,1500,armorresist_ct_additive=10
31347,direwolf,dwf-c,left_torso,1500,armorresist_lt_additive=17
31348,direwolf,dwf-c,left_leg,,
31349,direwolf,dwf-c,right_torso,1500,armorresist_rt_additive=22
31350,direwolf,dwf-c,right_leg,,
31351,direwolf,dwf-c,right_arm,,armorresist_ra_additive=5
31352,direwolf,dwf-c,left_arm,,armorresist_la_additive=5
30048,direwolf,dwf-prime,head,,
30049,direwolf,dwf-prime,left_arm,,
30050,direwolf,dwf-prime,left_torso,,armorresist_lt_additive=26
30051,direwolf,dwf-prime,centre_torso,,armorresist_ct_additive=26
30052,direwolf,dwf-prime,right_torso,,armorresist_rt_additive=26
30053,direwolf,dwf-prime,right_arm,,
30054,direwolf,dwf-prime,left_leg,,armorresist_ll_additive=9
30055,direwolf,dwf-prime,right_leg,,armorresist_rl_additive=9
30322,direwolf,dwf-s,head,,
30323,direwolf,dwf-s,left_arm,,armorresist_la_additive=10
30324,direwolf,dwf-s,left_torso,1500,armorresist_lt_additive=17
30325,direwolf,dwf-s,centre_torso,1500,armorresist_ct_additive=21
30326,direwolf,dwf-s,right_torso,1500,armorresist_rt_additive=17
30327,direwolf,dwf-s,right_arm,,armorresist_ra_additive=10
30328,direwolf,dwf-s,left_leg,,
30329,direwolf,dwf-s,right_leg,,
30801,direwolf,dwf-uv,head,,
30802,direwolf,dwf-uv,left_arm,,
30803,direwolf,dwf-uv,left_torso,,armorresist_lt_additive=22
30804,direwolf,dwf-uv,centre_torso,,armorresist_ct_additive=24
30805,direwolf,dwf-uv,right_torso,,armorresist_rt_additive=22
30806,direwolf,dwf-uv,right_arm,,
30807,direwolf,dwf-uv,left_leg,,
30808,direwolf,dwf-uv,right_leg,,
30408,direwolf,dwf-w,head,,
30409,direwolf,dwf-w,left_arm,,armorresist_la_additive=10
30410,direwolf,dwf-w,left_torso,,all_range_multiplier=0.05;armorresist_lt_additive=26
30411,direwolf,dwf-w,centre_torso,,armorresist_ct_additive=18
30412,direwolf,dwf-w,right_torso,,armorresist_rt_additive=22
30413,direwolf,dwf-w,right_arm,,armorresist_ra_additive=10
30414,direwolf,dwf-w,left_leg,,
30415,direwolf,dwf-w,right_leg,,
31649,direwolf,dwf-wm,head,,
31650,direwolf,dwf-wm,centre_torso,,armorresist_ct_additive=26
31651,direwolf,dwf-wm,left_torso,,armorresist_lt_additive=28
31652,direwolf,dwf-wm,left_leg,,armorresist_ll_additive=9
31653,direwolf,dwf-wm,right_torso,,armorresist_rt_additive=15
31654,direwolf,dwf-wm,right_leg,,armorresist_rl_additive=9
31655,direwolf,dwf-wm,right_arm,,
31656,direwolf,dwf-wm,left_arm,,
30504,ebonjaguar,ebj-a,head,,
30505,ebonjaguar,ebj-a,left_arm,,armorresist_la_additive=10
30506,ebonjaguar,ebj-a,left_torso,,armorresist_lt_additive=7
30507,ebonjaguar,ebj-a,centre_torso,,armorresist_ct_additive=10
30508,ebonjaguar,ebj-a,right_torso,,armorresist_rt_additive=10
30509,ebonjaguar,ebj-a,right_arm,,armorresist_ra_additive=10
30510,ebonjaguar,ebj-a,left_leg,,armorresist_ll_additive=7
30511,ebonjaguar,ebj-a,right_leg,,armorresist_rl_additive=7
30512,ebonjaguar,ebj-b,head,,
30513,ebonjaguar,ebj-b,left_arm,,armorresist_la_additive=10
30514,ebonjaguar,ebj-b,left_torso,,armorresist_lt_additive=10
30515,ebonjaguar,ebj-b,centre_torso,,armorresist_ct_additive=10
30516,ebonjaguar,ebj-b,right_torso,,armorresist_rt_additive=10
30517,ebonjaguar,ebj-b,right_arm,,armorresist_ra_additive=10
30518,ebonjaguar,ebj-b,left_leg,,armorresist_ll_additive=7
30519,ebonjaguar,ebj-b,right_leg,,armorresist_rl_additive=7
,ebonjaguar,ebj-b,set_bonus_8,,clanpulselaser_range_multiplier=0.15
30520,ebonjaguar,ebj-c,head,,
30521,ebonjaguar,ebj-c,left_arm,,armorresist_la_additive=15
30522,ebonjaguar,ebj-c,left_torso,,armorresist_lt_additive=10
30523,ebonjaguar,ebj-c,centre_torso,,armorresist_ct_additive=10
30524,ebonjaguar,ebj-c,right_torso,,armorresist_rt_additive=10
30525,ebonjaguar,ebj-c,right_arm,,armorresist_ra_additive=15
30526,ebonjaguar,ebj-c,left_leg,,armorresist_ll_additive=7
30527,ebonjaguar,ebj-c,right_leg,,armorresist_rl_additive=7
31049,ebonjaguar,ebj-d,head,,
31050,ebonjaguar,ebj-d,left_arm,,armorresist_la_additive=15
31051,ebonjaguar,ebj-d,left_torso,,armorresist_lt_additive=10
31052,ebonjaguar,ebj-d,centre_torso,,armorresist_ct_additive=10
31053,ebonjaguar,ebj-d,right_torso,,armorresist_rt_additive=10
31054,ebonjaguar,ebj-d,right_arm,,armorresist_ra_additive=15
31055,ebonjaguar,ebj-d,left_leg,,armorresist_ll_additive=7
31056,ebonjaguar,ebj-d,right_leg,,armorresist_rl_additive=7
,ebonjaguar,ebj-d,set_bonus_8,,all_range_multiplier=0.1
30977,ebonjaguar,ebj-ec,head,,
30978,ebonjaguar,ebj-ec,left_arm,,armorresist_la_additive=15
30979,ebonjaguar,ebj-ec,left_torso,,armorresist_lt_additive=10
30980,ebonjaguar,ebj-ec,centre_torso,,armorresist_ct_additive=10
30981,ebonjaguar,ebj-ec,right_torso,,armorresist_rt_additive=10
30982,ebonjaguar,ebj-ec,right_arm,,armorresist_ra_additive=15
30983,ebonjaguar,ebj-ec,left_leg,,armorresist_ll_additive=7
30984,ebonjaguar,ebj-ec,right_leg,,armorresist_rl_additive=7
30496,ebonjaguar,ebj-prime,head,,
30497,ebonjaguar,ebj-prime,left_arm,,armorresist_la_additive=15
30498,ebonjaguar,ebj-prime,left_torso,,armorresist_lt_additive=10
30499,ebonjaguar,ebj-prime,centre_torso,,armorresist_ct_additive=10
30500,ebonjaguar,ebj-prime,right_torso,,armorresist_rt_additive=10
30501,ebonjaguar,ebj-prime,right_arm,,armorresist_ra_additive=15
30502,ebonjaguar,ebj-prime,left_leg,,armorresist_ll_additive=7
30503,ebonjaguar,ebj-prime,right_leg,,armorresist_rl_additive=7
31745,ebonjaguar,ebj-s,head,,
31746,ebonjaguar,ebj-s,left_arm,,armorresist_la_additive=15
31747,ebonjaguar,ebj-s,left_torso,,armorresist_lt_additive=10;energy_range_multiplier=0.05
31748,ebonjaguar,ebj-s,centre_torso,,armorresist_ct_additive=10
31749,ebonjaguar,ebj-s,right_torso,,armorresist_rt_additive=10
31750,ebonjaguar,ebj-s,right_arm,,armorresist_ra_additive=15
31751,ebonjaguar,ebj-s,left_leg,,armorresist_ll_additive=7
31752,ebonjaguar,ebj-s,right_leg,,armorresist_rl_additive=7
30472,executioner,exe-a,head,,
30473,executioner,exe-a,left_arm,,armorresist_la_additive=7
30474,executioner,exe-a,left_torso,,armorresist_lt_additive=15
30475,executioner,exe-a,centre_torso,,armorresist_ct_additive=10
30476,executioner,exe-a,right_torso,,armorresist_rt_additive=10
30477,executioner,exe-a,right_arm,,armorresist_ra_additive=15
30478,executioner,exe-a,left_leg,,
30479,executioner,exe-a,right_leg,,
30480,executioner,exe-b,head,,
30481,executioner,exe-b,left_arm,,armorresist_la_additive=20
30482,executioner,exe-b,left_torso,,armorresist_lt_additive=15
30483,executioner,exe-b,centre_torso,,armorresist_ct_additive=10
30484,executioner,exe-b,right_torso,,armorresist_rt_additive=15
30485,executioner,exe-b,right_arm,,armorresist_ra_additive=20
30486,executioner,exe-b,left_leg,,
30487,executioner,exe-b,right_leg,,
,executioner,exe-b,set_bonus_8,,ballistic_range_multiplier=0.15
31449,executioner,exe-b-a,right_arm,,armorresist_ra_additive=15
31450,executioner,exe-b-a,left_arm,,armorresist_la_additive=15
31433,executioner,exe-b-clgd,centre_torso,,armorresist_ct_additive=20;armorresist_lt_additive=10;armorresist_rt_additive=10
31434,executioner,exe-b-clgd,left_torso,,armorresist_lt_additive=15
31435,executioner,exe-b-clgd,left_arm,,armorresist_la_additive=15
31436,executioner,exe-b-clgd,left_leg,,
31437,executioner,exe-b-clgd,right_leg,,
31438,executioner,exe-b-clgd,right_torso,,armorresist_rt_additive=10
31439,executioner,exe-b-clgd,right_arm,,armorresist_ra_additive=15
31440,executioner,exe-b-clgd,head,,
30600,executioner,exe-c,head,,
30601,executioner,exe-c,left_arm,,armorresist_la_additive=20
30602,executioner,exe-c,left_torso,,armorresist_lt_additive=15
30603,executioner,exe-c,centre_torso,,armorresist_ct_additive=10
30604,executioner,exe-c,right_torso,,armorresist_rt_additive=15
30605,executioner,exe-c,right_arm,,armorresist_ra_additive=20
30606,executioner,exe-c,left_leg,,
30607,executioner,exe-c,right_leg,,
,executioner,exe-c,set_bonus_8,,all_range_multiplier=0.1
31001,executioner,exe-ch,head,,
31002,executioner,exe-ch,left_arm,,armorresist_la_additive=7
31003,executioner,exe-ch,left_torso,,armorresist_lt_additive=10
31004,executioner,exe-ch,centre_torso,,armorresist_ct_additive=10
31005,executioner,exe-ch,right_torso,,armorresist_rt_additive=10
31006,executioner,exe-ch,right_arm,,armorresist_ra_additive=20
31007,executioner,exe-ch,left_leg,,
31008,executioner,exe-ch,right_leg,,
,executioner,exe-ch,set_bonus_8,,mechtopspeed_multiplier=0.075
30488,executioner,exe-d,head,,
30489,executioner,exe-d,left_arm,,armorresist_la_additive=15
30490,executioner,exe-d,left_torso,,armorresist_lt_additive=10
30491,executioner,exe-d,centre_torso,,armorresist_ct_additive=10
30492,executioner,exe-d,right_torso,,armorresist_rt_additive=7
30493,executioner,exe-d,right_arm,,armorresist_ra_additive=7
30494,executioner,exe-d,left_leg,,
30495,executioner,exe-d,right_leg,,
31073,executioner,exe-e,head,,
31074,executioner,exe-e,left_arm,,armorresist_la_additive=15
31075,executioner,exe-e,left_torso,,armorresist_lt_additive=15
31076,executioner,exe-e,centre_torso,,armorresist_ct_additive=10
31077,executioner,exe-e,right_torso,,armorresist_rt_additive=5
31078,executioner,exe-e,right_arm,,armorresist_ra_additive=20
31079,executioner,exe-e,left_leg,,
31080,executioner,exe-e,right_leg,,
31409,executioner,exe-mtsp,centre_torso,,armorresist_ct_additive=10
31410,executioner,exe-mtsp,left_torso,,armorresist_lt_additive=5
31411,executioner,exe-mtsp,left_arm,,armorresist_la_additive=7
31412,executioner,exe-mtsp,left_leg,,
31413,executioner,exe-mtsp,right_leg,,
31414,executioner,exe-mtsp,right_torso,,armorresist_rt_additive=7
31415,executioner,exe-mtsp,right_arm,,armorresist_ra_additive=10
31416,executioner,exe-mtsp,head,,
,executioner,exe-mtsp,set_bonus_8,,energy_range_multiplier=0.05
30464,executioner,exe-prime,head,,
30465,executioner,exe-prime,left_arm,,armorresist_la_additive=20
30466,executioner,exe-prime,left_torso,,armorresist_lt_additive=15
30467,executioner,exe-prime,centre_torso,,armorresist_ct_additive=10
30468,executioner,exe-prime,right_torso,,armorresist_rt_additive=10
30469,executioner,exe-prime,right_arm,,armorresist_ra_additive=20
30470,executioner,exe-prime,left_leg,,
30471,executioner,exe-prime,right_leg,,
31568,firemoth,fmt-al,head,,
31569,firemoth,fmt-al,left_arm,,armorresist_la_additive=18
31570,firemoth,fmt-al,left_torso,,
31571,firemoth,fmt-al,centre_torso,,
31572,firemoth,fmt-al,right_torso,,all_range_multiplier=0.075
31573,firemoth,fmt-al,right_arm,,armorresist_ra_additive=18;energy_range_multiplier=0.05
31574,firemoth,fmt-al,left_leg,,
31575,firemoth,fmt-al,right_leg,,
31528,firemoth,fmt-b,head,,
31529,firemoth,fmt-b,left_arm,,armorresist_la_additive=18;energy_range_multiplier=0.05
31530,firemoth,fmt-b,left_torso,,
31531,firemoth,fmt-b,centre_torso,,
31532,firemoth,fmt-b,right_torso,,
31533,firemoth,fmt-b,right_arm,,armorresist_ra_additive=18
31534,firemoth,fmt-b,left_leg,,
31535,firemoth,fmt-b,right_leg,,
,firemoth,fmt-b,set_bonus_8,,all_range_multiplier=0.15
31536,firemoth,fmt-c,head,,
31537,firemoth,fmt-c,left_arm,,armorresist_la_additive=18
31538,firemoth,fmt-c,left_torso,,
31539,firemoth,fmt-c,centre_torso,,
31540,firemoth,fmt-c,right_torso,,
31541,firemoth,fmt-c,right_arm,,armorresist_ra_additive=18
31542,firemoth,fmt-c,left_leg,,
31543,firemoth,fmt-c,right_leg,,
,firemoth,fmt-c,set_bonus_8,,missile_range_multiplier=0.2
31544,firemoth,fmt-d,head,,
31545,firemoth,fmt-d,left_arm,,armorresist_la_additive=18
31546,firemoth,fmt-d,left_torso,,
31547,firemoth,fmt-d,centre_torso,,
31548,firemoth,fmt-d,right_torso,,
31549,firemoth,fmt-d,right_arm,,armorresist_ra_additive=18
31550,firemoth,fmt-d,left_leg,,
31551,firemoth,fmt-d,right_leg,,
,firemoth,fmt-d,set_bonus_8,,all_range_multiplier=0.05
31552,firemoth,fmt-h,head,,
31553,firemoth,fmt-h,left_arm,,armorresist_la_additive=18
31554,firemoth,fmt-h,left_torso,,
31555,firemoth,fmt-h,centre_torso,,
31556,firemoth,fmt-h,right_torso,,
31557,firemoth,fmt-h,right_arm,,armorresist_ra_additive=18
31558,firemoth,fmt-h,left_leg,,
31559,firemoth,fmt-h,right_leg,,
31560,firemoth,fmt-k,head,,
31561,firemoth,fmt-k,left_arm,,armorresist_la_additive=18
31562,firemoth,fmt-k,left_torso,,all_range_multiplier=0.05
31563,firemoth,fmt-k,centre_torso,,
31564,firemoth,fmt-k,right_torso,,
31565,firemoth,fmt-k,right_arm,,armorresist_ra_additive=18
31566,firemoth,fmt-k,left_leg,,
31567,firemoth,fmt-k,right_leg,,
,firemoth,fmt-k,set_bonus_8,,all_range_multiplier=0.1
31520,firemoth,fmt-prime,head,,
31521,firemoth,fmt-prime,left_arm,,armorresist_la_additive=18
31522,firemoth,fmt-prime,left_torso,,
31523,firemoth,fmt-prime,centre_torso,,
31524,firemoth,fmt-prime,right_torso,,
31525,firemoth,fmt-prime,right_arm,,armorresist_ra_additive=18
31526,firemoth,fmt-prime,left_leg,,
31527,firemoth,fmt-prime,right_leg,,
,firemoth,fmt-prime,set_bonus_8,,energy_range_multiplier=0.15
30298,gargoyle,gar-a,head,,
30299,gargoyle,gar-a,left_arm,,armorresist_la_additive=20
30300,gargoyle,gar-a,left_torso,,armorresist_lt_additive=20
30301,gargoyle,gar-a,centre_torso,,armorresist_ct_additive=20;internalresist_ct_additive=8
30302,gargoyle,gar-a,right_torso,,armorresist_rt_additive=20
30303,gargoyle,gar-a,right_arm,,armorresist_ra_additive=26
30304,gargoyle,gar-a,left_leg,,armorresist_ll_additive=15
30305,gargoyle,gar-a,right_leg,,armorresist_rl_additive=15
30416,gargoyle,gar-b,head,,
30417,gargoyle,gar-b,left_arm,,armorresist_la_additive=26
30418,gargoyle,gar-b,left_torso,,all_range_multiplier=0.05;armorresist_lt_additive=20
30419,gargoyle,gar-b,centre_torso,,armorresist_ct_additive=20;internalresist_ct_additive=8
30420,gargoyle,gar-b,right_torso,,all_range_multiplier=0.05;armorresist_rt_additive=20
30421,gargoyle,gar-b,right_arm,,armorresist_ra_additive=26
30422,gargoyle,gar-b,left_leg,,armorresist_ll_additive=15
30423,gargoyle,gar-b,right_leg,,armorresist_rl_additive=15
,gargoyle,gar-b,set_bonus_8,,all_range_multiplier=0.1
30330,gargoyle,gar-c,head,,
30331,gargoyle,gar-c,left_arm,,armorresist_la_additive=26
30332,gargoyle,gar-c,left_torso,,armorresist_lt_additive=20
30333,gargoyle,gar-c,centre_torso,,armorresist_ct_additive=20;internalresist_ct_additive=8
30334,gargoyle,gar-c,right_torso,,all_range_multiplier=0.1;armorresist_rt_additive=20
30335,gargoyle,gar-c,right_arm,,armorresist_ra_additive=15
30336,gargoyle,gar-c,left_leg,,armorresist_ll_additive=15
30337,gargoyle,gar-c,right_leg,,armorresist_rl_additive=15
30306,gargoyle,gar-d,head,,
30307,gargoyle,gar-d,left_arm,,armorresist_la_additive=26
30308,gargoyle,gar-d,left_torso,,armorresist_lt_additive=20
30309,gargoyle,gar-d,centre_torso,,armorresist_ct_additive=15
30310,gargoyle,gar-d,right_torso,,armorresist_rt_additive=20
30311,gargoyle,gar-d,right_arm,,armorresist_ra_additive=26
30312,gargoyle,gar-d,left_leg,,armorresist_ll_additive=15
30313,gargoyle,gar-d,right_leg,,armorresist_rl_additive=15
31065,gargoyle,gar-e,head,,
31066,gargoyle,gar-e,left_arm,,armorresist_la_additive=26
31067,gargoyle,gar-e,left_torso,,armorresist_lt_additive=10
31068,gargoyle,gar-e,centre_torso,,armorresist_ct_additive=20;internalresist_ct_additive=8
31069,gargoyle,gar-e,right_torso,,armorresist_rt_additive=10
31070,gargoyle,gar-e,right_arm,,armorresist_ra_additive=26
31071,gargoyle,gar-e,left_leg,,armorresist_ll_additive=15
31072,gargoyle,gar-e,right_leg,,armorresist_rl_additive=15
30993,gargoyle,gar-kw,head,,
30994,gargoyle,gar-kw,left_arm,,armorresist_la_additive=26
30995,gargoyle,gar-kw,left_torso,,armorresist_lt_additive=20
30996,gargoyle,gar-kw,centre_torso,,armorresist_ct_additive=20
30997,gargoyle,gar-kw,right_torso,,armorresist_rt_additive=20
30998,gargoyle,gar-kw,right_arm,,armorresist_ra_additive=26
30999,gargoyle,gar-kw,left_leg,,armorresist_ll_additive=15
31000,gargoyle,gar-kw,right_leg,,armorresist_rl_additive=15
31632,gargoyle,gar-m,head,,
31633,gargoyle,gar-m,left_arm,,armorresist_la_additive=15
31634,gargoyle,gar-m,left_torso,1508;1508,armorresist_lt_additive=15
31635,gargoyle,gar-m,centre_torso,,armorresist_ct_additive=20;internalresist_ct_additive=8
31636,gargoyle,gar-m,right_torso,,armorresist_rt_additive=5
31637,gargoyle,gar-m,right_arm,,armorresist_ra_additive=20
31638,gargoyle,gar-m,left_leg,,armorresist_ll_additive=15
31639,gargoyle,gar-m,right_leg,,armorresist_rl_additive=15
31640,gargoyle,gar-p,right_torso,1508;1508,armorresist_rt_additive=15
30290,gargoyle,gar-prime,head,,
30291,gargoyle,gar-prime,left_arm,,armorresist_la_additive=26
30292,gargoyle,gar-prime,left_torso,,armorresist_lt_additive=20
30293,gargoyle,gar-prime,centre_torso,,armorresist_ct_additive=20
30294,gargoyle,gar-prime,right_torso,,armorresist_rt_additive=20
30295,gargoyle,gar-prime,right_arm,,armorresist_ra_additive=26
30296,gargoyle,gar-prime,left_leg,,armorresist_ll_additive=15
30297,gargoyle,gar-prime,right_leg,,armorresist_rl_additive=15
31592,gauntlet,gtl-1o,head,,
31593,gauntlet,gtl-1o,left_arm,,armorresist_la_additive=20
31594,gauntlet,gtl-1o,left_torso,,armorresist_lt_additive=15
31595,gauntlet,gtl-1o,centre_torso,,armorresist_ct_additive=15
31596,gauntlet,gtl-1o,right_torso,,armorresist_rt_additive=10
31597,gauntlet,gtl-1o,right_arm,,armorresist_ra_additive=20
31598,gauntlet,gtl-1o,left_leg,,armorresist_ll_additive=8
31599,gauntlet,gtl-1o,right_leg,,armorresist_rl_additive=8
,gauntlet,gtl-1o,set_bonus_8,,armorresist_la_additive=5;armorresist_ra_additive=5;mechtopspeed_multiplier=0.1
31600,gauntlet,gtl-1oa,head,,
31601,gauntlet,gtl-1oa,left_arm,,armorresist_la_additive=20
31602,gauntlet,gtl-1oa,left_torso,,armorresist_lt_additive=10
31603,gauntlet,gtl-1oa,centre_torso,,armorresist_ct_additive=30
31604,gauntlet,gtl-1oa,right_torso,,armorresist_rt_additive=10
31605,gauntlet,gtl-1oa,right_arm,,armorresist_ra_additive=20
31606,gauntlet,gtl-1oa,left_leg,,armorresist_ll_additive=8
31607,gauntlet,gtl-1oa,right_leg,,armorresist_rl_additive=8
31608,gauntlet,gtl-1ob,head,,
31609,gauntlet,gtl-1ob,left_arm,,armorresist_la_additive=10;internalresist_la_additive=5
31610,gauntlet,gtl-1ob,left_torso,,armorresist_lt_additive=15
31611,gauntlet,gtl-1ob,centre_torso,1503,armorresist_ct_additive=20
31612,gauntlet,gtl-1ob,right_torso,,
31613,gauntlet,gtl-1ob,right_arm,,armorresist_ra_additive=10;internalresist_ra_additive=5
31614,gauntlet,gtl-1ob,left_leg,1503;1503,
31615,gauntlet,gtl-1ob,right_leg,1503;1503,
31616,gauntlet,gtl-1oc,head,,
31617,gauntlet,gtl-1oc,left_arm,,armorresist_la_additive=20
31618,gauntlet,gtl-1oc,left_torso,,armorresist_lt_additive=15
31619,gauntlet,gtl-1oc,centre_torso,,armorresist_ct_additive=30
31620,gauntlet,gtl-1oc,right_torso,,armorresist_rt_additive=10
31621,gauntlet,gtl-1oc,right_arm,,armorresist_ra_additive=20
31622,gauntlet,gtl-1oc,left_leg,,armorresist_ll_additive=8
31623,gauntlet,gtl-1oc,right_leg,,armorresist_rl_additive=8
,gauntlet,gtl-1oc,set_bonus_8,,all_range_multiplier=0.1;armorresist_la_additive=10;armorresist_ra_additive=10
30274,hellbringer,hbr-a,head,,
30275,hellbringer,hbr-a,left_arm,,armorresist_la_additive=7
30276,hellbringer,hbr-a,left_torso,,armorresist_lt_additive=16
30277,hellbringer,hbr-a,centre_torso,,
30278,hellbringer,hbr-a,right_torso,,armorresist_rt_additive=16
30279,hellbringer,hbr-a,right_arm,,armorresist_ra_additive=20
30280,hellbringer,hbr-a,left_leg,,
30281,hellbringer,hbr-a,right_leg,,
31657,hellbringer,hbr-ah,head,,
31658,hellbringer,hbr-ah,left_arm,,armorresist_la_additive=15
31659,hellbringer,hbr-ah,left_torso,,armorresist_lt_additive=23
31660,hellbringer,hbr-ah,centre_torso,,
31661,hellbringer,hbr-ah,right_torso,,armorresist_rt_additive=23
31662,hellbringer,hbr-ah,right_arm,,armorresist_ra_additive=5
31663,hellbringer,hbr-ah,left_leg,,
31664,hellbringer,hbr-ah,right_leg,,
30282,hellbringer,hbr-b,head,,
30283,hellbringer,hbr-b,left_arm,,armorresist_la_additive=20
30284,hellbringer,hbr-b,left_torso,,armorresist_lt_additive=13
30285,hellbringer,hbr-b,centre_torso,,
30286,hellbringer,hbr-b,right_torso,,armorresist_rt_additive=16
30287,hellbringer,hbr-b,right_arm,,armorresist_ra_additive=20
30288,hellbringer,hbr-b,left_leg,,
30289,hellbringer,hbr-b,right_leg,,
,hellbringer,hbr-b,set_bonus_8,,armorresist_ct_additive=8;armorresist_lt_additive=5;armorresist_rt_additive=5
30752,hellbringer,hbr-fl,head,,
30753,hellbringer,hbr-fl,left_arm,,armorresist_la_additive=15
30754,hellbringer,hbr-fl,left_torso,,armorresist_lt_additive=8
30755,hellbringer,hbr-fl,centre_torso,,
30756,hellbringer,hbr-fl,right_torso,,armorresist_rt_additive=16
30757,hellbringer,hbr-fl,right_arm,,armorresist_ra_additive=15
30758,hellbringer,hbr-fl,left_leg,,
30759,hellbringer,hbr-fl,right_leg,,
,hellbringer,hbr-fl,set_bonus_8,,armorresist_ct_additive=8;armorresist_lt_additive=10;armorresist_rt_additive=5
31057,hellbringer,hbr-p,head,,
31058,hellbringer,hbr-p,left_arm,,armorresist_la_additive=7
31059,hellbringer,hbr-p,left_torso,,armorresist_lt_additive=16
31060,hellbringer,hbr-p,centre_torso,,
31061,hellbringer,hbr-p,right_torso,,armorresist_rt_additive=8
31062,hellbringer,hbr-p,right_arm,,armorresist_ra_additive=15
31063,hellbringer,hbr-p,left_leg,,
31064,hellbringer,hbr-p,right_leg,,
30266,hellbringer,hbr-prime,head,,
30267,hellbringer,hbr-prime,left_arm,,armorresist_la_additive=15
30268,hellbringer,hbr-prime,left_torso,,armorresist_lt_additive=8
30269,hellbringer,hbr-prime,centre_torso,,
30270,hellbringer,hbr-prime,right_torso,,armorresist_rt_additive=16
30271,hellbringer,hbr-prime,right_arm,,armorresist_ra_additive=15
30272,hellbringer,hbr-prime,left_leg,,
30273,hellbringer,hbr-prime,right_leg,,
,hellbringer,hbr-prime,set_bonus_8,,ballistic_range_multiplier=0.15
30985,hellbringer,hbr-vi,head,,
30986,hellbringer,hbr-vi,left_arm,,armorresist_la_additive=7
30987,hellbringer,hbr-vi,left_torso,,all_range_multiplier=0.1;armorresist_lt_additive=8
30988,hellbringer,hbr-vi,centre_torso,,
30989,hellbringer,hbr-vi,right_torso,,armorresist_rt_additive=8
30990,hellbringer,hbr-vi,right_arm,,armorresist_ra_additive=20
30991,hellbringer,hbr-vi,left_leg,,
30992,hellbringer,hbr-vi,right_leg,,
30712,huntsman,hmn-a,head,,
30713,huntsman,hmn-a,left_arm,,armorresist_la_additive=9
30714,huntsman,hmn-a,left_torso,,armorresist_lt_additive=5
30715,huntsman,hmn-a,centre_torso,,armorresist_ct_additive=5
30716,huntsman,hmn-a,right_torso,,armorresist_rt_additive=5
30717,huntsman,hmn-a,right_arm,,armorresist_ra_additive=9
30718,huntsman,hmn-a,left_leg,,armorresist_ll_additive=6
30719,huntsman,hmn-a,right_leg,,armorresist_rl_additive=6
,huntsman,hmn-a,set_bonus_8,,pulselaser_range_multiplier=0.1
30720,huntsman,hmn-b,head,,
30721,huntsman,hmn-b,left_arm,,armorresist_la_additive=12
30722,huntsman,hmn-b,left_torso,,all_range_multiplier=0.05;armorresist_lt_additive=5
30723,huntsman,hmn-b,centre_torso,,armorresist_ct_additive=5
30724,huntsman,hmn-b,right_torso,,armorresist_rt_additive=5
30725,huntsman,hmn-b,right_arm,,
30726,huntsman,hmn-b,left_leg,,armorresist_ll_additive=6
30727,huntsman,hmn-b,right_leg,,armorresist_rl_additive=6
30728,huntsman,hmn-c,head,,
30729,huntsman,hmn-c,left_arm,,armorresist_la_additive=12
30730,huntsman,hmn-c,left_torso,,armorresist_lt_additive=5
30731,huntsman,hmn-c,centre_torso,,armorresist_ct_additive=5
30732,huntsman,hmn-c,right_torso,,armorresist_rt_additive=5
30733,huntsman,hmn-c,right_arm,,armorresist_ra_additive=12
30734,huntsman,hmn-c,left_leg,,armorresist_ll_additive=6
30735,huntsman,hmn-c,right_leg,,armorresist_rl_additive=6
31665,huntsman,hmn-h,head,,
31666,huntsman,hmn-h,left_arm,,
31667,huntsman,hmn-h,left_torso,,armorresist_lt_additive=5
31668,huntsman,hmn-h,centre_torso,,armorresist_ct_additive=5
31669,huntsman,hmn-h,right_torso,,armorresist_rt_additive=5
31670,huntsman,hmn-h,right_arm,,
31671,huntsman,hmn-h,left_leg,,armorresist_ll_additive=6
31672,huntsman,hmn-h,right_leg,,armorresist_rl_additive=6
30736,huntsman,hmn-p,head,,
30737,huntsman,hmn-p,left_arm,,armorresist_la_additive=5
30738,huntsman,hmn-p,left_torso,,armorresist_lt_additive=5;ballistic_range_multiplier=0.05
30739,huntsman,hmn-p,centre_torso,,armorresist_ct_additive=5
30740,huntsman,hmn-p,right_torso,,armorresist_rt_additive=5
30741,huntsman,hmn-p,right_arm,,armorresist_ra_additive=5
30742,huntsman,hmn-p,left_leg,,armorresist_ll_additive=6
30743,huntsman,hmn-p,right_leg,,armorresist_rl_additive=6
,huntsman,hmn-p,set_bonus_8,,erlaser_range_multiplier=0.05
30744,huntsman,hmn-pa,head,,
30745,huntsman,hmn-pa,left_arm,,armorresist_la_additive=9
30746,huntsman,hmn-pa,left_torso,,armorresist_lt_additive=5
30747,huntsman,hmn-pa,centre_torso,,armorresist_ct_additive=5
30748,huntsman,hmn-pa,right_torso,,armorresist_rt_additive=5
30749,huntsman,hmn-pa,right_arm,,
30750,huntsman,hmn-pa,left_leg,,armorresist_ll_additive=6
30751,huntsman,hmn-pa,right_leg,,armorresist_rl_additive=6
30704,huntsman,hmn-prime,head,,
30705,huntsman,hmn-prime,left_arm,,
30706,huntsman,hmn-prime,left_torso,,armorresist_lt_additive=5
30707,huntsman,hmn-prime,centre_torso,,armorresist_ct_additive=5
30708,huntsman,hmn-prime,right_torso,,armorresist_rt_additive=5
30709,huntsman,hmn-prime,right_arm,,
30710,huntsman,hmn-prime,left_leg,,armorresist_ll_additive=6
30711,huntsman,hmn-prime,right_leg,,armorresist_rl_additive=6
30226,iceferret,ifr-a,head,,
30227,iceferret,ifr-a,left_arm,,armorresist_la_additive=21
30228,iceferret,ifr-a,left_torso,,internalresist_lt_additive=11
30229,iceferret,ifr-a,centre_torso,,internalresist_ct_additive=13
30230,iceferret,ifr-a,right_torso,,internalresist_rt_additive=11
30231,iceferret,ifr-a,right_arm,,armorresist_ra_additive=20
30232,iceferret,ifr-a,left_leg,,internalresist_ll_additive=11
30233,iceferret,ifr-a,right_leg,,internalresist_rl_additive=11
30424,iceferret,ifr-b,head,,
30425,iceferret,ifr-b,left_arm,,armorresist_la_additive=20
30426,iceferret,ifr-b,left_torso,,internalresist_lt_additive=11
30427,iceferret,ifr-b,centre_torso,,internalresist_ct_additive=13
30428,iceferret,ifr-b,right_torso,,internalresist_rt_additive=11
30429,iceferret,ifr-b,right_arm,,armorresist_ra_additive=20
30430,iceferret,ifr-b,left_leg,,internalresist_ll_additive=11
30431,iceferret,ifr-b,right_leg,,internalresist_rl_additive=11
30234,iceferret,ifr-c,head,,
30235,iceferret,ifr-c,left_arm,,armorresist_la_additive=20
30236,iceferret,ifr-c,left_torso,,internalresist_lt_additive=11
30237,iceferret,ifr-c,centre_torso,,internalresist_ct_additive=13
30238,iceferret,ifr-c,right_torso,,internalresist_rt_additive=11
30239,iceferret,ifr-c,right_arm,,armorresist_ra_additive=20
30240,iceferret,ifr-c,left_leg,,internalresist_ll_additive=11
30241,iceferret,ifr-c,right_leg,,internalresist_rl_additive=11
30338,iceferret,ifr-d,head,,
30339,iceferret,ifr-d,left_arm,,armorresist_la_additive=20;clanantimissilesystem_range_multiplier=0.1
30340,iceferret,ifr-d,left_torso,,internalresist_lt_additive=11
30341,iceferret,ifr-d,centre_torso,,internalresist_ct_additive=13
30342,iceferret,ifr-d,right_torso,,internalresist_rt_additive=11
30343,iceferret,ifr-d,right_arm,,armorresist_ra_additive=20
30344,iceferret,ifr-d,left_leg,,internalresist_ll_additive=11
30345,iceferret,ifr-d,right_leg,,internalresist_rl_additive=11
,iceferret,ifr-d,set_bonus_8,,energy_range_multiplier=0.05
31425,iceferret,ifr-jl,head,,
31426,iceferret,ifr-jl,centre_torso,,internalresist_ct_additive=5;internalresist_lt_additive=-6;internalresist_rt_additive=-6
31427,iceferret,ifr-jl,left_torso,,internalresist_lt_additive=11
31428,iceferret,ifr-jl,left_arm,,armorresist_la_additive=10
31429,iceferret,ifr-jl,left_leg,,internalresist_ll_additive=11
31430,iceferret,ifr-jl,right_torso,,internalresist_rt_additive=11
31431,iceferret,ifr-jl,right_leg,,internalresist_rl_additive=11
31432,iceferret,ifr-jl,right_arm,,armorresist_ra_additive=10
,iceferret,ifr-jl,set_bonus_8,,clanmachinegun_range_multiplier=0.2
31025,iceferret,ifr-p,head,,
31026,iceferret,ifr-p,left_arm,,armorresist_la_additive=20
31027,iceferret,ifr-p,left_torso,,internalresist_lt_additive=11
31028,iceferret,ifr-p,centre_torso,,internalresist_ct_additive=13
31029,iceferret,ifr-p,right_torso,,internalresist_rt_additive=11
31030,iceferret,ifr-p,right_arm,,armorresist_ra_additive=20
31031,iceferret,ifr-p,left_leg,,internalresist_ll_additive=11
31032,iceferret,ifr-p,right_leg,,internalresist_rl_additive=11
30218,iceferret,ifr-prime,head,,
30219,iceferret,ifr-prime,left_arm,,armorresist_la_additive=20
30220,iceferret,ifr-prime,left_torso,,internalresist_lt_additive=11
30221,iceferret,ifr-prime,centre_torso,,internalresist_ct_additive=13
30222,iceferret,ifr-prime,right_torso,,armorresist_rt_additive=11
30223,iceferret,ifr-prime,right_arm,,armorresist_ra_additive=20
30224,iceferret,ifr-prime,left_leg,,internalresist_ll_additive=11
30225,iceferret,ifr-prime,right_leg,,internalresist_rl_additive=11
,iceferret,ifr-prime,set_bonus_8,,clanppc_range_multiplier=0.1
30953,iceferret,ifr-rc,head,,
30954,iceferret,ifr-rc,left_arm,,armorresist_la_additive=20
30955,iceferret,ifr-rc,left_torso,,internalresist_lt_additive=11
30956,iceferret,ifr-rc,centre_torso,,internalresist_ct_additive=13
30957,iceferret,ifr-rc,right_torso,,internalresist_rt_additive=11
30958,iceferret,ifr-rc,right_arm,,armorresist_ra_additive=20
30959,iceferret,ifr-rc,left_leg,,internalresist_ll_additive=11
30960,iceferret,ifr-rc,right_leg,,internalresist_rl_additive=11
,iceferret,ifr-rc,set_bonus_8,,energy_range_multiplier=0.1
30192,kitfox,kfx-c,right_arm,,armorresist_ra_additive=7;internalresist_ra_additive=10;tag_range_multiplier=0.15
30346,kitfox,kfx-c,head,,
30347,kitfox,kfx-c,left_arm,,armorresist_la_additive=20
30348,kitfox,kfx-c,left_torso,,all_range_multiplier=0.05;internalresist_lt_additive=15
30349,kitfox,kfx-c,centre_torso,,internalresist_ct_additive=15
30350,kitfox,kfx-c,right_torso,,all_range_multiplier=0.05;internalresist_rt_additive=15
30351,kitfox,kfx-c,left_leg,,internalresist_ll_additive=14
30352,kitfox,kfx-c,right_leg,,internalresist_rl_additive=14
,kitfox,kfx-c,set_bonus_8,,clanantimissilesystem_range_multiplier=0.1;energy_range_multiplier=0.1
30080,kitfox,kfx-d,head,,
30081,kitfox,kfx-d,left_arm,,armorresist_la_additive=20
30082,kitfox,kfx-d,left_torso,,all_range_multiplier=0.05;internalresist_lt_additive=15
30083,kitfox,kfx-d,centre_torso,,internalresist_ct_additive=15
30084,kitfox,kfx-d,right_torso,,all_range_multiplier=0.05;internalresist_rt_additive=15
30085,kitfox,kfx-d,right_arm,,armorresist_ra_additive=20
30086,kitfox,kfx-d,left_leg,,internalresist_ll_additive=14
30087,kitfox,kfx-d,right_leg,,internalresist_rl_additive=14
31153,kitfox,kfx-g,head,,
31154,kitfox,kfx-g,left_arm,,armorresist_la_additive=20;tag_range_multiplier=0.25
31155,kitfox,kfx-g,left_torso,,internalresist_lt_additive=10
31156,kitfox,kfx-g,centre_torso,,internalresist_ct_additive=15
31157,kitfox,kfx-g,right_torso,,internalresist_rt_additive=10
31158,kitfox,kfx-g,right_arm,,armorresist_ra_additive=20
31159,kitfox,kfx-g,left_leg,,internalresist_ll_additive=14
31160,kitfox,kfx-g,right_leg,,internalresist_rl_additive=14
31385,kitfox,kfx-p,head,,
31386,kitfox,kfx-p,left_arm,,armorresist_la_additive=20
31387,kitfox,kfx-p,left_torso,,internalresist_lt_additive=10
31388,kitfox,kfx-p,centre_torso,,internalresist_ct_additive=15
31389,kitfox,kfx-p,right_torso,,internalresist_rt_additive=10
31390,kitfox,kfx-p,right_arm,,armorresist_ra_additive=20
31391,kitfox,kfx-p,left_leg,,internalresist_ll_additive=14
31392,kitfox,kfx-p,right_leg,,internalresist_rl_additive=14
,kitfox,kfx-p,set_bonus_8,,energy_range_multiplier=0.075
30809,kitfox,kfx-pr,head,,
30810,kitfox,kfx-pr,left_arm,,armorresist_la_additive=20;clanmachinegun_range_multiplier=0.05
30811,kitfox,kfx-pr,left_torso,,internalresist_lt_additive=6
30812,kitfox,kfx-pr,centre_torso,,internalresist_ct_additive=15
30813,kitfox,kfx-pr,right_torso,,internalresist_rt_additive=6
30814,kitfox,kfx-pr,right_arm,,armorresist_ra_additive=20;ballistic_range_multiplier=0.1;clanmachinegun_range_multiplier=0.05
30815,kitfox,kfx-pr,left_leg,,internalresist_ll_additive=14
30816,kitfox,kfx-pr,right_leg,,internalresist_rl_additive=14
,kitfox,kfx-pr,set_bonus_8,,energy_range_multiplier=0.1
30072,kitfox,kfx-prime,head,,
30073,kitfox,kfx-prime,left_arm,,armorresist_la_additive=20
30074,kitfox,kfx-prime,left_torso,,all_range_multiplier=0.05;internalresist_lt_additive=15
30075,kitfox,kfx-prime,centre_torso,,internalresist_ct_additive=15
30076,kitfox,kfx-prime,right_torso,,all_range_multiplier=0.05;internalresist_rt_additive=15
30077,kitfox,kfx-prime,right_arm,,armorresist_ra_additive=20;ballistic_range_multiplier=0.1
30078,kitfox,kfx-prime,left_leg,,internalresist_ll_additive=14
30079,kitfox,kfx-prime,right_leg,,internalresist_rl_additive=14
,kitfox,kfx-prime,set_bonus_8,,energy_range_multiplier=0.1
30088,kitfox,kfx-s,head,,
30089,kitfox,kfx-s,left_arm,,armorresist_la_additive=20
30090,kitfox,kfx-s,left_torso,1504,internalresist_lt_additive=10
30091,kitfox,kfx-s,centre_torso,,internalresist_ct_additive=15
30092,kitfox,kfx-s,right_torso,1504,internalresist_rt_additive=10
30093,kitfox,kfx-s,right_arm,,armorresist_ra_additive=20
30094,kitfox,kfx-s,left_leg,1504;1504,internalresist_ll_additive=7
30095,kitfox,kfx-s,right_leg,1504;1504,internalresist_rl_additive=7
30849,linebacker,lbk-a,head,,
30850,linebacker,lbk-a,left_arm,,armorresist_la_additive=8
30851,linebacker,lbk-a,left_torso,,armorresist_lt_additive=20
30852,linebacker,lbk-a,centre_torso,,armorresist_ct_additive=20
30853,linebacker,lbk-a,right_torso,,armorresist_rt_additive=16
30854,linebacker,lbk-a,right_arm,,armorresist_ra_additive=8
30855,linebacker,lbk-a,left_leg,,internalresist_ll_additive=15
30856,linebacker,lbk-a,right_leg,,internalresist_rl_additive=15
,linebacker,lbk-a,set_bonus_8,,mechtopspeed_multiplier=0.075
30857,linebacker,lbk-b,head,,
30858,linebacker,lbk-b,left_arm,,
30859,linebacker,lbk-b,left_torso,,armorresist_lt_additive=20
30860,linebacker,lbk-b,centre_torso,,armorresist_ct_additive=20
30861,linebacker,lbk-b,right_torso,,armorresist_rt_additive=20
30862,linebacker,lbk-b,right_arm,,armorresist_ra_additive=8
30863,linebacker,lbk-b,left_leg,,internalresist_ll_additive=15
30864,linebacker,lbk-b,right_leg,,internalresist_rl_additive=15
,linebacker,lbk-b,set_bonus_8,,mechtopspeed_multiplier=0.075
30865,linebacker,lbk-c,head,,
30866,linebacker,lbk-c,left_arm,,
30867,linebacker,lbk-c,left_torso,,armorresist_lt_additive=9;internalresist_lt_additive=5
30868,linebacker,lbk-c,centre_torso,,armorresist_ct_additive=20
30869,linebacker,lbk-c,right_torso,,armorresist_rt_additive=16
30870,linebacker,lbk-c,right_arm,,armorresist_ra_additive=8
30871,linebacker,lbk-c,left_leg,,internalresist_ll_additive=15
30872,linebacker,lbk-c,right_leg,,internalresist_rl_additive=15
,linebacker,lbk-c,set_bonus_8,,mechtopspeed_multiplier=0.075
30873,linebacker,lbk-d,head,,
30874,linebacker,lbk-d,left_arm,,missile_range_multiplier=0.05
30875,linebacker,lbk-d,left_torso,,armorresist_lt_additive=16
30876,linebacker,lbk-d,centre_torso,,armorresist_ct_additive=20
30877,linebacker,lbk-d,right_torso,,armorresist_rt_additive=20;energy_range_multiplier=0.05
30878,linebacker,lbk-d,right_arm,,missile_range_multiplier=0.05
30879,linebacker,lbk-d,left_leg,,internalresist_ll_additive=15
30880,linebacker,lbk-d,right_leg,,internalresist_rl_additive=15
,linebacker,lbk-d,set_bonus_8,,mechtopspeed_multiplier=0.075;missile_range_multiplier=0.1
31161,linebacker,lbk-h,head,,
31162,linebacker,lbk-h,left_arm,,armorresist_la_additive=8
31163,linebacker,lbk-h,left_torso,1502;1502;1502,armorresist_lt_additive=16
31164,linebacker,lbk-h,centre_torso,,armorresist_ct_additive=15
31165,linebacker,lbk-h,right_torso,1502;1502;1502,armorresist_rt_additive=16
31166,linebacker,lbk-h,right_arm,,armorresist_ra_additive=8
31167,linebacker,lbk-h,left_leg,,internalresist_ll_additive=15
31168,linebacker,lbk-h,right_leg,,internalresist_rl_additive=15
,linebacker,lbk-h,set_bonus_8,,clanmediumlaserfamily_range_multiplier=0.25;energy_range_multiplier=0.05;mechtopspeed_multiplier=0.075
30841,linebacker,lbk-prime,head,,
30842,linebacker,lbk-prime,left_arm,,armorresist_la_additive=8
30843,linebacker,lbk-prime,left_torso,,armorresist_lt_additive=20
30844,linebacker,lbk-prime,centre_torso,,armorresist_ct_additive=20
30845,linebacker,lbk-prime,right_torso,,armorresist_rt_additive=20
30846,linebacker,lbk-prime,right_arm,,armorresist_ra_additive=8
30847,linebacker,lbk-prime,left_leg,,internalresist_ll_additive=15
30848,linebacker,lbk-prime,right_leg,,internalresist_rl_additive=15
,linebacker,lbk-prime,set_bonus_8,,mechtopspeed_multiplier=0.075;missile_range_multiplier=0.2
30881,linebacker,lbk-rl,head,,
30882,linebacker,lbk-rl,left_arm,,armorresist_la_additive=8
30883,linebacker,lbk-rl,left_torso,,armorresist_lt_additive=16
30884,linebacker,lbk-rl,centre_torso,,armorresist_ct_additive=20
30885,linebacker,lbk-rl,right_torso,,armorresist_rt_additive=9;internalresist_rt_additive=5
30886,linebacker,lbk-rl,right_arm,,armorresist_ra_additive=8;missile_range_multiplier=0.05
30887,linebacker,lbk-rl,left_leg,,internalresist_ll_additive=15
30888,linebacker,lbk-rl,right_leg,,internalresist_rl_additive=15
,linebacker,lbk-rl,set_bonus_8,,mechtopspeed_multiplier=0.075
30202,maddog,mdd-a,head,,
30203,maddog,mdd-a,left_arm,,armorresist_la_additive=20
30204,maddog,mdd-a,left_torso,,armorresist_lt_additive=10
30205,maddog,mdd-a,centre_torso,,armorresist_ct_additive=12
30206,maddog,mdd-a,right_torso,,armorresist_rt_additive=10
30207,maddog,mdd-a,right_arm,,armorresist_ra_additive=15
30208,maddog,mdd-a,left_leg,,
30209,maddog,mdd-a,right_leg,,
30210,maddog,mdd-b,head,,
30211,maddog,mdd-b,left_arm,,armorresist_la_additive=10
30212,maddog,mdd-b,left_torso,,armorresist_lt_additive=15
30213,maddog,mdd-b,centre_torso,,armorresist_ct_additive=12
30214,maddog,mdd-b,right_torso,,armorresist_rt_additive=10
30215,maddog,mdd-b,right_arm,,armorresist_ra_additive=6
30216,maddog,mdd-b,left_leg,,
30217,maddog,mdd-b,right_leg,,
30969,maddog,mdd-ba,head,,
30970,maddog,mdd-ba,left_arm,,armorresist_la_additive=10
30971,maddog,mdd-ba,left_torso,,armorresist_lt_additive=15
30972,maddog,mdd-ba,centre_torso,,armorresist_ct_additive=12
30973,maddog,mdd-ba,right_torso,,armorresist_rt_additive=15
30974,maddog,mdd-ba,right_arm,,armorresist_ra_additive=10
30975,maddog,mdd-ba,left_leg,,
30976,maddog,mdd-ba,right_leg,,
30353,maddog,mdd-c,head,,
30354,maddog,mdd-c,left_arm,,armorresist_la_additive=20
30355,maddog,mdd-c,left_torso,,armorresist_lt_additive=25
30356,maddog,mdd-c,centre_torso,,armorresist_ct_additive=12
30357,maddog,mdd-c,right_torso,,armorresist_rt_additive=25
30358,maddog,mdd-c,right_arm,,armorresist_ra_additive=20
30359,maddog,mdd-c,left_leg,,
30360,maddog,mdd-c,right_leg,,
,maddog,mdd-c,set_bonus_8,,critchance_receiving_multiplier=-0.15
31041,maddog,mdd-h,head,,
31042,maddog,mdd-h,left_arm,,armorresist_la_additive=6
31043,maddog,mdd-h,left_torso,,armorresist_lt_additive=15
31044,maddog,mdd-h,centre_torso,,armorresist_ct_additive=12
31045,maddog,mdd-h,right_torso,,armorresist_rt_additive=15
31046,maddog,mdd-h,right_arm,,armorresist_ra_additive=15;energy_range_multiplier=0.05
31047,maddog,mdd-h,left_leg,,
31048,maddog,mdd-h,right_leg,,
30194,maddog,mdd-prime,head,,
30195,maddog,mdd-prime,left_arm,,armorresist_la_additive=10
30196,maddog,mdd-prime,left_torso,,armorresist_lt_additive=15
30197,maddog,mdd-prime,centre_torso,,armorresist_ct_additive=12
30198,maddog,mdd-prime,right_torso,,armorresist_rt_additive=15
30199,maddog,mdd-prime,right_arm,,armorresist_ra_additive=10
30200,maddog,mdd-prime,left_leg,,
30201,maddog,mdd-prime,right_leg,,
31273,maddog,mdd-rv,head,,
31274,maddog,mdd-rv,left_arm,,armorresist_la_additive=15
31275,maddog,mdd-rv,left_torso,,armorresist_lt_additive=10
31276,maddog,mdd-rv,centre_torso,,armorresist_ct_additive=7
31277,maddog,mdd-rv,right_torso,,armorresist_rt_additive=10
31278,maddog,mdd-rv,right_arm,,armorresist_ra_additive=15;energy_range_multiplier=0.05
31279,maddog,mdd-rv,left_leg,,
31280,maddog,mdd-rv,right_leg,,
31576,maddog,mdd-si,head,,
31577,maddog,mdd-si,left_arm,,armorresist_la_additive=25
31578,maddog,mdd-si,left_torso,1502;1502,armorresist_lt_additive=10
31579,maddog,mdd-si,centre_torso,,armorresist_ct_additive=12
31580,maddog,mdd-si,right_torso,1502;1502,armorresist_rt_additive=10
31581,maddog,mdd-si,right_arm,,armorresist_ra_additive=25
31582,maddog,mdd-si,left_leg,,
31583,maddog,mdd-si,right_leg,,
31753,maddog,mdd-v,head,,
31754,maddog,mdd-v,left_arm,,armorresist_la_additive=25
31755,maddog,mdd-v,left_torso,1266,armorresist_lt_additive=15
31756,maddog,mdd-v,centre_torso,,armorresist_ct_additive=12
31757,maddog,mdd-v,right_torso,1266,armorresist_rt_additive=15
31758,maddog,mdd-v,right_arm,,armorresist_ra_additive=25
31759,maddog,mdd-v,left_leg,,
31760,maddog,mdd-v,right_leg,,
30361,mistlynx,mlx-a,head,,
30362,mistlynx,mlx-a,left_arm,,armorresist_la_additive=24;clanantimissilesystem_range_multiplier=0.1;tag_range_multiplier=0.2
30363,mistlynx,mlx-a,left_torso,,armorresist_lt_additive=8
30364,mistlynx,mlx-a,centre_torso,,armorresist_ct_additive=7
30365,mistlynx,mlx-a,right_torso,,armorresist_rt_additive=8
30366,mistlynx,mlx-a,right_arm,,armorresist_ra_additive=24
30367,mistlynx,mlx-a,left_leg,,internalresist_ll_additive=12
30368,mistlynx,mlx-a,right_leg,,internalresist_rl_additive=12
,mistlynx,mlx-a,set_bonus_8,,armorresist_lt_additive=7;armorresist_rt_additive=7
30250,mistlynx,mlx-b,head,,
30251,mistlynx,mlx-b,left_arm,,armorresist_la_additive=16;internalresist_la_additive=8
30252,mistlynx,mlx-b,left_torso,,armorresist_lt_additive=8
30253,mistlynx,mlx-b,centre_torso,,armorresist_ct_additive=7
30254,mistlynx,mlx-b,right_torso,,armorresist_rt_additive=8
30255,mistlynx,mlx-b,right_arm,,armorresist_ra_additive=24
30256,mistlynx,mlx-b,left_leg,,internalresist_ll_additive=12
30257,mistlynx,mlx-b,right_leg,,internalresist_rl_additive=12
,mistlynx,mlx-b,set_bonus_8,,armorresist_lt_additive=7;armorresist_rt_additive=7;missile_range_multiplier=0.15
30258,mistlynx,mlx-c,head,,
30259,mistlynx,mlx-c,left_arm,,armorresist_la_additive=24;clanantimissilesystem_range_multiplier=0.1
30260,mistlynx,mlx-c,left_torso,,armorresist_lt_additive=8
30261,mistlynx,mlx-c,centre_torso,,armorresist_ct_additive=7
30262,mistlynx,mlx-c,right_torso,,armorresist_rt_additive=8
30263,mistlynx,mlx-c,right_arm,,armorresist_ra_additive=16;internalresist_ra_additive=8
30264,mistlynx,mlx-c,left_leg,,internalresist_ll_additive=12
30265,mistlynx,mlx-c,right_leg,,internalresist_rl_additive=12
,mistlynx,mlx-c,set_bonus_8,,armorresist_lt_additive=7;armorresist_rt_additive=7;clanerlaser_range_multiplier=0.1
30432,mistlynx,mlx-d,head,,
30433,mistlynx,mlx-d,left_arm,,armorresist_la_additive=24
30434,mistlynx,mlx-d,left_torso,,armorresist_lt_additive=8
30435,mistlynx,mlx-d,centre_torso,,armorresist_ct_additive=7
30436,mistlynx,mlx-d,right_torso,,armorresist_rt_additive=8
30437,mistlynx,mlx-d,right_arm,,armorresist_ra_additive=16;internalresist_ra_additive=8
30438,mistlynx,mlx-d,left_leg,,internalresist_ll_additive=12
30439,mistlynx,mlx-d,right_leg,,internalresist_rl_additive=12
,mistlynx,mlx-d,set_bonus_8,,armorresist_lt_additive=7;armorresist_rt_additive=7
30937,mistlynx,mlx-ed,head,,
30938,mistlynx,mlx-ed,left_arm,,armorresist_la_additive=24
30939,mistlynx,mlx-ed,left_torso,,armorresist_lt_additive=8
30940,mistlynx,mlx-ed,centre_torso,,armorresist_ct_additive=7
30941,mistlynx,mlx-ed,right_torso,,armorresist_rt_additive=5
30942,mistlynx,mlx-ed,right_arm,,armorresist_ra_additive=16;internalresist_ra_additive=8
30943,mistlynx,mlx-ed,left_leg,,internalresist_ll_additive=12
30944,mistlynx,mlx-ed,right_leg,,internalresist_rl_additive=12
,mistlynx,mlx-ed,set_bonus_8,,armorresist_lt_additive=7
31009,mistlynx,mlx-g,head,,
31010,mistlynx,mlx-g,left_arm,,armorresist_la_additive=10;internalresist_la_additive=5
31011,mistlynx,mlx-g,left_torso,,armorresist_lt_additive=8
31012,mistlynx,mlx-g,centre_torso,,armorresist_ct_additive=7
31013,mistlynx,mlx-g,right_torso,,armorresist_rt_additive=5
31014,mistlynx,mlx-g,right_arm,,armorresist_ra_additive=10;internalresist_ra_additive=5
31015,mistlynx,mlx-g,left_leg,,internalresist_ll_additive=12
31016,mistlynx,mlx-g,right_leg,,internalresist_rl_additive=12
30242,mistlynx,mlx-prime,head,,
30243,mistlynx,mlx-prime,left_arm,,armorresist_la_additive=24
30244,mistlynx,mlx-prime,left_torso,,armorresist_lt_additive=8
30245,mistlynx,mlx-prime,centre_torso,,armorresist_ct_additive=7
30246,mistlynx,mlx-prime,right_torso,,armorresist_rt_additive=8
30247,mistlynx,mlx-prime,right_arm,,armorresist_ra_additive=24
30248,mistlynx,mlx-prime,left_leg,,internalresist_ll_additive=12
30249,mistlynx,mlx-prime,right_leg,,internalresist_rl_additive=12
,mistlynx,mlx-prime,set_bonus_8,,all_range_multiplier=0.15;armorresist_lt_additive=7;armorresist_rt_additive=7
31113,novacat,nct-a,head,,
31114,novacat,nct-a,left_arm,,armorresist_la_additive=20
31115,novacat,nct-a,left_torso,1502;1502,armorresist_lt_additive=20
31116,novacat,nct-a,centre_torso,,armorresist_ct_additive=20
31117,novacat,nct-a,right_torso,1502;1502,armorresist_rt_additive=20
31118,novacat,nct-a,right_arm,,armorresist_ra_additive=20
31119,novacat,nct-a,left_leg,,
31120,novacat,nct-a,right_leg,,
,novacat,nct-a,set_bonus_8,,energy_range_multiplier=0.1
31121,novacat,nct-b,head,,
31122,novacat,nct-b,left_arm,,armorresist_la_additive=20
31123,novacat,nct-b,left_torso,,armorresist_lt_additive=20
31124,novacat,nct-b,centre_torso,,armorresist_ct_additive=20
31125,novacat,nct-b,right_torso,,armorresist_rt_additive=20
31126,novacat,nct-b,right_arm,,armorresist_ra_additive=20
31127,novacat,nct-b,left_leg,,
31128,novacat,nct-b,right_leg,,
,novacat,nct-b,set_bonus_8,,all_range_multiplier=0.05
31129,novacat,nct-c,head,,
31130,novacat,nct-c,left_arm,,armorresist_la_additive=20
31131,novacat,nct-c,left_torso,,armorresist_lt_additive=20
31132,novacat,nct-c,centre_torso,,armorresist_ct_additive=20
31133,novacat,nct-c,right_torso,,armorresist_rt_additive=20
31134,novacat,nct-c,right_arm,,armorresist_ra_additive=20
31135,novacat,nct-c,left_leg,,
31136,novacat,nct-c,right_leg,,
31145,novacat,nct-cc,head,,
31146,novacat,nct-cc,left_arm,,armorresist_la_additive=20
31147,novacat,nct-cc,left_torso,,armorresist_lt_additive=20
31148,novacat,nct-cc,centre_torso,,armorresist_ct_additive=20
31149,novacat,nct-cc,right_torso,,armorresist_rt_additive=20
31150,novacat,nct-cc,right_arm,,armorresist_ra_additive=20
31151,novacat,nct-cc,left_leg,,
31152,novacat,nct-cc,right_leg,,
31137,novacat,nct-d,head,,
31138,novacat,nct-d,left_arm,,armorresist_la_additive=20
31139,novacat,nct-d,left_torso,,all_range_multiplier=0.05;armorresist_lt_additive=20
31140,novacat,nct-d,centre_torso,,armorresist_ct_additive=20
31141,novacat,nct-d,right_torso,,all_range_multiplier=0.05;armorresist_rt_additive=20
31142,novacat,nct-d,right_arm,,armorresist_ra_additive=20
31143,novacat,nct-d,left_leg,,
31144,novacat,nct-d,right_leg,,
31510,novacat,nct-p,head,,
31511,novacat,nct-p,left_arm,,armorresist_la_additive=20
31512,novacat,nct-p,left_torso,,armorresist_lt_additive=10
31513,novacat,nct-p,centre_torso,,armorresist_ct_additive=20
31514,novacat,nct-p,right_torso,,armorresist_rt_additive=10
31515,novacat,nct-p,right_arm,,armorresist_ra_additive=20
31516,novacat,nct-p,left_leg,,
31517,novacat,nct-p,right_leg,,
31105,novacat,nct-prime,head,,
31106,novacat,nct-prime,left_arm,,armorresist_la_additive=20
31107,novacat,nct-prime,left_torso,,all_range_multiplier=0.05;armorresist_lt_additive=20
31108,novacat,nct-prime,centre_torso,,armorresist_ct_additive=20
31109,novacat,nct-prime,right_torso,,armorresist_rt_additive=20
31110,novacat,nct-prime,right_arm,,armorresist_ra_additive=20
31111,novacat,nct-prime,left_leg,,
31112,novacat,nct-prime,right_leg,,
31737,naga,nga-am,head,,
31738,naga,nga-am,left_arm,,armorresist_la_additive=26;missile_range_multiplier=0.075
31739,naga,nga-am,left_torso,,armorresist_lt_additive=10
31740,naga,nga-am,centre_torso,,armorresist_ct_additive=10
31741,naga,nga-am,right_torso,,armorresist_rt_additive=10
31742,naga,nga-am,right_arm,,armorresist_ra_additive=26;missile_range_multiplier=0.075
31743,naga,nga-am,left_leg,,
31744,naga,nga-am,right_leg,,
,naga,nga-am,set_bonus_8,,mechtopspeed_multiplier=0.1
31689,naga,nga-b,head,,
31690,naga,nga-b,left_arm,1266,armorresist_la_additive=26
31691,naga,nga-b,left_torso,,armorresist_lt_additive=10
31692,naga,nga-b,centre_torso,,armorresist_ct_additive=10;tag_range_multiplier=0.45
31693,naga,nga-b,right_torso,,armorresist_rt_additive=10
31694,naga,nga-b,right_arm,1266,armorresist_ra_additive=26
31695,naga,nga-b,left_leg,,
31696,naga,nga-b,right_leg,,
,naga,nga-b,set_bonus_8,,mechtopspeed_multiplier=0.15
31705,naga,nga-ii-a,head,,
31706,naga,nga-ii-a,left_arm,,armorresist_la_additive=26
31707,naga,nga-ii-a,left_torso,,armorresist_lt_additive=10
31708,naga,nga-ii-a,centre_torso,,all_range_multiplier=0.1;armorresist_ct_additive=10
31709,naga,nga-ii-a,right_torso,,armorresist_rt_additive=10
31710,naga,nga-ii-a,right_arm,,armorresist_ra_additive=26
31711,naga,nga-ii-a,left_leg,,
31712,naga,nga-ii-a,right_leg,,
31713,naga,nga-ii-b,head,,
31714,naga,nga-ii-b,left_arm,,armorresist_la_additive=26;missile_range_multiplier=0.075
31715,naga,nga-ii-b,left_torso,,armorresist_lt_additive=10
31716,naga,nga-ii-b,centre_torso,,armorresist_ct_additive=10
31717,naga,nga-ii-b,right_torso,,armorresist_rt_additive=10
31718,naga,nga-ii-b,right_arm,,armorresist_ra_additive=26;missile_range_multiplier=0.075
31719,naga,nga-ii-b,left_leg,,
31720,naga,nga-ii-b,right_leg,,
31721,naga,nga-ii-c,head,,
31722,naga,nga-ii-c,left_arm,,armorresist_la_additive=26
31723,naga,nga-ii-c,left_torso,,armorresist_lt_additive=10
31724,naga,nga-ii-c,centre_torso,,armorresist_ct_additive=10;mechtopspeed_multiplier=0.125
31725,naga,nga-ii-c,right_torso,,armorresist_rt_additive=10
31726,naga,nga-ii-c,right_arm,,armorresist_ra_additive=26
31727,naga,nga-ii-c,left_leg,,
31728,naga,nga-ii-c,right_leg,,
,naga,nga-ii-c,set_bonus_8,,all_range_multiplier=0.1
31729,naga,nga-ii-h,head,,
31730,naga,nga-ii-h,left_arm,,armorresist_la_additive=26
31731,naga,nga-ii-h,left_torso,,armorresist_lt_additive=10
31732,naga,nga-ii-h,centre_torso,,armorresist_ct_additive=10
31733,naga,nga-ii-h,right_torso,,armorresist_rt_additive=10
31734,naga,nga-ii-h,right_arm,,armorresist_ra_additive=26
31735,naga,nga-ii-h,left_leg,,
31736,naga,nga-ii-h,right_leg,,
,naga,nga-ii-h,set_bonus_8,,heavylaser_range_multiplier=0.15
31697,naga,nga-ii-prime,head,,
31698,naga,nga-ii-prime,left_arm,,armorresist_la_additive=26;ballistic_range_multiplier=0.1
31699,naga,nga-ii-prime,left_torso,,armorresist_lt_additive=10
31700,naga,nga-ii-prime,centre_torso,,armorresist_ct_additive=10
31701,naga,nga-ii-prime,right_torso,,armorresist_rt_additive=10
31702,naga,nga-ii-prime,right_arm,,armorresist_ra_additive=26;ballistic_range_multiplier=0.1
31703,naga,nga-ii-prime,left_leg,,
31704,naga,nga-ii-prime,right_leg,,
,naga,nga-ii-prime,set_bonus_8,,mechtopspeed_multiplier=0.1
31681,naga,nga-prime,head,,
31682,naga,nga-prime,left_arm,1266,armorresist_la_additive=26
31683,naga,nga-prime,left_torso,,armorresist_lt_additive=10
31684,naga,nga-prime,centre_torso,,armorresist_ct_additive=10;tag_range_multiplier=0.45
31685,naga,nga-prime,right_torso,,armorresist_rt_additive=10
31686,naga,nga-prime,right_arm,1266,armorresist_ra_additive=26
31687,naga,nga-prime,left_leg,,
31688,naga,nga-prime,right_leg,,
30664,nightgyr,ntg-a,head,,
30665,nightgyr,ntg-a,left_arm,,
30666,nightgyr,ntg-a,left_torso,,
30667,nightgyr,ntg-a,centre_torso,,all_range_multiplier=0.075
30668,nightgyr,ntg-a,right_torso,,
30669,nightgyr,ntg-a,right_arm,,
30670,nightgyr,ntg-a,left_leg,,
30671,nightgyr,ntg-a,right_leg,,
30672,nightgyr,ntg-b,head,,
30673,nightgyr,ntg-b,left_arm,,
30674,nightgyr,ntg-b,left_torso,,
30675,nightgyr,ntg-b,centre_torso,,
30676,nightgyr,ntg-b,right_torso,,
30677,nightgyr,ntg-b,right_arm,,
30678,nightgyr,ntg-b,left_leg,,
30679,nightgyr,ntg-b,right_leg,,
30680,nightgyr,ntg-c,head,,
30681,nightgyr,ntg-c,left_arm,,
30682,nightgyr,ntg-c,left_torso,,
30683,nightgyr,ntg-c,centre_torso,,
30684,nightgyr,ntg-c,right_torso,,armorresist_rt_additive=10
30685,nightgyr,ntg-c,right_arm,,
30686,nightgyr,ntg-c,left_leg,,
30687,nightgyr,ntg-c,right_leg,,
,nightgyr,ntg-c,set_bonus_8,,all_range_multiplier=0.125
30688,nightgyr,ntg-d,head,,
30689,nightgyr,ntg-d,left_arm,,
30690,nightgyr,ntg-d,left_torso,,
30691,nightgyr,ntg-d,centre_torso,,
30692,nightgyr,ntg-d,right_torso,,
30693,nightgyr,ntg-d,right_arm,,
30694,nightgyr,ntg-d,left_leg,,
30695,nightgyr,ntg-d,right_leg,,
,nightgyr,ntg-d,set_bonus_8,,energy_range_multiplier=0.15
31329,nightgyr,ntg-hl,head,,
31330,nightgyr,ntg-hl,left_arm,,
31331,nightgyr,ntg-hl,left_torso,,
31332,nightgyr,ntg-hl,centre_torso,,
31333,nightgyr,ntg-hl,right_torso,,
31334,nightgyr,ntg-hl,right_arm,,
31335,nightgyr,ntg-hl,left_leg,,
31336,nightgyr,ntg-hl,right_leg,,
,nightgyr,ntg-hl,set_bonus_8,,all_range_multiplier=0.1
30696,nightgyr,ntg-jk,head,,
30697,nightgyr,ntg-jk,left_arm,,
30698,nightgyr,ntg-jk,left_torso,,
30699,nightgyr,ntg-jk,centre_torso,,all_range_multiplier=0.075
30700,nightgyr,ntg-jk,right_torso,,
30701,nightgyr,ntg-jk,right_arm,,
30702,nightgyr,ntg-jk,left_leg,,
30703,nightgyr,ntg-jk,right_leg,,
30656,nightgyr,ntg-prime,head,,
30657,nightgyr,ntg-prime,left_arm,,
30658,nightgyr,ntg-prime,left_torso,,
30659,nightgyr,ntg-prime,centre_torso,,
30660,nightgyr,ntg-prime,right_torso,,
30661,nightgyr,ntg-prime,right_arm,,
30662,nightgyr,ntg-prime,left_leg,,
30663,nightgyr,ntg-prime,right_leg,,
30193,nova,nva-a,right_torso,,energy_range_multiplier=0.05;internalresist_rt_additive=10
30369,nova,nva-a,head,,
30370,nova,nva-a,left_arm,,armorresist_la_additive=15;internalresist_la_additive=10
30371,nova,nva-a,left_torso,,internalresist_lt_additive=10
30372,nova,nva-a,centre_torso,,internalresist_ct_additive=10
30373,nova,nva-a,right_arm,,armorresist_ra_additive=15;internalresist_ra_additive=10
30374,nova,nva-a,left_leg,,internalresist_ll_additive=5
30375,nova,nva-a,right_leg,,internalresist_rl_additive=5
30104,nova,nva-b,head,,
30105,nova,nva-b,left_arm,,armorresist_la_additive=15;internalresist_la_additive=10
30106,nova,nva-b,left_torso,,internalresist_lt_additive=10
30107,nova,nva-b,centre_torso,,internalresist_ct_additive=10
30108,nova,nva-b,right_torso,,internalresist_rt_additive=10
30109,nova,nva-b,right_arm,,armorresist_ra_additive=15;internalresist_ra_additive=10
30110,nova,nva-b,left_leg,,internalresist_ll_additive=5
30111,nova,nva-b,right_leg,,internalresist_rl_additive=5
30833,nova,nva-bk,head,,
30834,nova,nva-bk,left_arm,,armorresist_la_additive=7;internalresist_la_additive=9
30835,nova,nva-bk,left_torso,,internalresist_lt_additive=10
30836,nova,nva-bk,centre_torso,,internalresist_ct_additive=10
30837,nova,nva-bk,right_torso,,internalresist_rt_additive=10
30838,nova,nva-bk,right_arm,,armorresist_ra_additive=7;internalresist_ra_additive=9;laser_range_multiplier=0.05
30839,nova,nva-bk,left_leg,,internalresist_ll_additive=5
30840,nova,nva-bk,right_leg,,internalresist_rl_additive=5
,nova,nva-bk,set_bonus_8,,mechtopspeed_multiplier=0.075
30440,nova,nva-c,head,,
30441,nova,nva-c,left_arm,,armorresist_la_additive=15;ballistic_range_multiplier=0.1;internalresist_la_additive=10
30442,nova,nva-c,left_torso,,internalresist_lt_additive=10
30443,nova,nva-c,centre_torso,,internalresist_ct_additive=10
30444,nova,nva-c,right_torso,,internalresist_rt_additive=10
30445,nova,nva-c,right_arm,,armorresist_ra_additive=26;internalresist_ra_additive=10
30446,nova,nva-c,left_leg,,internalresist_ll_additive=5
30447,nova,nva-c,right_leg,,internalresist_rl_additive=5
,nova,nva-c,set_bonus_8,,armorresist_lt_additive=7;armorresist_rt_additive=7
30592,nova,nva-d,head,,
30593,nova,nva-d,left_arm,,armorresist_la_additive=15;ballistic_range_multiplier=0.1;internalresist_la_additive=10
30594,nova,nva-d,left_torso,,armorresist_lt_additive=10;internalresist_lt_additive=10
30595,nova,nva-d,centre_torso,,internalresist_ct_additive=10
30596,nova,nva-d,right_torso,,armorresist_rt_additive=10;internalresist_rt_additive=10
30597,nova,nva-d,right_arm,,armorresist_ra_additive=15;internalresist_ra_additive=10
30598,nova,nva-d,left_leg,,internalresist_ll_additive=5
30599,nova,nva-d,right_leg,,internalresist_rl_additive=5
30096,nova,nva-prime,head,,
30097,nova,nva-prime,left_arm,,internalresist_la_additive=6
30098,nova,nva-prime,left_torso,,internalresist_lt_additive=10
30099,nova,nva-prime,centre_torso,,internalresist_ct_additive=10
30100,nova,nva-prime,right_torso,,internalresist_rt_additive=10
30101,nova,nva-prime,right_arm,,internalresist_ra_additive=6
30102,nova,nva-prime,left_leg,,internalresist_ll_additive=5
30103,nova,nva-prime,right_leg,,internalresist_rl_additive=5
,nova,nva-prime,set_bonus_8,,armorresist_la_additive=8;armorresist_ra_additive=8
30112,nova,nva-s,head,,
30113,nova,nva-s,left_arm,,armorresist_la_additive=7;internalresist_la_additive=9
30114,nova,nva-s,left_torso,,internalresist_lt_additive=10
30115,nova,nva-s,centre_torso,,internalresist_ct_additive=10
30116,nova,nva-s,right_torso,,internalresist_rt_additive=10
30117,nova,nva-s,right_arm,,armorresist_ra_additive=7;internalresist_ra_additive=9
30118,nova,nva-s,left_leg,,internalresist_ll_additive=5
30119,nova,nva-s,right_leg,,internalresist_rl_additive=5
,nova,nva-s,set_bonus_8,,clanpulselaser_range_multiplier=0.25
30376,stormcrow,scr-a,head,,
30377,stormcrow,scr-a,left_arm,,armorresist_la_additive=6
30378,stormcrow,scr-a,left_torso,,armorresist_lt_additive=5
30379,stormcrow,scr-a,centre_torso,,armorresist_ct_additive=5
30380,stormcrow,scr-a,right_torso,,armorresist_rt_additive=5
30381,stormcrow,scr-a,right_arm,,armorresist_ra_additive=11
30382,stormcrow,scr-a,left_leg,,armorresist_ll_additive=8
30383,stormcrow,scr-a,right_leg,,armorresist_rl_additive=8
30448,stormcrow,scr-b,head,,
30449,stormcrow,scr-b,left_arm,,armorresist_la_additive=11
30450,stormcrow,scr-b,left_torso,,armorresist_lt_additive=9
30451,stormcrow,scr-b,centre_torso,,armorresist_ct_additive=5
30452,stormcrow,scr-b,right_torso,,armorresist_rt_additive=9
30453,stormcrow,scr-b,right_arm,,armorresist_ra_additive=6
30454,stormcrow,scr-b,left_leg,,armorresist_ll_additive=8
30455,stormcrow,scr-b,right_leg,,armorresist_rl_additive=8
30128,stormcrow,scr-c,head,,
30129,stormcrow,scr-c,left_arm,,armorresist_la_additive=11
30130,stormcrow,scr-c,left_torso,,armorresist_lt_additive=5
30131,stormcrow,scr-c,centre_torso,,armorresist_ct_additive=5
30132,stormcrow,scr-c,right_torso,,armorresist_rt_additive=5
30133,stormcrow,scr-c,right_arm,,armorresist_ra_additive=11
30134,stormcrow,scr-c,left_leg,,armorresist_ll_additive=8
30135,stormcrow,scr-c,right_leg,,armorresist_rl_additive=8
31833,stormcrow,scr-cor,head,,
31834,stormcrow,scr-cor,left_arm,,armorresist_la_additive=11
31835,stormcrow,scr-cor,left_torso,,armorresist_lt_additive=5
31836,stormcrow,scr-cor,centre_torso,,armorresist_ct_additive=5
31837,stormcrow,scr-cor,right_torso,,armorresist_rt_additive=5
31838,stormcrow,scr-cor,right_arm,,armorresist_ra_additive=11
31839,stormcrow,scr-cor,left_leg,,
31840,stormcrow,scr-cor,right_leg,,
30136,stormcrow,scr-d,head,,
30137,stormcrow,scr-d,left_arm,,armorresist_la_additive=11
30138,stormcrow,scr-d,left_torso,,armorresist_lt_additive=5
30139,stormcrow,scr-d,centre_torso,,armorresist_ct_additive=5
30140,stormcrow,scr-d,right_torso,,armorresist_rt_additive=5
30141,stormcrow,scr-d,right_arm,,armorresist_ra_additive=11
30142,stormcrow,scr-d,left_leg,,armorresist_ll_additive=8
30143,stormcrow,scr-d,right_leg,,armorresist_rl_additive=8
30825,stormcrow,scr-lc,head,,
30826,stormcrow,scr-lc,left_arm,,armorresist_la_additive=11
30827,stormcrow,scr-lc,left_torso,,armorresist_lt_additive=9
30828,stormcrow,scr-lc,centre_torso,,armorresist_ct_additive=5
30829,stormcrow,scr-lc,right_torso,,armorresist_rt_additive=5
30830,stormcrow,scr-lc,right_arm,,armorresist_ra_additive=9
30831,stormcrow,scr-lc,left_leg,,armorresist_ll_additive=8
30832,stormcrow,scr-lc,right_leg,,armorresist_rl_additive=8
30120,stormcrow,scr-prime,head,,
30121,stormcrow,scr-prime,left_arm,,armorresist_la_additive=11
30122,stormcrow,scr-prime,left_torso,,armorresist_lt_additive=9
30123,stormcrow,scr-prime,centre_torso,,armorresist_ct_additive=5
30124,stormcrow,scr-prime,right_torso,,armorresist_rt_additive=9
30125,stormcrow,scr-prime,right_arm,,armorresist_ra_additive=11
30126,stormcrow,scr-prime,left_leg,,armorresist_ll_additive=8
30127,stormcrow,scr-prime,right_leg,,armorresist_rl_additive=8
31825,sunder,sd1-o,head,,
31826,sunder,sd1-o,left_arm,,ballistic_range_multiplier=0.15
31827,sunder,sd1-o,left_torso,,armorresist_lt_additive=30
31828,sunder,sd1-o,centre_torso,,armorresist_all_additive=15;armorresist_ct_additive=30
31829,sunder,sd1-o,right_torso,,armorresist_rt_additive=30
31830,sunder,sd1-o,right_arm,,
31831,sunder,sd1-o,left_leg,,
31832,sunder,sd1-o,right_leg,,
31817,sunder,sd1-o-sam,head,,
31818,sunder,sd1-o-sam,left_arm,,
31819,sunder,sd1-o-sam,left_torso,,armorresist_lt_additive=30
31820,sunder,sd1-o-sam,centre_torso,,armorresist_all_additive=15;armorresist_ct_additive=30
31821,sunder,sd1-o-sam,right_torso,,armorresist_rt_additive=30
31822,sunder,sd1-o-sam,right_arm,,
31823,sunder,sd1-o-sam,left_leg,,
31824,sunder,sd1-o-sam,right_leg,,
31769,sunder,sd1-oa,head,,
31770,sunder,sd1-oa,left_arm,,
31771,sunder,sd1-oa,left_torso,,armorresist_lt_additive=30
31772,sunder,sd1-oa,centre_torso,,armorresist_all_additive=15;armorresist_ct_additive=30
31773,sunder,sd1-oa,right_torso,,armorresist_rt_additive=30
31774,sunder,sd1-oa,right_arm,,
31775,sunder,sd1-oa,left_leg,,
31776,sunder,sd1-oa,right_leg,,
,sunder,sd1-oa,set_bonus_8,,all_range_multiplier=0.15
31777,sunder,sd1-ob,head,,
31778,sunder,sd1-ob,left_arm,,
31779,sunder,sd1-ob,left_torso,,armorresist_lt_additive=30
31780,sunder,sd1-ob,centre_torso,,all_range_multiplier=0.1;armorresist_all_additive=15;armorresist_ct_additive=30;mechtopspeed_multiplier=0.1
31781,sunder,sd1-ob,right_torso,,armorresist_rt_additive=30
31782,sunder,sd1-ob,right_arm,,
31783,sunder,sd1-ob,left_leg,,
31784,sunder,sd1-ob,right_leg,,
31785,sunder,sd1-oc,head,,
31786,sunder,sd1-oc,left_arm,,
31787,sunder,sd1-oc,left_torso,,armorresist_lt_additive=30
31788,sunder,sd1-oc,centre_torso,,armorresist_all_additive=15;armorresist_ct_additive=30;mechtopspeed_multiplier=0.1
31789,sunder,sd1-oc,right_torso,,armorresist_rt_additive=30
31790,sunder,sd1-oc,right_arm,,
31791,sunder,sd1-oc,left_leg,,
31792,sunder,sd1-oc,right_leg,,
,sunder,sd1-oc,set_bonus_8,,all_range_multiplier=0.2
31793,sunder,sd1-od,head,,
31794,sunder,sd1-od,left_arm,,
31795,sunder,sd1-od,left_torso,1500,armorresist_lt_additive=30
31796,sunder,sd1-od,centre_torso,1500,armorresist_all_additive=15;armorresist_ct_additive=30
31797,sunder,sd1-od,right_torso,1500,armorresist_rt_additive=30
31798,sunder,sd1-od,right_arm,,
31799,sunder,sd1-od,left_leg,,
31800,sunder,sd1-od,right_leg,,
31801,sunder,sd1-oe,head,,
31802,sunder,sd1-oe,left_arm,,
31803,sunder,sd1-oe,left_torso,,armorresist_lt_additive=30
31804,sunder,sd1-oe,centre_torso,,armorresist_all_additive=15;armorresist_ct_additive=30;mechtopspeed_multiplier=0.25
31805,sunder,sd1-oe,right_torso,,armorresist_rt_additive=30
31806,sunder,sd1-oe,right_arm,,
31807,sunder,sd1-oe,left_leg,,
31808,sunder,sd1-oe,right_leg,,
,sunder,sd1-oe,set_bonus_8,,all_range_multiplier=0.1
31809,sunder,sd1-ox,head,,
31810,sunder,sd1-ox,left_arm,,
31811,sunder,sd1-ox,left_torso,,armorresist_lt_additive=30
31812,sunder,sd1-ox,centre_torso,,armorresist_all_additive=15;armorresist_ct_additive=30
31813,sunder,sd1-ox,right_torso,,armorresist_rt_additive=30
31814,sunder,sd1-ox,right_arm,,
31815,sunder,sd1-ox,left_leg,,
31816,sunder,sd1-ox,right_leg,,
,sunder,sd1-ox,set_bonus_8,,all_range_multiplier=0.1
30568,shadowcat,shc-a,head,,
30569,shadowcat,shc-a,left_arm,,armorresist_la_additive=8;energy_range_multiplier=0.025
30570,shadowcat,shc-a,left_torso,,armorresist_lt_additive=9
30571,shadowcat,shc-a,centre_torso,,armorresist_ct_additive=8
30572,shadowcat,shc-a,right_torso,,armorresist_rt_additive=6
30573,shadowcat,shc-a,right_arm,,armorresist_ra_additive=8
30574,shadowcat,shc-a,left_leg,,armorresist_ll_additive=8
30575,shadowcat,shc-a,right_leg,,armorresist_rl_additive=8
30576,shadowcat,shc-b,head,,
30577,shadowcat,shc-b,left_arm,,armorresist_la_additive=8
30578,shadowcat,shc-b,left_torso,,armorresist_lt_additive=6
30579,shadowcat,shc-b,centre_torso,,armorresist_ct_additive=8
30580,shadowcat,shc-b,right_torso,,armorresist_rt_additive=9
30581,shadowcat,shc-b,right_arm,,armorresist_ra_additive=8
30582,shadowcat,shc-b,left_leg,,armorresist_ll_additive=8
30583,shadowcat,shc-b,right_leg,,armorresist_rl_additive=8
31377,shadowcat,shc-d,head,,
31378,shadowcat,shc-d,centre_torso,,armorresist_ct_additive=8
31379,shadowcat,shc-d,left_torso,,
31380,shadowcat,shc-d,left_leg,,armorresist_ll_additive=8
31381,shadowcat,shc-d,right_torso,,armorresist_rt_additive=6
31382,shadowcat,shc-d,right_leg,,armorresist_rl_additive=8
31383,shadowcat,shc-d,right_arm,,armorresist_ra_additive=8
31384,shadowcat,shc-d,left_arm,,armorresist_la_additive=8
31033,shadowcat,shc-h,head,,
31034,shadowcat,shc-h,left_arm,,armorresist_la_additive=20
31035,shadowcat,shc-h,left_torso,,armorresist_lt_additive=6
31036,shadowcat,shc-h,centre_torso,,armorresist_ct_additive=8
31037,shadowcat,shc-h,right_torso,,armorresist_rt_additive=9
31038,shadowcat,shc-h,right_arm,,armorresist_ra_additive=8
31039,shadowcat,shc-h,left_leg,,armorresist_ll_additive=8
31040,shadowcat,shc-h,right_leg,,armorresist_rl_additive=8
30961,shadowcat,shc-mi,head,,
30962,shadowcat,shc-mi,left_arm,,armorresist_la_additive=8;energy_range_multiplier=0.025
30963,shadowcat,shc-mi,left_torso,,all_range_multiplier=0.05;armorresist_lt_additive=9
30964,shadowcat,shc-mi,centre_torso,,armorresist_ct_additive=8
30965,shadowcat,shc-mi,right_torso,,armorresist_rt_additive=6
30966,shadowcat,shc-mi,right_arm,,armorresist_ra_additive=8
30967,shadowcat,shc-mi,left_leg,,armorresist_ll_additive=8
30968,shadowcat,shc-mi,right_leg,,armorresist_rl_additive=8
31584,shadowcat,shc-no,head,,
31585,shadowcat,shc-no,left_arm,,armorresist_la_additive=8
31586,shadowcat,shc-no,left_torso,,
31587,shadowcat,shc-no,centre_torso,,armorresist_ct_additive=8
31588,shadowcat,shc-no,right_torso,,armorresist_rt_additive=9
31589,shadowcat,shc-no,right_arm,,armorresist_ra_additive=8
31590,shadowcat,shc-no,left_leg,,armorresist_ll_additive=8
31591,shadowcat,shc-no,right_leg,,armorresist_rl_additive=8
30584,shadowcat,shc-p,head,,
30585,shadowcat,shc-p,left_arm,,
30586,shadowcat,shc-p,left_torso,,armorresist_lt_additive=4
30587,shadowcat,shc-p,centre_torso,,armorresist_ct_additive=8
30588,shadowcat,shc-p,right_torso,,all_range_multiplier=0.05;armorresist_rt_additive=9;internalresist_rt_additive=5
30589,shadowcat,shc-p,right_arm,,armorresist_ra_additive=16
30590,shadowcat,shc-p,left_leg,,armorresist_ll_additive=8
30591,shadowcat,shc-p,right_leg,,armorresist_rl_additive=8
,shadowcat,shc-p,set_bonus_8,,ballistic_range_multiplier=0.1
30560,shadowcat,shc-prime,head,,
30561,shadowcat,shc-prime,left_arm,,armorresist_la_additive=8
30562,shadowcat,shc-prime,left_torso,,all_range_multiplier=0.05;armorresist_lt_additive=9;internalresist_lt_additive=5
30563,shadowcat,shc-prime,centre_torso,,armorresist_ct_additive=8
30564,shadowcat,shc-prime,right_torso,,armorresist_rt_additive=6
30565,shadowcat,shc-prime,right_arm,,armorresist_ra_additive=16;ballistic_range_multiplier=0.05
30566,shadowcat,shc-prime,left_leg,,armorresist_ll_additive=8
30567,shadowcat,shc-prime,right_leg,,armorresist_rl_additive=8
30152,summoner,smn-b,head,,
30153,summoner,smn-b,left_arm,,armorresist_la_additive=15
30154,summoner,smn-b,left_torso,,clanantimissilesystem_range_multiplier=0.1;missile_range_multiplier=0.1
30155,summoner,smn-b,centre_torso,,critchance_receiving_multiplier=-0.2;mechtopspeed_multiplier=0.025
30156,summoner,smn-b,right_torso,,
30157,summoner,smn-b,right_arm,,armorresist_ra_additive=15
30158,summoner,smn-b,left_leg,,
30159,summoner,smn-b,right_leg,,
30384,summoner,smn-c,head,,
30385,summoner,smn-c,left_arm,,armorresist_la_additive=15
30386,summoner,smn-c,left_torso,,
30387,summoner,smn-c,centre_torso,,critchance_receiving_multiplier=-0.2
30388,summoner,smn-c,right_torso,,ballistic_range_multiplier=0.1
30389,summoner,smn-c,right_arm,,armorresist_ra_additive=10
30390,summoner,smn-c,left_leg,,
30391,summoner,smn-c,right_leg,,
30160,summoner,smn-d,head,,
30161,summoner,smn-d,left_arm,,armorresist_la_additive=10;energy_range_multiplier=0.05
30162,summoner,smn-d,left_torso,,ballistic_range_multiplier=0.05
30163,summoner,smn-d,centre_torso,,critchance_receiving_multiplier=-0.2
30164,summoner,smn-d,right_torso,,ballistic_range_multiplier=0.05
30165,summoner,smn-d,right_arm,,armorresist_ra_additive=10;energy_range_multiplier=0.05
30166,summoner,smn-d,left_leg,,
30167,summoner,smn-d,right_leg,,
,summoner,smn-d,set_bonus_8,,armorresist_la_additive=15;armorresist_ra_additive=15;clanantimissilesystem_range_multiplier=0.1
30760,summoner,smn-fl,head,,
30761,summoner,smn-fl,left_arm,,armorresist_la_additive=10;erlaser_range_multiplier=0.05;ultraautocannon_range_multiplier=0.05
30762,summoner,smn-fl,left_torso,,missile_range_multiplier=0.1
30763,summoner,smn-fl,centre_torso,,critchance_receiving_multiplier=-0.2
30764,summoner,smn-fl,right_torso,,
30765,summoner,smn-fl,right_arm,,armorresist_ra_additive=10;erlaser_range_multiplier=0.05;ultraautocannon_range_multiplier=0.05
30766,summoner,smn-fl,left_leg,,
30767,summoner,smn-fl,right_leg,,
31393,summoner,smn-g,head,,
31394,summoner,smn-g,left_arm,,armorresist_la_additive=15;energy_range_multiplier=0.05
31395,summoner,smn-g,left_torso,,
31396,summoner,smn-g,centre_torso,,clanpulselaser_range_multiplier=0.1;critchance_receiving_multiplier=-0.2
31397,summoner,smn-g,right_torso,,
31398,summoner,smn-g,right_arm,,armorresist_ra_additive=15
31399,summoner,smn-g,left_leg,,
31400,summoner,smn-g,right_leg,,
31478,grandsummoner,smn-ii-b,centre_torso,,armorresist_ct_additive=10
31479,grandsummoner,smn-ii-b,left_torso,,armorresist_lt_additive=10;missile_range_multiplier=0.05
31480,grandsummoner,smn-ii-b,left_arm,,armorresist_la_additive=15
31481,grandsummoner,smn-ii-b,left_leg,,armorresist_ll_additive=9
31482,grandsummoner,smn-ii-b,right_leg,,armorresist_rl_additive=9
31483,grandsummoner,smn-ii-b,right_torso,,armorresist_rt_additive=10
31484,grandsummoner,smn-ii-b,right_arm,,armorresist_ra_additive=15
31485,grandsummoner,smn-ii-b,head,,
,grandsummoner,smn-ii-b,set_bonus_8,,atm_range_multiplier=0.15
31486,grandsummoner,smn-ii-c,centre_torso,,armorresist_ct_additive=10
31487,grandsummoner,smn-ii-c,left_torso,,armorresist_lt_additive=10
31488,grandsummoner,smn-ii-c,left_arm,,all_range_multiplier=0.05;armorresist_la_additive=15
31489,grandsummoner,smn-ii-c,left_leg,,armorresist_ll_additive=9
31490,grandsummoner,smn-ii-c,right_leg,,armorresist_rl_additive=9
31491,grandsummoner,smn-ii-c,right_torso,,armorresist_rt_additive=10
31492,grandsummoner,smn-ii-c,right_arm,,all_range_multiplier=0.05;armorresist_ra_additive=15
31493,grandsummoner,smn-ii-c,head,,
31518,grandsummoner,smn-ii-e,right_torso,1507;1507;1507;1507,armorresist_rt_additive=10
31519,grandsummoner,smn-ii-e,left_torso,1507;1507;1507;1507,armorresist_lt_additive=10
31470,grandsummoner,smn-ii-p,centre_torso,,armorresist_ct_additive=15
31471,grandsummoner,smn-ii-p,left_torso,,armorresist_lt_additive=10
31472,grandsummoner,smn-ii-p,left_arm,,armorresist_la_additive=15;laser_range_multiplier=0.05
31473,grandsummoner,smn-ii-p,left_leg,,armorresist_ll_additive=9
31474,grandsummoner,smn-ii-p,right_leg,,armorresist_rl_additive=9
31475,grandsummoner,smn-ii-p,right_torso,,armorresist_rt_additive=10
31476,grandsummoner,smn-ii-p,right_arm,,armorresist_ra_additive=15;laser_range_multiplier=0.05
31477,grandsummoner,smn-ii-p,head,,
31494,grandsummoner,smn-ii-t,centre_torso,,armorresist_ct_additive=10
31495,grandsummoner,smn-ii-t,left_torso,,armorresist_lt_additive=8
31496,grandsummoner,smn-ii-t,left_arm,,armorresist_la_additive=10
31497,grandsummoner,smn-ii-t,left_leg,,
31498,grandsummoner,smn-ii-t,right_leg,,
31499,grandsummoner,smn-ii-t,right_torso,,armorresist_rt_additive=8
31500,grandsummoner,smn-ii-t,right_arm,,armorresist_ra_additive=10
31501,grandsummoner,smn-ii-t,head,,
30768,summoner,smn-ml,head,,
30769,summoner,smn-ml,left_arm,,armorresist_la_additive=15
30770,summoner,smn-ml,left_torso,,
30771,summoner,smn-ml,centre_torso,,critchance_receiving_multiplier=-0.2
30772,summoner,smn-ml,right_torso,,energy_range_multiplier=0.05
30773,summoner,smn-ml,right_arm,,armorresist_ra_additive=15
30774,summoner,smn-ml,left_leg,,
30775,summoner,smn-ml,right_leg,,
30776,summoner,smn-ml,right_leg,,
31624,summoner,smn-p,head,,
31625,summoner,smn-p,left_arm,,
31626,summoner,smn-p,left_torso,,
31627,summoner,smn-p,centre_torso,,all_range_multiplier=0.05;critchance_receiving_multiplier=-0.2
31628,summoner,smn-p,right_torso,,
31629,summoner,smn-p,right_arm,,
31630,summoner,smn-p,left_leg,,
31631,summoner,smn-p,right_leg,,
30777,summoner,smn-pd,head,,
30778,summoner,smn-pd,left_arm,,armorresist_la_additive=10
30779,summoner,smn-pd,left_torso,,
30780,summoner,smn-pd,centre_torso,,critchance_receiving_multiplier=-0.2
30781,summoner,smn-pd,right_torso,,energy_range_multiplier=0.05
30782,summoner,smn-pd,right_arm,,armorresist_ra_additive=10
30783,summoner,smn-pd,left_leg,,
30784,summoner,smn-pd,right_leg,,
30144,summoner,smn-prime,head,,
30145,summoner,smn-prime,left_arm,,armorresist_la_additive=15
30146,summoner,smn-prime,left_torso,,
30147,summoner,smn-prime,centre_torso,,critchance_receiving_multiplier=-0.2
30148,summoner,smn-prime,right_torso,,
30149,summoner,smn-prime,right_arm,,armorresist_ra_additive=15
30150,summoner,smn-prime,left_leg,,
30151,summoner,smn-prime,right_leg,,
31225,sunspider,sns-a,head,,
31226,sunspider,sns-a,left_arm,,armorresist_la_additive=7
31227,sunspider,sns-a,left_torso,,armorresist_lt_additive=7
31228,sunspider,sns-a,centre_torso,,armorresist_ct_additive=10
31229,sunspider,sns-a,right_torso,,armorresist_rt_additive=7
31230,sunspider,sns-a,right_arm,,armorresist_ra_additive=7
31231,sunspider,sns-a,left_leg,,
31232,sunspider,sns-a,right_leg,,
,sunspider,sns-a,set_bonus_8,,all_range_multiplier=0.05;energy_range_multiplier=0.05
31361,sunspider,sns-amb,head,,
31362,sunspider,sns-amb,left_arm,,armorresist_la_additive=7
31363,sunspider,sns-amb,left_torso,,
31364,sunspider,sns-amb,centre_torso,,armorresist_ct_additive=10;clanmediumlaserfamily_range_multiplier=0.3
31365,sunspider,sns-amb,right_torso,,
31366,sunspider,sns-amb,right_arm,,armorresist_ra_additive=7
31367,sunspider,sns-amb,left_leg,,
31368,sunspider,sns-amb,right_leg,,
,sunspider,sns-amb,set_bonus_8,,armorresist_lt_additive=5;armorresist_rt_additive=5
31233,sunspider,sns-b,head,,
31234,sunspider,sns-b,left_arm,,armorresist_la_additive=7
31235,sunspider,sns-b,left_torso,,armorresist_lt_additive=10
31236,sunspider,sns-b,centre_torso,,armorresist_ct_additive=10
31237,sunspider,sns-b,right_torso,,armorresist_rt_additive=10
31238,sunspider,sns-b,right_arm,,armorresist_ra_additive=7
31239,sunspider,sns-b,left_leg,,
31240,sunspider,sns-b,right_leg,,
31241,sunspider,sns-c,head,,
31242,sunspider,sns-c,left_arm,,armorresist_la_additive=7
31243,sunspider,sns-c,left_torso,,armorresist_lt_additive=10
31244,sunspider,sns-c,centre_torso,,armorresist_ct_additive=10
31245,sunspider,sns-c,right_torso,,armorresist_rt_additive=10
31246,sunspider,sns-c,right_arm,,armorresist_ra_additive=7
31247,sunspider,sns-c,left_leg,,
31248,sunspider,sns-c,right_leg,,
31249,sunspider,sns-d,head,,
31250,sunspider,sns-d,left_arm,,armorresist_la_additive=7
31251,sunspider,sns-d,left_torso,,armorresist_lt_additive=7
31252,sunspider,sns-d,centre_torso,,armorresist_ct_additive=10
31253,sunspider,sns-d,right_torso,,armorresist_rt_additive=7
31254,sunspider,sns-d,right_arm,,armorresist_ra_additive=7
31255,sunspider,sns-d,left_leg,,
31256,sunspider,sns-d,right_leg,,
31257,sunspider,sns-ml,head,,
31258,sunspider,sns-ml,left_arm,,
31259,sunspider,sns-ml,left_torso,,armorresist_lt_additive=10
31260,sunspider,sns-ml,centre_torso,,armorresist_ct_additive=10
31261,sunspider,sns-ml,right_torso,,armorresist_rt_additive=10
31262,sunspider,sns-ml,right_arm,,
31263,sunspider,sns-ml,left_leg,,
31264,sunspider,sns-ml,right_leg,,
,sunspider,sns-ml,set_bonus_8,,armorresist_la_additive=5;armorresist_ra_additive=5
31217,sunspider,sns-prime,head,,
31218,sunspider,sns-prime,left_arm,,armorresist_la_additive=7
31219,sunspider,sns-prime,left_torso,,armorresist_lt_additive=10
31220,sunspider,sns-prime,centre_torso,,armorresist_ct_additive=10;mechtopspeed_multiplier=0.075
31221,sunspider,sns-prime,right_torso,,armorresist_rt_additive=10
31222,sunspider,sns-prime,right_arm,,armorresist_ra_additive=7
31223,sunspider,sns-prime,left_leg,,
31224,sunspider,sns-prime,right_leg,,
31265,sunspider,sns-vg,head,,
31266,sunspider,sns-vg,left_arm,,armorresist_la_additive=7
31267,sunspider,sns-vg,left_torso,,armorresist_lt_additive=7
31268,sunspider,sns-vg,centre_torso,,armorresist_ct_additive=10
31269,sunspider,sns-vg,right_torso,,armorresist_rt_additive=10
31270,sunspider,sns-vg,right_arm,,armorresist_ra_additive=7
31271,sunspider,sns-vg,left_leg,,
31272,sunspider,sns-vg,right_leg,,
30456,timberwolf,tbr-a,head,,
30457,timberwolf,tbr-a,left_arm,,
30458,timberwolf,tbr-a,left_torso,,armorresist_lt_additive=5
30459,timberwolf,tbr-a,centre_torso,,
30460,timberwolf,tbr-a,right_torso,,armorresist_rt_additive=8
30461,timberwolf,tbr-a,right_arm,,
30462,timberwolf,tbr-a,left_leg,,
30463,timberwolf,tbr-a,right_leg,,
,timberwolf,tbr-a,set_bonus_8,,armorresist_ct_additive=5;armorresist_lt_additive=5
31337,timberwolf,tbr-bh,head,,
31338,timberwolf,tbr-bh,centre_torso,,
31339,timberwolf,tbr-bh,left_torso,,armorresist_lt_additive=8
31340,timberwolf,tbr-bh,left_leg,,
31341,timberwolf,tbr-bh,right_torso,,
31342,timberwolf,tbr-bh,right_leg,,
31343,timberwolf,tbr-bh,right_arm,,
31344,timberwolf,tbr-bh,left_arm,,
,timberwolf,tbr-bh,set_bonus_8,,armorresist_ct_additive=5
31641,timberwolf,tbr-bh2,head,,
31642,timberwolf,tbr-bh2,centre_torso,1502,armorresist_ct_additive=5
31643,timberwolf,tbr-bh2,left_torso,1502,armorresist_lt_additive=5
31644,timberwolf,tbr-bh2,left_leg,,
31645,timberwolf,tbr-bh2,right_torso,1502,armorresist_rt_additive=5
31646,timberwolf,tbr-bh2,right_leg,,
31647,timberwolf,tbr-bh2,right_arm,,
31648,timberwolf,tbr-bh2,left_arm,,
,timberwolf,tbr-bh2,set_bonus_8,,armorresist_lt_additive=5;armorresist_rt_additive=5
30008,timberwolf,tbr-c,head,,
30009,timberwolf,tbr-c,left_arm,,
30010,timberwolf,tbr-c,left_torso,,armorresist_lt_additive=8
30011,timberwolf,tbr-c,centre_torso,,
30012,timberwolf,tbr-c,right_torso,,armorresist_rt_additive=8
30013,timberwolf,tbr-c,right_arm,,
30014,timberwolf,tbr-c,left_leg,,
30015,timberwolf,tbr-c,right_leg,,
,timberwolf,tbr-c,set_bonus_8,,armorresist_ct_additive=9
30392,timberwolf,tbr-d,head,,
30393,timberwolf,tbr-d,left_arm,,
30394,timberwolf,tbr-d,left_torso,,armorresist_lt_additive=8
30395,timberwolf,tbr-d,centre_torso,,
30396,timberwolf,tbr-d,right_torso,,armorresist_rt_additive=8
30397,timberwolf,tbr-d,right_arm,,
30398,timberwolf,tbr-d,left_leg,,
30399,timberwolf,tbr-d,right_leg,,
,timberwolf,tbr-d,set_bonus_8,,armorresist_ct_additive=5
31761,timberwolf,tbr-m,head,,
31762,timberwolf,tbr-m,left_arm,,
31763,timberwolf,tbr-m,left_torso,,armorresist_lt_additive=5
31764,timberwolf,tbr-m,centre_torso,,
31765,timberwolf,tbr-m,right_torso,,armorresist_rt_additive=5
31766,timberwolf,tbr-m,right_arm,,
31767,timberwolf,tbr-m,left_leg,,
31768,timberwolf,tbr-m,right_leg,,
31673,timberwolf,tbr-n,head,,
31674,timberwolf,tbr-n,centre_torso,,armorresist_ct_additive=4;ballistic_range_multiplier=0.15
31675,timberwolf,tbr-n,left_torso,,armorresist_lt_additive=8
31676,timberwolf,tbr-n,left_leg,,
31677,timberwolf,tbr-n,right_torso,,armorresist_rt_additive=8
31678,timberwolf,tbr-n,right_leg,,
31679,timberwolf,tbr-n,right_arm,,
31680,timberwolf,tbr-n,left_arm,,
30000,timberwolf,tbr-prime,head,,
30001,timberwolf,tbr-prime,left_arm,,
30002,timberwolf,tbr-prime,left_torso,,armorresist_lt_additive=8
30003,timberwolf,tbr-prime,centre_torso,,armorresist_ct_additive=4;ballistic_range_multiplier=0.15
30004,timberwolf,tbr-prime,right_torso,,armorresist_rt_additive=8
30005,timberwolf,tbr-prime,right_arm,,
30006,timberwolf,tbr-prime,left_leg,,
30007,timberwolf,tbr-prime,right_leg,,
,timberwolf,tbr-prime,set_bonus_8,,armorresist_ct_additive=5
30016,timberwolf,tbr-s,head,,
30017,timberwolf,tbr-s,left_arm,,
30018,timberwolf,tbr-s,left_torso,1502;1502,armorresist_lt_additive=8
30019,timberwolf,tbr-s,centre_torso,1502,
30020,timberwolf,tbr-s,right_torso,1502;1502,armorresist_rt_additive=8
30021,timberwolf,tbr-s,right_arm,,
30022,timberwolf,tbr-s,left_leg,,
30023,timberwolf,tbr-s,right_leg,,
,timberwolf,tbr-s,set_bonus_8,,armorresist_ct_additive=5;srm_range_multiplier=0.1
30785,timberwolf,tbr-war,head,,
30786,timberwolf,tbr-war,left_arm,,
30787,timberwolf,tbr-war,left_torso,,armorresist_lt_additive=8
30788,timberwolf,tbr-war,centre_torso,,armorresist_ct_additive=4
30789,timberwolf,tbr-war,right_torso,,armorresist_rt_additive=8
30790,timberwolf,tbr-war,right_arm,,
30791,timberwolf,tbr-war,left_leg,,
30792,timberwolf,tbr-war,right_leg,,
,timberwolf,tbr-war,set_bonus_8,,armorresist_ct_additive=5
30616,viper,vpr-a,head,,
30617,viper,vpr-a,left_arm,,armorresist_la_additive=4
30618,viper,vpr-a,left_torso,,
30619,viper,vpr-a,centre_torso,,armorresist_ct_additive=5
30620,viper,vpr-a,right_torso,,
30621,viper,vpr-a,right_arm,,armorresist_ra_additive=6
30622,viper,vpr-a,left_leg,,armorresist_ll_additive=8
30623,viper,vpr-a,right_leg,,armorresist_rl_additive=8
,viper,vpr-a,set_bonus_8,,armorresist_ct_additive=5;armorresist_lt_additive=6;armorresist_rt_additive=6
30624,viper,vpr-b,head,,
30625,viper,vpr-b,left_arm,,armorresist_la_additive=6
30626,viper,vpr-b,left_torso,,armorresist_lt_additive=6
30627,viper,vpr-b,centre_torso,,armorresist_ct_additive=5
30628,viper,vpr-b,right_torso,,armorresist_rt_additive=6
30629,viper,vpr-b,right_arm,,armorresist_ra_additive=6
30630,viper,vpr-b,left_leg,,armorresist_ll_additive=8
30631,viper,vpr-b,right_leg,,armorresist_rl_additive=8
,viper,vpr-b,set_bonus_8,,all_range_multiplier=0.1;armorresist_ct_additive=5
30632,viper,vpr-c,head,,
30633,viper,vpr-c,left_arm,,armorresist_la_additive=4
30634,viper,vpr-c,left_torso,,
30635,viper,vpr-c,centre_torso,,armorresist_ct_additive=2
30636,viper,vpr-c,right_torso,,
30637,viper,vpr-c,right_arm,,armorresist_ra_additive=4
30638,viper,vpr-c,left_leg,,armorresist_ll_additive=8
30639,viper,vpr-c,right_leg,,armorresist_rl_additive=8
,viper,vpr-c,set_bonus_8,,armorresist_ct_additive=2;armorresist_lt_additive=6;armorresist_rt_additive=6
30640,viper,vpr-d,head,,
30641,viper,vpr-d,left_arm,,armorresist_la_additive=6
30642,viper,vpr-d,left_torso,,armorresist_lt_additive=6
30643,viper,vpr-d,centre_torso,,armorresist_ct_additive=5
30644,viper,vpr-d,right_torso,,armorresist_rt_additive=6
30645,viper,vpr-d,right_arm,,armorresist_ra_additive=4
30646,viper,vpr-d,left_leg,,armorresist_ll_additive=8
30647,viper,vpr-d,right_leg,,armorresist_rl_additive=8
,viper,vpr-d,set_bonus_8,,armorresist_ct_additive=5
31401,viper,vpr-dilgd,head,,
31402,viper,vpr-dilgd,centre_torso,,armorresist_ct_additive=2
31403,viper,vpr-dilgd,left_torso,,
31404,viper,vpr-dilgd,left_arm,,armorresist_la_additive=10
31405,viper,vpr-dilgd,left_leg,,armorresist_ll_additive=8
31406,viper,vpr-dilgd,right_leg,,armorresist_rl_additive=8
31407,viper,vpr-dilgd,right_torso,,
31408,viper,vpr-dilgd,right_arm,,armorresist_ra_additive=10
,viper,vpr-dilgd,set_bonus_8,,missile_range_multiplier=0.1
,viper,vpr-dilgd,set_bonus_6,,missile_range_multiplier=0.2
31353,viper,vpr-f,head,,
31354,viper,vpr-f,centre_torso,,armorresist_ct_additive=2
31355,viper,vpr-f,left_torso,,armorresist_lt_additive=6
31356,viper,vpr-f,left_leg,,armorresist_ll_additive=8
31357,viper,vpr-f,right_torso,,armorresist_rt_additive=6
31358,viper,vpr-f,right_leg,,armorresist_rl_additive=8
31359,viper,vpr-f,right_arm,,
31360,viper,vpr-f,left_arm,,
,viper,vpr-f,set_bonus_8,,armorresist_ct_additive=2
30648,viper,vpr-m,head,,
30649,viper,vpr-m,left_arm,,
30650,viper,vpr-m,left_torso,,armorresist_lt_additive=4
30651,viper,vpr-m,centre_torso,,armorresist_ct_additive=5;mechtopspeed_multiplier=0.1
30652,viper,vpr-m,right_torso,,armorresist_rt_additive=8
30653,viper,vpr-m,right_arm,,
30654,viper,vpr-m,left_leg,,armorresist_ll_additive=8
30655,viper,vpr-m,right_leg,,armorresist_rl_additive=8
,viper,vpr-m,set_bonus_8,,armorresist_ct_additive=5;armorresist_la_additive=6;armorresist_ra_additive=6;laser_range_multiplier=0.1
30608,viper,vpr-prime,head,,
30609,viper,vpr-prime,left_arm,,armorresist_la_additive=4
30610,viper,vpr-prime,left_torso,,armorresist_lt_additive=8
30611,viper,vpr-prime,centre_torso,,all_range_multiplier=0.15;armorresist_ct_additive=5
30612,viper,vpr-prime,right_torso,,
30613,viper,vpr-prime,right_arm,,armorresist_ra_additive=4
30614,viper,vpr-prime,left_leg,,armorresist_ll_additive=8
30615,viper,vpr-prime,right_leg,,armorresist_rl_additive=8
,viper,vpr-prime,set_bonus_8,,armorresist_ct_additive=5;armorresist_rt_additive=8
30176,warhawk,whk-a,head,,
30177,warhawk,whk-a,left_arm,,armorresist_la_additive=21
30178,warhawk,whk-a,left_torso,,internalresist_lt_additive=18
30179,warhawk,whk-a,centre_torso,,internalresist_ct_additive=20
30180,warhawk,whk-a,right_torso,,internalresist_rt_additive=18
30181,warhawk,whk-a,right_arm,,armorresist_ra_additive=21
30182,warhawk,whk-a,left_leg,,armorresist_ll_additive=15
30183,warhawk,whk-a,right_leg,,armorresist_rl_additive=15
,warhawk,whk-a,set_bonus_8,,energy_range_multiplier=0.1
30184,warhawk,whk-b,head,,
30185,warhawk,whk-b,left_arm,,armorresist_la_additive=21
30186,warhawk,whk-b,left_torso,,internalresist_lt_additive=18
30187,warhawk,whk-b,centre_torso,,internalresist_ct_additive=15
30188,warhawk,whk-b,right_torso,,internalresist_rt_additive=18
30189,warhawk,whk-b,right_arm,,internalresist_ra_additive=21
30190,warhawk,whk-b,left_leg,,armorresist_ll_additive=15
30191,warhawk,whk-b,right_leg,,armorresist_rl_additive=15
30400,warhawk,whk-c,head,,
30401,warhawk,whk-c,left_arm,,internalresist_la_additive=21
30402,warhawk,whk-c,left_torso,,energy_range_multiplier=0.025;internalresist_lt_additive=18
30403,warhawk,whk-c,centre_torso,,internalresist_ct_additive=11
30404,warhawk,whk-c,right_torso,,energy_range_multiplier=0.025;internalresist_rt_additive=18
30405,warhawk,whk-c,right_arm,,internalresist_ra_additive=21
30406,warhawk,whk-c,left_leg,,armorresist_ll_additive=15
30407,warhawk,whk-c,right_leg,,armorresist_rl_additive=15
31441,warhawk,whk-k,head,,
31442,warhawk,whk-k,centre_torso,,internalresist_ct_additive=11
31443,warhawk,whk-k,left_arm,,internalresist_la_additive=21
31444,warhawk,whk-k,left_torso,,internalresist_lt_additive=18
31445,warhawk,whk-k,right_torso,,internalresist_rt_additive=18
31446,warhawk,whk-k,right_arm,,internalresist_ra_additive=21
31447,warhawk,whk-k,left_leg,,armorresist_ll_additive=15
31448,warhawk,whk-k,right_leg,,armorresist_rl_additive=15
30793,warhawk,whk-nq,head,,
30794,warhawk,whk-nq,left_arm,,internalresist_la_additive=21
30795,warhawk,whk-nq,left_torso,,internalresist_lt_additive=18
30796,warhawk,whk-nq,centre_torso,,internalresist_ct_additive=20
30797,warhawk,whk-nq,right_torso,,internalresist_rt_additive=18
30798,warhawk,whk-nq,right_arm,,internalresist_ra_additive=21
30799,warhawk,whk-nq,left_leg,,armorresist_ll_additive=15
30800,warhawk,whk-nq,right_leg,,armorresist_rl_additive=15
30168,warhawk,whk-prime,head,,
30169,warhawk,whk-prime,left_arm,,internalresist_la_additive=21
30170,warhawk,whk-prime,left_torso,,internalresist_lt_additive=18
30171,warhawk,whk-prime,centre_torso,,internalresist_ct_additive=20
30172,warhawk,whk-prime,right_torso,,internalresist_rt_additive=18
30173,warhawk,whk-prime,right_arm,,internalresist_ra_additive=21
30174,warhawk,whk-prime,left_leg,,armorresist_ll_additive=15
30175,warhawk,whk-prime,right_leg,,armorresist_rl_additive=15
